-- --------------------------------------------------------
-- Servidor:                     127.0.0.1
-- Versão do servidor:           5.5.30 - MySQL Community Server (GPL)
-- OS do Servidor:               Win64
-- HeidiSQL Versão:              10.1.0.5464
-- --------------------------------------------------------

/*!40101 SET @OLD_CHARACTER_SET_CLIENT=@@CHARACTER_SET_CLIENT */;
/*!40101 SET NAMES utf8 */;
/*!50503 SET NAMES utf8mb4 */;
/*!40014 SET @OLD_FOREIGN_KEY_CHECKS=@@FOREIGN_KEY_CHECKS, FOREIGN_KEY_CHECKS=0 */;
/*!40101 SET @OLD_SQL_MODE=@@SQL_MODE, SQL_MODE='NO_AUTO_VALUE_ON_ZERO' */;

-- Copiando estrutura para tabela sms.acesso_forms
DROP TABLE IF EXISTS `acesso_forms`;
CREATE TABLE IF NOT EXISTS `acesso_forms` (
  `CODFORM` int(11) NOT NULL AUTO_INCREMENT,
  `NOME` varchar(50) DEFAULT NULL,
  `NOMEMENU` varchar(50) DEFAULT NULL,
  `LOCAL` varchar(50) DEFAULT NULL,
  PRIMARY KEY (`CODFORM`)
) ENGINE=InnoDB AUTO_INCREMENT=25 DEFAULT CHARSET=latin1;

-- Copiando dados para a tabela sms.acesso_forms: ~24 rows (aproximadamente)
/*!40000 ALTER TABLE `acesso_forms` DISABLE KEYS */;
INSERT INTO `acesso_forms` (`CODFORM`, `NOME`, `NOMEMENU`, `LOCAL`) VALUES
	(1, 'Empresa', 'tdEmpresa', 'CADASTRO'),
	(2, 'Fornecedor', 'tdFornecedor', 'CADASTRO'),
	(3, 'Produtos', 'tdProdutos', 'CADASTRO'),
	(4, 'Grupo', 'tdGrupo', 'CADASTRO'),
	(5, 'Marcas', 'tdMarcas', 'CADASTRO'),
	(6, 'Entradas', 'tdEntrada', 'MOVIMENTO'),
	(7, 'Balanço', 'tdBalanco', 'MOVIMENTO'),
	(8, 'Saidas de Requisição', 'tdSaida', 'MOVIMENTO'),
	(9, 'Digitação de Requisição', 'tdPedidos', 'MOVIMENTO'),
	(10, 'Unidade', 'tdUnidade', 'CADASTRO'),
	(11, 'Usuário', 'tdUsuario', 'OPERACIONAL'),
	(12, 'Reset Senha', 'tdReset', 'OPERACIONAL'),
	(13, 'Acesso Usuário', 'tdAcesso', 'OPERACIONAL'),
	(14, 'Fechamento de  Estoque', 'tdFechaEstoque', 'OPERACIONAL'),
	(15, 'Balanço', 'tdBalanco', 'MOVIMENTO'),
	(16, 'Digitação de Oficio', 'tdDigitacaoOficio', 'MOVIMENTO'),
	(17, 'Saida de Oficio', 'tdSaidaOficio', 'MOVIMENTO'),
	(18, 'Autoriza Oficio', 'tdAutoriza', 'MOVIMENTO'),
	(19, 'Unidade de Medida', 'tdUnidadeMedida', 'CADASTRO'),
	(20, 'Departamento', 'tdDepartamento', 'CADASTRO'),
	(21, 'CFOP', 'tdCfop', 'CADASTRO'),
	(22, 'Consulta Estoque', 'tdConsEstoque', 'CONSULTA'),
	(23, 'Devolução', 'tdDevolve', 'MOVIMENTO'),
	(24, 'Autoriza Ajuste', 'tdAutorizaAjuste', 'MOVIMENTO');
/*!40000 ALTER TABLE `acesso_forms` ENABLE KEYS */;

-- Copiando estrutura para tabela sms.acesso_permisao
DROP TABLE IF EXISTS `acesso_permisao`;
CREATE TABLE IF NOT EXISTS `acesso_permisao` (
  `CODPERMISAO` int(11) NOT NULL AUTO_INCREMENT,
  `CODUSUARIO` int(11) DEFAULT NULL,
  `CODFORM` int(11) DEFAULT NULL,
  `ACESSAR` varchar(2) DEFAULT NULL,
  `GRAVAR` varchar(2) DEFAULT NULL,
  `EDITAR` varchar(2) DEFAULT NULL,
  `EXCLUIR` varchar(2) DEFAULT NULL,
  `IMPRIMIR` varchar(2) DEFAULT NULL,
  PRIMARY KEY (`CODPERMISAO`)
) ENGINE=InnoDB AUTO_INCREMENT=197 DEFAULT CHARSET=latin1;

-- Copiando dados para a tabela sms.acesso_permisao: ~89 rows (aproximadamente)
/*!40000 ALTER TABLE `acesso_permisao` DISABLE KEYS */;
INSERT INTO `acesso_permisao` (`CODPERMISAO`, `CODUSUARIO`, `CODFORM`, `ACESSAR`, `GRAVAR`, `EDITAR`, `EXCLUIR`, `IMPRIMIR`) VALUES
	(1, 1, 1, 'S', 'S', 'S', 'S', 'N'),
	(2, 1, 2, 'S', 'S', 'S', 'S', 'S'),
	(3, 1, 3, 'S', 'S', 'S', 'S', 'S'),
	(4, 1, 4, 'S', 'S', 'S', 'S', 'S'),
	(5, 1, 5, 'S', 'S', 'S', 'S', 'S'),
	(6, 1, 6, 'S', 'S', 'S', 'S', 'S'),
	(7, 1, 7, 'S', 'S', 'S', 'S', 'S'),
	(8, 1, 8, 'S', 'S', 'S', 'S', 'S'),
	(9, 1, 9, 'S', 'S', 'S', 'S', 'S'),
	(10, 1, 10, 'S', 'S', 'S', 'S', 'S'),
	(11, 1, 11, 'S', 'S', 'S', 'S', 'S'),
	(12, 1, 12, 'S', 'S', 'S', 'S', 'S'),
	(13, 1, 13, 'S', 'S', 'S', 'S', 'S'),
	(24, 1, 14, 'S', 'S', 'S', 'S', 'S'),
	(25, 1, 15, 'S', 'S', 'S', 'S', 'S'),
	(26, 1, 16, 'S', 'S', 'S', 'S', 'S'),
	(27, 1, 17, 'S', 'S', 'N', 'S', 'S'),
	(28, 1, 18, 'S', 'S', 'S', 'S', 'S'),
	(29, 1, 19, 'S', 'S', 'S', 'S', 'S'),
	(30, 1, 20, 'S', 'S', 'S', 'S', 'S'),
	(31, 1, 21, 'S', 'S', 'S', 'S', 'S'),
	(32, 1, 22, 'S', 'S', 'S', 'S', 'S'),
	(57, 10, 9, 'S', 'S', 'S', 'S', 'S'),
	(58, 10, 16, 'S', 'S', 'S', 'S', 'S'),
	(59, 11, 9, 'S', 'S', 'S', 'S', 'S'),
	(60, 11, 16, 'S', 'S', 'S', 'S', 'S'),
	(61, 12, 9, 'S', 'S', 'S', 'S', 'S'),
	(62, 12, 16, 'S', 'S', 'S', 'S', 'S'),
	(63, 13, 9, 'S', 'S', 'S', 'S', 'S'),
	(64, 13, 16, 'S', 'S', 'S', 'S', 'S'),
	(67, 15, 9, 'S', 'S', 'S', 'S', 'S'),
	(68, 15, 16, 'S', 'S', 'S', 'S', 'S'),
	(69, 16, 9, 'S', 'S', 'S', 'S', 'S'),
	(70, 16, 16, 'S', 'S', 'S', 'S', 'S'),
	(71, 17, 9, 'S', 'S', 'S', 'S', 'S'),
	(72, 17, 16, 'S', 'S', 'S', 'S', 'S'),
	(73, 19, 9, 'S', 'S', 'S', 'S', 'S'),
	(74, 19, 16, 'S', 'S', 'S', 'S', 'S'),
	(75, 20, 9, 'S', 'S', 'S', 'S', 'S'),
	(76, 20, 16, 'S', 'S', 'S', 'S', 'S'),
	(77, 22, 9, 'S', 'S', 'S', 'S', 'S'),
	(78, 22, 16, 'S', 'S', 'S', 'S', 'S'),
	(79, 23, 9, 'S', 'S', 'S', 'S', 'S'),
	(80, 23, 16, 'S', 'S', 'S', 'S', 'S'),
	(81, 24, 9, 'S', 'S', 'S', 'S', 'S'),
	(82, 24, 16, 'S', 'S', 'S', 'S', 'S'),
	(83, 25, 9, 'S', 'S', 'S', 'S', 'S'),
	(84, 26, 9, 'S', 'S', 'S', 'S', 'S'),
	(85, 26, 16, 'S', 'S', 'S', 'S', 'S'),
	(86, 27, 9, 'S', 'S', 'S', 'S', 'S'),
	(87, 28, 9, 'S', 'S', 'S', 'S', 'S'),
	(88, 28, 16, 'S', 'S', 'S', 'S', 'S'),
	(96, 1, 23, 'S', 'S', 'S', 'S', 'S'),
	(97, 29, 22, 'S', 'S', 'S', 'S', 'S'),
	(125, 7, 1, 'S', 'S', 'S', 'S', 'S'),
	(126, 7, 2, 'S', 'S', 'S', 'S', 'S'),
	(127, 7, 3, 'S', 'S', 'S', 'S', 'S'),
	(128, 7, 4, 'S', 'S', 'S', 'S', 'S'),
	(129, 7, 5, 'S', 'S', 'S', 'S', 'S'),
	(130, 7, 6, 'S', 'S', 'S', 'S', 'S'),
	(131, 7, 8, 'S', 'S', 'S', 'S', 'S'),
	(132, 7, 9, 'S', 'S', 'S', 'S', 'S'),
	(133, 7, 10, 'S', 'S', 'S', 'S', 'S'),
	(134, 7, 7, 'S', 'S', 'S', 'S', 'S'),
	(172, 8, 1, 'S', 'S', 'S', 'S', 'N'),
	(173, 8, 2, 'S', 'S', 'S', 'S', 'S'),
	(174, 8, 3, 'S', 'S', 'S', 'S', 'S'),
	(175, 8, 4, 'S', 'S', 'S', 'S', 'S'),
	(176, 8, 5, 'S', 'S', 'S', 'S', 'S'),
	(177, 8, 6, 'S', 'S', 'S', 'S', 'S'),
	(178, 8, 9, 'S', 'S', 'S', 'S', 'S'),
	(179, 8, 10, 'S', 'S', 'S', 'S', 'S'),
	(180, 8, 11, 'S', 'S', 'S', 'S', 'S'),
	(181, 8, 12, 'S', 'S', 'S', 'S', 'S'),
	(182, 8, 13, 'S', 'S', 'S', 'S', 'S'),
	(183, 8, 14, 'S', 'S', 'S', 'S', 'S'),
	(184, 8, 16, 'S', 'S', 'S', 'S', 'S'),
	(185, 8, 19, 'S', 'S', 'S', 'S', 'S'),
	(186, 8, 20, 'S', 'S', 'S', 'S', 'S'),
	(187, 8, 21, 'S', 'S', 'S', 'S', 'S'),
	(188, 8, 22, 'S', 'S', 'S', 'S', 'S'),
	(189, 8, 8, 'S', 'S', 'S', 'S', 'S'),
	(190, 8, 7, 'S', 'S', 'S', 'S', 'S'),
	(191, 8, 17, 'S', 'S', 'S', 'S', 'S'),
	(192, 9, 8, 'S', 'S', 'S', 'S', 'S'),
	(193, 9, 22, 'S', 'S', 'S', 'S', 'S'),
	(194, 9, 9, 'S', 'S', 'S', 'S', 'S'),
	(195, 9, 10, 'S', 'S', 'S', 'S', 'S'),
	(196, 1, 24, 'S', 'S', 'S', 'S', 'S');
/*!40000 ALTER TABLE `acesso_permisao` ENABLE KEYS */;

-- Copiando estrutura para tabela sms.ajuste_estoque
DROP TABLE IF EXISTS `ajuste_estoque`;
CREATE TABLE IF NOT EXISTS `ajuste_estoque` (
  `CODEMPRESA` int(11) DEFAULT NULL,
  `CODDEPARTAMENTO` int(11) DEFAULT NULL,
  `DATAAJUSTE` datetime DEFAULT NULL,
  `CODPRODUTO` int(11) DEFAULT NULL,
  `QUANTIDADE` float DEFAULT NULL,
  `MOTIVO` varchar(500) DEFAULT NULL,
  `RESPINCLUSAO` varchar(225) DEFAULT NULL,
  `DATAINCLUSAO` datetime DEFAULT NULL,
  `AUTORIZADO` varchar(2) DEFAULT 'N',
  `NOMEAUTORIZA` varchar(255) DEFAULT NULL,
  `DATAAUTORIZA` datetime DEFAULT NULL
) ENGINE=InnoDB DEFAULT CHARSET=latin1 ROW_FORMAT=COMPACT;

-- Copiando dados para a tabela sms.ajuste_estoque: ~0 rows (aproximadamente)
/*!40000 ALTER TABLE `ajuste_estoque` DISABLE KEYS */;
/*!40000 ALTER TABLE `ajuste_estoque` ENABLE KEYS */;

-- Copiando estrutura para tabela sms.ajuste_estoque_log
DROP TABLE IF EXISTS `ajuste_estoque_log`;
CREATE TABLE IF NOT EXISTS `ajuste_estoque_log` (
  `CODEMPRESA` int(11) DEFAULT NULL,
  `DATAAJUSTE` datetime DEFAULT NULL,
  `CODPRODUTO` int(11) DEFAULT NULL,
  `CODDEPARTAMENTO` int(11) DEFAULT NULL,
  `QUANTIDADEQUEESTAVA` int(11) DEFAULT NULL,
  `QUANTIDADEAJUSTADA` int(11) DEFAULT NULL,
  `MOTIVO` varchar(500) DEFAULT NULL,
  `ACAO` varchar(10) DEFAULT NULL,
  `RESPONSAVEL` varchar(225) DEFAULT NULL,
  `DATAINCLUSAO` datetime DEFAULT NULL
) ENGINE=InnoDB DEFAULT CHARSET=latin1 ROW_FORMAT=COMPACT;

-- Copiando dados para a tabela sms.ajuste_estoque_log: ~0 rows (aproximadamente)
/*!40000 ALTER TABLE `ajuste_estoque_log` DISABLE KEYS */;
/*!40000 ALTER TABLE `ajuste_estoque_log` ENABLE KEYS */;

-- Copiando estrutura para tabela sms.balanco
DROP TABLE IF EXISTS `balanco`;
CREATE TABLE IF NOT EXISTS `balanco` (
  `CODEMPRESA` int(11) DEFAULT NULL,
  `DATABALANCO` datetime DEFAULT NULL,
  `CODPRODUTO` int(11) DEFAULT NULL,
  `CODDEPARTAMENTO` int(11) DEFAULT NULL,
  `LOTE` varchar(50) DEFAULT NULL,
  `VALIDADE` datetime DEFAULT NULL,
  `QUANTIDADE` int(11) DEFAULT NULL,
  `RESPINCLUSAO` varchar(225) DEFAULT NULL,
  `DATAINCLUSAO` datetime DEFAULT NULL,
  `RESPALTERACAO` varchar(225) DEFAULT NULL,
  `DATAALTERACAO` datetime DEFAULT NULL
) ENGINE=InnoDB DEFAULT CHARSET=latin1;

-- Copiando dados para a tabela sms.balanco: ~433 rows (aproximadamente)
/*!40000 ALTER TABLE `balanco` DISABLE KEYS */;
INSERT INTO `balanco` (`CODEMPRESA`, `DATABALANCO`, `CODPRODUTO`, `CODDEPARTAMENTO`, `LOTE`, `VALIDADE`, `QUANTIDADE`, `RESPINCLUSAO`, `DATAINCLUSAO`, `RESPALTERACAO`, `DATAALTERACAO`) VALUES
	(1, '2020-02-10 00:00:00', 321, 3, NULL, NULL, 4, 'Renato Leandro', '2020-02-10 13:44:19', 'Renato Leandro', '2020-02-10 14:21:43'),
	(1, '2020-02-10 00:00:00', 322, 3, NULL, NULL, 44, 'Renato Leandro', '2020-02-10 13:44:19', 'Renato Leandro', '2020-02-10 14:21:43'),
	(1, '2020-02-10 00:00:00', 323, 3, NULL, NULL, 78, 'Renato Leandro', '2020-02-10 13:44:19', 'Renato Leandro', '2020-02-10 14:21:43'),
	(1, '2020-02-10 00:00:00', 324, 3, NULL, NULL, 70, 'Renato Leandro', '2020-02-10 13:44:19', 'Renato Leandro', '2020-02-10 14:21:43'),
	(1, '2020-02-10 00:00:00', 325, 3, NULL, NULL, 16, 'Renato Leandro', '2020-02-10 13:44:19', 'Renato Leandro', '2020-02-10 14:21:43'),
	(1, '2020-02-10 00:00:00', 326, 3, NULL, NULL, 6, 'Renato Leandro', '2020-02-10 13:44:19', 'Renato Leandro', '2020-02-10 14:21:43'),
	(1, '2020-02-10 00:00:00', 327, 3, NULL, NULL, 7, 'Renato Leandro', '2020-02-10 13:44:19', 'Renato Leandro', '2020-02-10 14:21:43'),
	(1, '2020-02-10 00:00:00', 328, 3, NULL, NULL, 5, 'Renato Leandro', '2020-02-10 13:44:19', 'Renato Leandro', '2020-02-10 14:21:43'),
	(1, '2020-02-10 00:00:00', 329, 3, NULL, NULL, 29, 'Renato Leandro', '2020-02-10 13:44:19', 'Renato Leandro', '2020-02-10 14:21:43'),
	(1, '2020-02-10 00:00:00', 330, 3, NULL, NULL, 23, 'Renato Leandro', '2020-02-10 13:44:19', 'Renato Leandro', '2020-02-10 14:21:43'),
	(1, '2020-02-10 00:00:00', 331, 3, NULL, NULL, 2, 'Renato Leandro', '2020-02-10 13:44:19', 'Renato Leandro', '2020-02-10 14:21:43'),
	(1, '2020-02-10 00:00:00', 332, 3, NULL, NULL, 8, 'Renato Leandro', '2020-02-10 13:44:19', 'Renato Leandro', '2020-02-10 14:21:43'),
	(1, '2020-02-10 00:00:00', 333, 3, NULL, NULL, 59, 'Renato Leandro', '2020-02-10 13:44:19', 'Renato Leandro', '2020-02-10 14:21:43'),
	(1, '2020-02-10 00:00:00', 335, 3, NULL, NULL, 12, 'Renato Leandro', '2020-02-10 13:44:19', 'Renato Leandro', '2020-02-10 14:21:43'),
	(1, '2020-02-10 00:00:00', 336, 3, NULL, NULL, 28, 'Renato Leandro', '2020-02-10 13:44:19', 'Renato Leandro', '2020-02-10 14:21:43'),
	(1, '2020-02-10 00:00:00', 337, 3, NULL, NULL, 4, 'Renato Leandro', '2020-02-10 13:44:19', 'Renato Leandro', '2020-02-10 14:21:43'),
	(1, '2020-02-10 00:00:00', 338, 3, NULL, NULL, 11, 'Renato Leandro', '2020-02-10 13:44:19', 'Renato Leandro', '2020-02-10 14:21:43'),
	(1, '2020-02-10 00:00:00', 339, 3, NULL, NULL, 17, 'Renato Leandro', '2020-02-10 13:44:19', 'Renato Leandro', '2020-02-10 14:21:43'),
	(1, '2020-02-10 00:00:00', 340, 3, NULL, NULL, 9, 'Renato Leandro', '2020-02-10 13:44:19', 'Renato Leandro', '2020-02-10 14:21:43'),
	(1, '2020-02-10 00:00:00', 341, 3, NULL, NULL, 11, 'Renato Leandro', '2020-02-10 13:44:19', 'Renato Leandro', '2020-02-10 14:21:43'),
	(1, '2020-02-10 00:00:00', 344, 3, NULL, NULL, 4, 'Renato Leandro', '2020-02-10 13:44:19', 'Renato Leandro', '2020-02-10 14:21:43'),
	(1, '2020-02-10 00:00:00', 345, 3, NULL, NULL, 71, 'Renato Leandro', '2020-02-10 13:44:19', 'Renato Leandro', '2020-02-10 14:21:43'),
	(1, '2020-02-10 00:00:00', 346, 3, NULL, NULL, 5, 'Renato Leandro', '2020-02-10 13:44:19', 'Renato Leandro', '2020-02-10 14:21:43'),
	(1, '2020-02-10 00:00:00', 347, 3, NULL, NULL, 9, 'Renato Leandro', '2020-02-10 13:44:19', 'Renato Leandro', '2020-02-10 14:21:43'),
	(1, '2020-02-10 00:00:00', 348, 3, NULL, NULL, 5, 'Renato Leandro', '2020-02-10 13:44:19', 'Renato Leandro', '2020-02-10 14:21:43'),
	(1, '2020-02-10 00:00:00', 349, 3, NULL, NULL, 17, 'Renato Leandro', '2020-02-10 13:44:19', 'Renato Leandro', '2020-02-10 14:21:43'),
	(1, '2020-02-10 00:00:00', 350, 3, NULL, NULL, 0, 'Renato Leandro', '2020-02-10 13:51:46', 'Renato Leandro', '2020-02-10 14:21:43'),
	(1, '2020-02-10 00:00:00', 351, 3, NULL, NULL, 0, 'Renato Leandro', '2020-02-10 13:51:46', 'Renato Leandro', '2020-02-10 14:21:43'),
	(1, '2020-02-10 00:00:00', 352, 3, NULL, NULL, 6, 'Renato Leandro', '2020-02-10 13:51:46', 'Renato Leandro', '2020-02-10 14:21:43'),
	(1, '2020-02-10 00:00:00', 353, 3, NULL, NULL, 6, 'Renato Leandro', '2020-02-10 13:51:46', 'Renato Leandro', '2020-02-10 14:21:43'),
	(1, '2020-02-10 00:00:00', 354, 3, NULL, NULL, 4, 'Renato Leandro', '2020-02-10 13:51:46', 'Renato Leandro', '2020-02-10 14:21:43'),
	(1, '2020-02-10 00:00:00', 355, 3, NULL, NULL, 0, 'Renato Leandro', '2020-02-10 13:51:46', 'Renato Leandro', '2020-02-10 14:21:43'),
	(1, '2020-02-10 00:00:00', 356, 3, NULL, NULL, 10, 'Renato Leandro', '2020-02-10 13:51:46', 'Renato Leandro', '2020-02-10 14:21:43'),
	(1, '2020-02-10 00:00:00', 357, 3, NULL, NULL, 48, 'Renato Leandro', '2020-02-10 13:51:46', 'Renato Leandro', '2020-02-10 14:21:43'),
	(1, '2020-02-10 00:00:00', 358, 3, NULL, NULL, 59, 'Renato Leandro', '2020-02-10 13:51:46', 'Renato Leandro', '2020-02-10 14:21:43'),
	(1, '2020-02-10 00:00:00', 359, 3, NULL, NULL, 68, 'Renato Leandro', '2020-02-10 13:51:46', 'Renato Leandro', '2020-02-10 14:21:43'),
	(1, '2020-02-10 00:00:00', 360, 3, NULL, NULL, 14, 'Renato Leandro', '2020-02-10 13:51:46', 'Renato Leandro', '2020-02-10 14:21:43'),
	(1, '2020-02-10 00:00:00', 362, 3, NULL, NULL, 0, 'Renato Leandro', '2020-02-10 13:51:46', 'Renato Leandro', '2020-02-10 14:21:43'),
	(1, '2020-02-10 00:00:00', 363, 3, NULL, NULL, 1, 'Renato Leandro', '2020-02-10 13:51:46', 'Renato Leandro', '2020-02-10 14:21:43'),
	(1, '2020-02-10 00:00:00', 365, 3, NULL, NULL, 1, 'Renato Leandro', '2020-02-10 13:51:46', 'Renato Leandro', '2020-02-10 14:21:43'),
	(1, '2020-02-10 00:00:00', 366, 3, NULL, NULL, 4, 'Renato Leandro', '2020-02-10 13:51:46', 'Renato Leandro', '2020-02-10 14:21:43'),
	(1, '2020-02-10 00:00:00', 367, 3, NULL, NULL, 20, 'Renato Leandro', '2020-02-10 13:51:46', 'Renato Leandro', '2020-02-10 14:21:43'),
	(1, '2020-02-10 00:00:00', 368, 3, NULL, NULL, 18, 'Renato Leandro', '2020-02-10 13:51:46', 'Renato Leandro', '2020-02-10 14:21:43'),
	(1, '2020-02-10 00:00:00', 372, 3, NULL, NULL, 1, 'Renato Leandro', '2020-02-10 13:51:46', 'Renato Leandro', '2020-02-10 14:21:43'),
	(1, '2020-02-10 00:00:00', 373, 3, NULL, NULL, 27, 'Renato Leandro', '2020-02-10 13:51:46', 'Renato Leandro', '2020-02-10 14:21:43'),
	(1, '2020-02-10 00:00:00', 374, 3, NULL, NULL, 14, 'Renato Leandro', '2020-02-10 13:51:46', 'Renato Leandro', '2020-02-10 14:21:43'),
	(1, '2020-02-10 00:00:00', 375, 3, NULL, NULL, 9, 'Renato Leandro', '2020-02-10 13:51:46', 'Renato Leandro', '2020-02-10 14:21:43'),
	(1, '2020-02-10 00:00:00', 376, 3, NULL, NULL, 9, 'Renato Leandro', '2020-02-10 13:51:46', 'Renato Leandro', '2020-02-10 14:21:43'),
	(1, '2020-02-10 00:00:00', 378, 3, NULL, NULL, 12, 'Renato Leandro', '2020-02-10 13:51:46', 'Renato Leandro', '2020-02-10 14:21:43'),
	(1, '2020-02-10 00:00:00', 379, 3, NULL, NULL, 5, 'Renato Leandro', '2020-02-10 13:51:46', 'Renato Leandro', '2020-02-10 14:21:43'),
	(1, '2020-02-10 00:00:00', 380, 3, NULL, NULL, 11, 'Renato Leandro', '2020-02-10 13:51:46', 'Renato Leandro', '2020-02-10 14:21:43'),
	(1, '2020-02-10 00:00:00', 381, 3, NULL, NULL, 38, 'Renato Leandro', '2020-02-10 13:51:46', 'Renato Leandro', '2020-02-10 14:21:43'),
	(1, '2020-02-10 00:00:00', 382, 3, NULL, NULL, 19, 'Renato Leandro', '2020-02-10 13:51:46', 'Renato Leandro', '2020-02-10 14:21:43'),
	(1, '2020-02-10 00:00:00', 383, 3, NULL, NULL, 5, 'Renato Leandro', '2020-02-10 13:51:46', 'Renato Leandro', '2020-02-10 14:21:43'),
	(1, '2020-02-10 00:00:00', 384, 3, NULL, NULL, 7, 'Renato Leandro', '2020-02-10 13:51:46', 'Renato Leandro', '2020-02-10 14:21:43'),
	(1, '2020-02-10 00:00:00', 385, 3, NULL, NULL, 5, 'Renato Leandro', '2020-02-10 13:51:46', 'Renato Leandro', '2020-02-10 14:21:43'),
	(1, '2020-02-10 00:00:00', 386, 3, NULL, NULL, 4, 'Renato Leandro', '2020-02-10 13:51:46', 'Renato Leandro', '2020-02-10 14:21:43'),
	(1, '2020-02-10 00:00:00', 387, 3, NULL, NULL, 0, 'Renato Leandro', '2020-02-10 13:51:46', 'Renato Leandro', '2020-02-10 14:21:43'),
	(1, '2020-02-10 00:00:00', 377, 3, NULL, NULL, 111, 'Renato Leandro', '2020-02-10 13:51:46', 'Renato Leandro', '2020-02-10 14:21:43'),
	(1, '2020-02-10 00:00:00', 388, 3, NULL, NULL, 0, 'Renato Leandro', '2020-02-10 13:51:46', 'Renato Leandro', '2020-02-10 14:21:43'),
	(1, '2020-02-10 00:00:00', 389, 3, NULL, NULL, 0, 'Renato Leandro', '2020-02-10 13:51:46', 'Renato Leandro', '2020-02-10 14:21:43'),
	(1, '2020-02-10 00:00:00', 390, 3, NULL, NULL, 6, 'Renato Leandro', '2020-02-10 13:51:46', 'Renato Leandro', '2020-02-10 14:21:43'),
	(1, '2020-02-10 00:00:00', 391, 3, NULL, NULL, 0, 'Renato Leandro', '2020-02-10 13:51:46', 'Renato Leandro', '2020-02-10 14:21:43'),
	(1, '2020-02-10 00:00:00', 392, 3, NULL, NULL, 0, 'Renato Leandro', '2020-02-10 13:51:46', 'Renato Leandro', '2020-02-10 14:21:43'),
	(1, '2020-02-10 00:00:00', 393, 3, NULL, NULL, 0, 'Renato Leandro', '2020-02-10 13:51:46', 'Renato Leandro', '2020-02-10 14:21:43'),
	(1, '2020-02-10 00:00:00', 394, 3, NULL, NULL, 0, 'Renato Leandro', '2020-02-10 13:59:25', 'Renato Leandro', '2020-02-10 14:21:43'),
	(1, '2020-02-10 00:00:00', 395, 3, NULL, NULL, 2, 'Renato Leandro', '2020-02-10 13:59:25', 'Renato Leandro', '2020-02-10 14:21:43'),
	(1, '2020-02-10 00:00:00', 396, 3, NULL, NULL, 0, 'Renato Leandro', '2020-02-10 13:59:25', 'Renato Leandro', '2020-02-10 14:21:43'),
	(1, '2020-02-10 00:00:00', 397, 3, NULL, NULL, 1, 'Renato Leandro', '2020-02-10 13:59:25', 'Renato Leandro', '2020-02-10 14:21:43'),
	(1, '2020-02-10 00:00:00', 398, 3, NULL, NULL, 1, 'Renato Leandro', '2020-02-10 13:59:25', 'Renato Leandro', '2020-02-10 14:21:43'),
	(1, '2020-02-10 00:00:00', 399, 3, NULL, NULL, 0, 'Renato Leandro', '2020-02-10 13:59:25', 'Renato Leandro', '2020-02-10 14:21:43'),
	(1, '2020-02-10 00:00:00', 400, 3, NULL, NULL, 0, 'Renato Leandro', '2020-02-10 13:59:25', 'Renato Leandro', '2020-02-10 14:21:43'),
	(1, '2020-02-10 00:00:00', 401, 3, NULL, NULL, 1, 'Renato Leandro', '2020-02-10 13:59:25', 'Renato Leandro', '2020-02-10 14:21:43'),
	(1, '2020-02-10 00:00:00', 402, 3, NULL, NULL, 1, 'Renato Leandro', '2020-02-10 13:59:25', 'Renato Leandro', '2020-02-10 14:21:43'),
	(1, '2020-02-10 00:00:00', 403, 3, NULL, NULL, 0, 'Renato Leandro', '2020-02-10 13:59:25', 'Renato Leandro', '2020-02-10 14:21:43'),
	(1, '2020-02-10 00:00:00', 404, 3, NULL, NULL, 2, 'Renato Leandro', '2020-02-10 13:59:25', 'Renato Leandro', '2020-02-10 14:21:43'),
	(1, '2020-02-10 00:00:00', 405, 3, NULL, NULL, 0, 'Renato Leandro', '2020-02-10 13:59:25', 'Renato Leandro', '2020-02-10 14:21:43'),
	(1, '2020-02-10 00:00:00', 406, 3, NULL, NULL, 1, 'Renato Leandro', '2020-02-10 13:59:25', 'Renato Leandro', '2020-02-10 14:21:43'),
	(1, '2020-02-10 00:00:00', 408, 3, NULL, NULL, 1, 'Renato Leandro', '2020-02-10 13:59:25', 'Renato Leandro', '2020-02-10 14:21:43'),
	(1, '2020-02-10 00:00:00', 410, 3, NULL, NULL, 4, 'Renato Leandro', '2020-02-10 13:59:25', 'Renato Leandro', '2020-02-10 14:21:43'),
	(1, '2020-02-10 00:00:00', 409, 3, NULL, NULL, 5, 'Renato Leandro', '2020-02-10 13:59:25', 'Renato Leandro', '2020-02-10 14:21:43'),
	(1, '2020-02-10 00:00:00', 411, 3, NULL, NULL, 2, 'Renato Leandro', '2020-02-10 13:59:25', 'Renato Leandro', '2020-02-10 14:21:43'),
	(1, '2020-02-10 00:00:00', 412, 3, NULL, NULL, 1, 'Renato Leandro', '2020-02-10 13:59:25', 'Renato Leandro', '2020-02-10 14:21:43'),
	(1, '2020-02-10 00:00:00', 413, 3, NULL, NULL, 0, 'Renato Leandro', '2020-02-10 13:59:25', 'Renato Leandro', '2020-02-10 14:21:43'),
	(1, '2020-02-10 00:00:00', 414, 3, NULL, NULL, 40, 'Renato Leandro', '2020-02-10 13:59:25', 'Renato Leandro', '2020-02-10 14:21:43'),
	(1, '2020-02-10 00:00:00', 415, 3, NULL, NULL, 1, 'Renato Leandro', '2020-02-10 13:59:25', 'Renato Leandro', '2020-02-10 14:21:43'),
	(1, '2020-02-10 00:00:00', 416, 3, NULL, NULL, 58, 'Renato Leandro', '2020-02-10 13:59:25', 'Renato Leandro', '2020-02-10 14:21:43'),
	(1, '2020-02-10 00:00:00', 417, 3, NULL, NULL, 4, 'Renato Leandro', '2020-02-10 13:59:25', 'Renato Leandro', '2020-02-10 14:21:43'),
	(1, '2020-02-10 00:00:00', 418, 3, NULL, NULL, 0, 'Renato Leandro', '2020-02-10 13:59:25', 'Renato Leandro', '2020-02-10 14:21:43'),
	(1, '2020-02-10 00:00:00', 419, 3, NULL, NULL, 40, 'Renato Leandro', '2020-02-10 13:59:25', 'Renato Leandro', '2020-02-10 14:21:43'),
	(1, '2020-02-10 00:00:00', 420, 3, NULL, NULL, 40, 'Renato Leandro', '2020-02-10 13:59:25', 'Renato Leandro', '2020-02-10 14:21:43'),
	(1, '2020-02-10 00:00:00', 421, 3, NULL, NULL, 10, 'Renato Leandro', '2020-02-10 13:59:25', 'Renato Leandro', '2020-02-10 14:21:43'),
	(1, '2020-02-10 00:00:00', 422, 3, NULL, NULL, 27, 'Renato Leandro', '2020-02-10 13:59:25', 'Renato Leandro', '2020-02-10 14:21:43'),
	(1, '2020-02-10 00:00:00', 423, 3, NULL, NULL, 0, 'Renato Leandro', '2020-02-10 13:59:25', 'Renato Leandro', '2020-02-10 14:21:43'),
	(1, '2020-02-10 00:00:00', 424, 3, NULL, NULL, 8, 'Renato Leandro', '2020-02-10 13:59:25', 'Renato Leandro', '2020-02-10 14:21:43'),
	(1, '2020-02-10 00:00:00', 425, 3, NULL, NULL, 5, 'Renato Leandro', '2020-02-10 13:59:25', 'Renato Leandro', '2020-02-10 14:21:43'),
	(1, '2020-02-10 00:00:00', 426, 3, NULL, NULL, 21, 'Renato Leandro', '2020-02-10 13:59:25', 'Renato Leandro', '2020-02-10 14:21:43'),
	(1, '2020-02-10 00:00:00', 427, 3, NULL, NULL, 69, 'Renato Leandro', '2020-02-10 13:59:25', 'Renato Leandro', '2020-02-10 14:21:43'),
	(1, '2020-02-10 00:00:00', 428, 3, NULL, NULL, 58, 'Renato Leandro', '2020-02-10 13:59:25', 'Renato Leandro', '2020-02-10 14:21:43'),
	(1, '2020-02-10 00:00:00', 429, 3, NULL, NULL, 0, 'Renato Leandro', '2020-02-10 13:59:25', 'Renato Leandro', '2020-02-10 14:21:43'),
	(1, '2020-02-10 00:00:00', 431, 3, NULL, NULL, 25, 'Renato Leandro', '2020-02-10 13:59:25', 'Renato Leandro', '2020-02-10 14:21:43'),
	(1, '2020-02-10 00:00:00', 432, 3, NULL, NULL, 9, 'Renato Leandro', '2020-02-10 13:59:25', 'Renato Leandro', '2020-02-10 14:21:43'),
	(1, '2020-02-10 00:00:00', 522, 3, NULL, NULL, 0, 'Renato Leandro', '2020-02-10 13:59:25', 'Renato Leandro', '2020-02-10 14:21:43'),
	(1, '2020-02-10 00:00:00', 523, 3, NULL, NULL, 6, 'Renato Leandro', '2020-02-10 13:59:25', 'Renato Leandro', '2020-02-10 14:21:43'),
	(1, '2020-02-10 00:00:00', 524, 3, NULL, NULL, 8, 'Renato Leandro', '2020-02-10 13:59:25', 'Renato Leandro', '2020-02-10 14:21:43'),
	(1, '2020-02-10 00:00:00', 525, 3, NULL, NULL, 0, 'Renato Leandro', '2020-02-10 13:59:25', 'Renato Leandro', '2020-02-10 14:21:43'),
	(1, '2020-02-10 00:00:00', 526, 3, NULL, NULL, 2, 'Renato Leandro', '2020-02-10 13:59:25', 'Renato Leandro', '2020-02-10 14:21:43'),
	(1, '2020-02-10 00:00:00', 527, 3, NULL, NULL, 8, 'Renato Leandro', '2020-02-10 13:59:25', 'Renato Leandro', '2020-02-10 14:21:43'),
	(1, '2020-02-10 00:00:00', 439, 3, NULL, NULL, 0, 'Renato Leandro', '2020-02-10 13:59:25', 'Renato Leandro', '2020-02-10 14:21:43'),
	(1, '2020-02-10 00:00:00', 440, 3, NULL, NULL, 5, 'Renato Leandro', '2020-02-10 13:59:25', 'Renato Leandro', '2020-02-10 14:21:43'),
	(1, '2020-02-10 00:00:00', 441, 3, NULL, NULL, 2, 'Renato Leandro', '2020-02-10 13:59:25', 'Renato Leandro', '2020-02-10 14:21:43'),
	(1, '2020-02-10 00:00:00', 442, 3, NULL, NULL, 0, 'Renato Leandro', '2020-02-10 13:59:25', 'Renato Leandro', '2020-02-10 14:21:43'),
	(1, '2020-02-10 00:00:00', 443, 3, NULL, NULL, 1, 'Renato Leandro', '2020-02-10 13:59:25', 'Renato Leandro', '2020-02-10 14:21:43'),
	(1, '2020-02-10 00:00:00', 444, 3, NULL, NULL, 7, 'Renato Leandro', '2020-02-10 13:59:25', 'Renato Leandro', '2020-02-10 14:21:43'),
	(1, '2020-02-10 00:00:00', 445, 3, NULL, NULL, 0, 'Renato Leandro', '2020-02-10 14:21:43', NULL, NULL),
	(1, '2020-02-10 00:00:00', 446, 3, NULL, NULL, 3, 'Renato Leandro', '2020-02-10 14:21:43', NULL, NULL),
	(1, '2020-02-10 00:00:00', 447, 3, NULL, NULL, 0, 'Renato Leandro', '2020-02-10 14:21:43', NULL, NULL),
	(1, '2020-02-10 00:00:00', 448, 3, NULL, NULL, 0, 'Renato Leandro', '2020-02-10 14:21:43', NULL, NULL),
	(1, '2020-02-10 00:00:00', 449, 3, NULL, NULL, 2, 'Renato Leandro', '2020-02-10 14:21:43', NULL, NULL),
	(1, '2020-02-10 00:00:00', 450, 3, NULL, NULL, 82, 'Renato Leandro', '2020-02-10 14:21:43', NULL, NULL),
	(1, '2020-02-10 00:00:00', 451, 3, NULL, NULL, 0, 'Renato Leandro', '2020-02-10 14:21:43', NULL, NULL),
	(1, '2020-02-10 00:00:00', 452, 3, NULL, NULL, 0, 'Renato Leandro', '2020-02-10 14:21:43', NULL, NULL),
	(1, '2020-02-10 00:00:00', 453, 3, NULL, NULL, 4, 'Renato Leandro', '2020-02-10 14:21:43', NULL, NULL),
	(1, '2020-02-10 00:00:00', 454, 3, NULL, NULL, 20, 'Renato Leandro', '2020-02-10 14:21:43', NULL, NULL),
	(1, '2020-02-10 00:00:00', 455, 3, NULL, NULL, 1, 'Renato Leandro', '2020-02-10 14:21:43', NULL, NULL),
	(1, '2020-02-10 00:00:00', 458, 3, NULL, NULL, 1, 'Renato Leandro', '2020-02-10 14:21:43', NULL, NULL),
	(1, '2020-02-10 00:00:00', 459, 3, NULL, NULL, 14, 'Renato Leandro', '2020-02-10 14:21:43', NULL, NULL),
	(1, '2020-02-10 00:00:00', 460, 3, NULL, NULL, 27, 'Renato Leandro', '2020-02-10 14:21:43', NULL, NULL),
	(1, '2020-02-10 00:00:00', 461, 3, NULL, NULL, 29, 'Renato Leandro', '2020-02-10 14:21:43', NULL, NULL),
	(1, '2020-02-10 00:00:00', 462, 3, NULL, NULL, 48, 'Renato Leandro', '2020-02-10 14:21:43', NULL, NULL),
	(1, '2020-02-10 00:00:00', 463, 3, NULL, NULL, 64, 'Renato Leandro', '2020-02-10 14:21:43', NULL, NULL),
	(1, '2020-02-10 00:00:00', 464, 3, NULL, NULL, 18, 'Renato Leandro', '2020-02-10 14:21:43', NULL, NULL),
	(1, '2020-02-10 00:00:00', 465, 3, NULL, NULL, 8, 'Renato Leandro', '2020-02-10 14:21:43', NULL, NULL),
	(1, '2020-02-10 00:00:00', 466, 3, NULL, NULL, 0, 'Renato Leandro', '2020-02-10 14:21:43', NULL, NULL),
	(1, '2020-02-10 00:00:00', 467, 3, NULL, NULL, 0, 'Renato Leandro', '2020-02-10 14:21:43', NULL, NULL),
	(1, '2020-02-10 00:00:00', 468, 3, NULL, NULL, 0, 'Renato Leandro', '2020-02-10 14:21:43', NULL, NULL),
	(1, '2020-02-10 00:00:00', 469, 3, NULL, NULL, 19, 'Renato Leandro', '2020-02-10 14:21:43', NULL, NULL),
	(1, '2020-02-10 00:00:00', 470, 3, NULL, NULL, 158, 'Renato Leandro', '2020-02-10 14:21:43', NULL, NULL),
	(1, '2020-02-10 00:00:00', 471, 3, NULL, NULL, 92, 'Renato Leandro', '2020-02-10 14:21:43', NULL, NULL),
	(1, '2020-02-10 00:00:00', 472, 3, NULL, NULL, 36, 'Renato Leandro', '2020-02-10 14:21:43', NULL, NULL),
	(1, '2020-02-10 00:00:00', 473, 3, NULL, NULL, 69, 'Renato Leandro', '2020-02-10 14:21:43', NULL, NULL),
	(1, '2020-02-10 00:00:00', 474, 3, NULL, NULL, 7, 'Renato Leandro', '2020-02-10 14:21:43', NULL, NULL),
	(1, '2020-02-10 00:00:00', 475, 3, NULL, NULL, 18, 'Renato Leandro', '2020-02-10 14:21:43', NULL, NULL),
	(1, '2020-02-10 00:00:00', 476, 3, NULL, NULL, 55, 'Renato Leandro', '2020-02-10 14:21:43', NULL, NULL),
	(1, '2020-02-10 00:00:00', 477, 3, NULL, NULL, 27, 'Renato Leandro', '2020-02-10 14:21:43', NULL, NULL),
	(1, '2020-02-10 00:00:00', 478, 3, NULL, NULL, 24, 'Renato Leandro', '2020-02-10 14:21:43', NULL, NULL),
	(1, '2020-02-10 00:00:00', 479, 3, NULL, NULL, 19, 'Renato Leandro', '2020-02-10 14:21:43', NULL, NULL),
	(1, '2020-02-10 00:00:00', 480, 3, NULL, NULL, 0, 'Renato Leandro', '2020-02-10 14:21:43', NULL, NULL),
	(1, '2020-02-10 00:00:00', 481, 3, NULL, NULL, 0, 'Renato Leandro', '2020-02-10 14:21:43', NULL, NULL),
	(1, '2020-02-10 00:00:00', 486, 3, NULL, NULL, 47, 'Renato Leandro', '2020-02-10 14:21:43', NULL, NULL),
	(1, '2020-02-10 00:00:00', 487, 3, NULL, NULL, 52, 'Renato Leandro', '2020-02-10 14:21:43', NULL, NULL),
	(1, '2020-02-10 00:00:00', 488, 3, NULL, NULL, 23, 'Renato Leandro', '2020-02-10 14:21:43', NULL, NULL),
	(1, '2020-02-10 00:00:00', 489, 3, NULL, NULL, 0, 'Renato Leandro', '2020-02-10 14:21:43', NULL, NULL),
	(1, '2020-02-10 00:00:00', 490, 3, NULL, NULL, 0, 'Renato Leandro', '2020-02-10 14:21:43', NULL, NULL),
	(1, '2020-02-10 00:00:00', 491, 3, NULL, NULL, 0, 'Renato Leandro', '2020-02-10 14:21:43', NULL, NULL),
	(1, '2020-02-10 00:00:00', 494, 3, NULL, NULL, 2, 'Renato Leandro', '2020-02-10 14:21:43', NULL, NULL),
	(1, '2020-02-10 00:00:00', 495, 3, NULL, NULL, 0, 'Renato Leandro', '2020-02-10 14:21:43', NULL, NULL),
	(1, '2020-02-10 00:00:00', 496, 3, NULL, NULL, 4, 'Renato Leandro', '2020-02-10 14:21:43', NULL, NULL),
	(1, '2020-02-10 00:00:00', 497, 3, NULL, NULL, 2, 'Renato Leandro', '2020-02-10 14:21:43', NULL, NULL),
	(1, '2020-02-10 00:00:00', 498, 3, NULL, NULL, 0, 'Renato Leandro', '2020-02-10 14:21:43', NULL, NULL),
	(1, '2020-02-10 00:00:00', 499, 3, NULL, NULL, 0, 'Renato Leandro', '2020-02-10 14:21:43', NULL, NULL),
	(1, '2020-02-10 00:00:00', 500, 3, NULL, NULL, 0, 'Renato Leandro', '2020-02-10 14:21:43', NULL, NULL),
	(1, '2020-02-10 00:00:00', 501, 3, NULL, NULL, 0, 'Renato Leandro', '2020-02-10 14:21:43', NULL, NULL),
	(1, '2020-02-10 00:00:00', 509, 3, NULL, NULL, 0, 'Renato Leandro', '2020-02-10 14:21:43', NULL, NULL),
	(1, '2020-02-10 00:00:00', 510, 3, NULL, NULL, 8, 'Renato Leandro', '2020-02-10 14:21:43', NULL, NULL),
	(1, '2020-02-10 00:00:00', 511, 3, NULL, NULL, 6, 'Renato Leandro', '2020-02-10 14:21:43', NULL, NULL),
	(1, '2020-02-10 00:00:00', 512, 3, NULL, NULL, 0, 'Renato Leandro', '2020-02-10 14:21:43', NULL, NULL),
	(1, '2020-02-10 00:00:00', 513, 3, NULL, NULL, 19, 'Renato Leandro', '2020-02-10 14:21:43', NULL, NULL),
	(1, '2020-02-10 00:00:00', 521, 3, NULL, NULL, 0, 'Renato Leandro', '2020-02-10 14:21:43', NULL, NULL),
	(1, '2020-02-10 00:00:00', 514, 3, NULL, NULL, 0, 'Renato Leandro', '2020-02-10 14:21:43', NULL, NULL),
	(1, '2020-02-10 00:00:00', 515, 3, NULL, NULL, 1, 'Renato Leandro', '2020-02-10 14:21:43', NULL, NULL),
	(1, '2020-02-10 00:00:00', 516, 3, NULL, NULL, 3, 'Renato Leandro', '2020-02-10 14:21:43', NULL, NULL),
	(1, '2020-02-10 00:00:00', 518, 3, NULL, NULL, 15, 'Renato Leandro', '2020-02-10 14:21:43', NULL, NULL),
	(1, '2020-02-10 00:00:00', 519, 3, NULL, NULL, 13, 'Renato Leandro', '2020-02-10 14:21:43', NULL, NULL),
	(1, '2020-02-10 00:00:00', 520, 3, NULL, NULL, 0, 'Renato Leandro', '2020-02-10 14:21:43', NULL, NULL),
	(1, '2020-02-17 00:00:00', 534, 3, NULL, NULL, 7, 'Renato Leandro', '0000-00-00 00:00:00', 'Renato Leandro', '0000-00-00 00:00:00'),
	(1, '2020-02-17 00:00:00', 535, 3, NULL, NULL, 17, 'Renato Leandro', '0000-00-00 00:00:00', 'Renato Leandro', '0000-00-00 00:00:00'),
	(1, '2020-02-17 00:00:00', 536, 3, NULL, NULL, 23, 'Renato Leandro', '0000-00-00 00:00:00', 'Renato Leandro', '0000-00-00 00:00:00'),
	(1, '2020-02-17 00:00:00', 537, 3, NULL, NULL, 1, 'Renato Leandro', '0000-00-00 00:00:00', 'Renato Leandro', '0000-00-00 00:00:00'),
	(1, '2020-02-17 00:00:00', 538, 3, NULL, NULL, 18, 'Renato Leandro', '0000-00-00 00:00:00', 'Renato Leandro', '0000-00-00 00:00:00'),
	(1, '2020-02-17 00:00:00', 539, 3, NULL, NULL, 43, 'Renato Leandro', '0000-00-00 00:00:00', 'Renato Leandro', '0000-00-00 00:00:00'),
	(1, '2020-02-17 00:00:00', 540, 3, NULL, NULL, 5, 'Renato Leandro', '0000-00-00 00:00:00', 'Renato Leandro', '0000-00-00 00:00:00'),
	(1, '2020-02-17 00:00:00', 541, 3, NULL, NULL, 5, 'Renato Leandro', '0000-00-00 00:00:00', 'Renato Leandro', '0000-00-00 00:00:00'),
	(1, '2020-02-17 00:00:00', 542, 3, NULL, NULL, 1, 'Renato Leandro', '0000-00-00 00:00:00', 'Renato Leandro', '0000-00-00 00:00:00'),
	(1, '2020-02-17 00:00:00', 543, 3, NULL, NULL, 31, 'Renato Leandro', '0000-00-00 00:00:00', 'Renato Leandro', '0000-00-00 00:00:00'),
	(1, '2020-02-17 00:00:00', 544, 3, NULL, NULL, 4, 'Renato Leandro', '0000-00-00 00:00:00', 'Renato Leandro', '0000-00-00 00:00:00'),
	(1, '2020-02-17 00:00:00', 545, 3, NULL, NULL, 62, 'Renato Leandro', '0000-00-00 00:00:00', 'Renato Leandro', '0000-00-00 00:00:00'),
	(1, '2020-02-17 00:00:00', 546, 3, NULL, NULL, 8, 'Renato Leandro', '0000-00-00 00:00:00', 'Renato Leandro', '0000-00-00 00:00:00'),
	(1, '2020-02-17 00:00:00', 547, 3, NULL, NULL, 5, 'Renato Leandro', '0000-00-00 00:00:00', 'Renato Leandro', '0000-00-00 00:00:00'),
	(1, '2020-02-17 00:00:00', 548, 3, NULL, NULL, 5, 'Renato Leandro', '0000-00-00 00:00:00', 'Renato Leandro', '0000-00-00 00:00:00'),
	(1, '2020-02-17 00:00:00', 549, 3, NULL, NULL, 7, 'Renato Leandro', '0000-00-00 00:00:00', 'Renato Leandro', '0000-00-00 00:00:00'),
	(1, '2020-02-17 00:00:00', 550, 3, NULL, NULL, 7, 'Renato Leandro', '0000-00-00 00:00:00', 'Renato Leandro', '0000-00-00 00:00:00'),
	(1, '2020-02-17 00:00:00', 551, 3, NULL, NULL, 1, 'Renato Leandro', '0000-00-00 00:00:00', 'Renato Leandro', '0000-00-00 00:00:00'),
	(1, '2020-02-17 00:00:00', 552, 3, NULL, NULL, 18, 'Renato Leandro', '0000-00-00 00:00:00', 'Renato Leandro', '0000-00-00 00:00:00'),
	(1, '2020-02-17 00:00:00', 553, 3, NULL, NULL, 15, 'Renato Leandro', '0000-00-00 00:00:00', 'Renato Leandro', '0000-00-00 00:00:00'),
	(1, '2020-02-17 00:00:00', 554, 3, NULL, NULL, 5, 'Renato Leandro', '0000-00-00 00:00:00', 'Renato Leandro', '0000-00-00 00:00:00'),
	(1, '2020-02-17 00:00:00', 555, 3, NULL, NULL, 10, 'Renato Leandro', '0000-00-00 00:00:00', 'Renato Leandro', '0000-00-00 00:00:00'),
	(1, '2020-02-17 00:00:00', 556, 3, NULL, NULL, 14, 'Renato Leandro', '0000-00-00 00:00:00', 'Renato Leandro', '0000-00-00 00:00:00'),
	(1, '2020-02-17 00:00:00', 557, 3, NULL, NULL, 2, 'Renato Leandro', '0000-00-00 00:00:00', 'Renato Leandro', '0000-00-00 00:00:00'),
	(1, '2020-02-17 00:00:00', 558, 3, NULL, NULL, 1, 'Renato Leandro', '0000-00-00 00:00:00', 'Renato Leandro', '0000-00-00 00:00:00'),
	(1, '2020-02-17 00:00:00', 559, 3, NULL, NULL, 2, 'Renato Leandro', '0000-00-00 00:00:00', 'Renato Leandro', '0000-00-00 00:00:00'),
	(1, '2020-02-17 00:00:00', 560, 3, NULL, NULL, 8, 'Renato Leandro', '0000-00-00 00:00:00', 'Renato Leandro', '0000-00-00 00:00:00'),
	(1, '2020-02-17 00:00:00', 561, 3, NULL, NULL, 1, 'Renato Leandro', '0000-00-00 00:00:00', 'Renato Leandro', '0000-00-00 00:00:00'),
	(1, '2020-02-17 00:00:00', 562, 3, NULL, NULL, 1, 'Renato Leandro', '0000-00-00 00:00:00', 'Renato Leandro', '0000-00-00 00:00:00'),
	(1, '2020-02-17 00:00:00', 563, 3, NULL, NULL, 20, 'Renato Leandro', '0000-00-00 00:00:00', 'Renato Leandro', '0000-00-00 00:00:00'),
	(1, '2020-02-17 00:00:00', 564, 3, NULL, NULL, 12, 'Renato Leandro', '0000-00-00 00:00:00', 'Renato Leandro', '0000-00-00 00:00:00'),
	(1, '2020-02-17 00:00:00', 565, 3, NULL, NULL, 1, 'Renato Leandro', '0000-00-00 00:00:00', 'Renato Leandro', '0000-00-00 00:00:00'),
	(1, '2020-02-17 00:00:00', 566, 3, NULL, NULL, 44, 'Renato Leandro', '0000-00-00 00:00:00', 'Renato Leandro', '0000-00-00 00:00:00'),
	(1, '2020-02-17 00:00:00', 567, 3, NULL, NULL, 3, 'Renato Leandro', '0000-00-00 00:00:00', 'Renato Leandro', '0000-00-00 00:00:00'),
	(1, '2020-02-17 00:00:00', 568, 3, NULL, NULL, 1, 'Renato Leandro', '0000-00-00 00:00:00', 'Renato Leandro', '0000-00-00 00:00:00'),
	(1, '2020-02-17 00:00:00', 569, 3, NULL, NULL, 16, 'Renato Leandro', '0000-00-00 00:00:00', 'Renato Leandro', '0000-00-00 00:00:00'),
	(1, '2020-02-17 00:00:00', 570, 3, NULL, NULL, 24, 'Renato Leandro', '0000-00-00 00:00:00', 'Renato Leandro', '0000-00-00 00:00:00'),
	(1, '2020-02-17 00:00:00', 571, 3, NULL, NULL, 91, 'Renato Leandro', '0000-00-00 00:00:00', 'Renato Leandro', '0000-00-00 00:00:00'),
	(1, '2020-02-17 00:00:00', 572, 3, NULL, NULL, 23, 'Renato Leandro', '0000-00-00 00:00:00', 'Renato Leandro', '0000-00-00 00:00:00'),
	(1, '2020-02-17 00:00:00', 573, 3, NULL, NULL, 10, 'Renato Leandro', '0000-00-00 00:00:00', 'Renato Leandro', '0000-00-00 00:00:00'),
	(1, '2020-02-17 00:00:00', 574, 3, NULL, NULL, 2, 'Renato Leandro', '0000-00-00 00:00:00', 'Renato Leandro', '0000-00-00 00:00:00'),
	(1, '2020-02-17 00:00:00', 575, 3, NULL, NULL, 1, 'Renato Leandro', '0000-00-00 00:00:00', 'Renato Leandro', '0000-00-00 00:00:00'),
	(1, '2020-02-17 00:00:00', 576, 3, NULL, NULL, 3, 'Renato Leandro', '0000-00-00 00:00:00', 'Renato Leandro', '0000-00-00 00:00:00'),
	(1, '2020-02-17 00:00:00', 577, 3, NULL, NULL, 11, 'Renato Leandro', '0000-00-00 00:00:00', 'Renato Leandro', '0000-00-00 00:00:00'),
	(1, '2020-02-17 00:00:00', 578, 3, NULL, NULL, 2, 'Renato Leandro', '0000-00-00 00:00:00', 'Renato Leandro', '0000-00-00 00:00:00'),
	(1, '2020-02-19 00:00:00', 579, 3, NULL, NULL, 42, 'Renato Leandro', '2020-02-20 08:43:09', 'Renato Leandro', '2020-03-10 11:29:33'),
	(1, '2020-02-19 00:00:00', 580, 3, NULL, NULL, 364, 'Renato Leandro', '2020-02-20 08:43:09', 'Renato Leandro', '2020-03-10 11:29:33'),
	(1, '2020-02-19 00:00:00', 581, 3, NULL, NULL, 450, 'Renato Leandro', '2020-02-20 08:43:09', 'Renato Leandro', '2020-03-10 11:29:33'),
	(1, '2020-02-19 00:00:00', 582, 3, NULL, NULL, 353, 'Renato Leandro', '2020-02-20 08:43:09', 'Renato Leandro', '2020-03-10 11:29:33'),
	(1, '2020-02-19 00:00:00', 583, 3, NULL, NULL, 55, 'Renato Leandro', '2020-02-20 08:43:09', 'Renato Leandro', '2020-03-10 11:29:33'),
	(1, '2020-02-19 00:00:00', 584, 3, NULL, NULL, 26, 'Renato Leandro', '2020-02-20 08:43:09', 'Renato Leandro', '2020-03-10 11:29:33'),
	(1, '2020-02-19 00:00:00', 585, 3, NULL, NULL, 38, 'Renato Leandro', '2020-02-20 08:43:09', 'Renato Leandro', '2020-03-10 11:29:33'),
	(1, '2020-02-19 00:00:00', 586, 3, NULL, NULL, 337, 'Renato Leandro', '2020-02-20 08:43:09', 'Renato Leandro', '2020-03-10 11:29:33'),
	(1, '2020-02-19 00:00:00', 587, 3, NULL, NULL, 7450, 'Renato Leandro', '2020-02-20 08:43:09', 'Renato Leandro', '2020-03-10 11:29:33'),
	(1, '2020-02-19 00:00:00', 588, 3, NULL, NULL, 1500, 'Renato Leandro', '2020-02-20 08:43:09', 'Renato Leandro', '2020-03-10 11:29:33'),
	(1, '2020-02-19 00:00:00', 589, 3, NULL, NULL, 2300, 'Renato Leandro', '2020-02-20 08:43:09', 'Renato Leandro', '2020-03-10 11:29:33'),
	(1, '2020-02-19 00:00:00', 590, 3, NULL, NULL, 1300, 'Renato Leandro', '2020-02-20 08:43:09', 'Renato Leandro', '2020-03-10 11:29:33'),
	(1, '2020-02-19 00:00:00', 592, 3, NULL, NULL, 122, 'Renato Leandro', '2020-02-20 08:43:09', 'Renato Leandro', '2020-03-10 11:29:33'),
	(1, '2020-02-19 00:00:00', 593, 3, NULL, NULL, 44, 'Renato Leandro', '2020-02-20 08:43:09', 'Renato Leandro', '2020-03-10 11:29:33'),
	(1, '2020-02-19 00:00:00', 594, 3, NULL, NULL, 2, 'Renato Leandro', '2020-02-20 08:43:09', 'Renato Leandro', '2020-03-10 11:29:33'),
	(1, '2020-02-19 00:00:00', 595, 3, NULL, NULL, 146, 'Renato Leandro', '2020-02-20 08:43:09', 'Renato Leandro', '2020-03-10 11:29:33'),
	(1, '2020-02-19 00:00:00', 596, 3, NULL, NULL, 5153, 'Renato Leandro', '2020-02-20 08:43:09', 'Renato Leandro', '2020-03-10 11:29:33'),
	(1, '2020-02-19 00:00:00', 597, 3, NULL, NULL, 8589, 'Renato Leandro', '2020-02-20 08:54:29', 'Renato Leandro', '2020-03-10 11:29:33'),
	(1, '2020-02-19 00:00:00', 598, 3, NULL, NULL, 3622, 'Renato Leandro', '2020-02-20 08:54:29', 'Renato Leandro', '2020-03-10 11:29:33'),
	(1, '2020-02-19 00:00:00', 599, 3, NULL, NULL, 300, 'Renato Leandro', '2020-02-20 08:54:29', 'Renato Leandro', '2020-03-10 11:29:33'),
	(1, '2020-02-19 00:00:00', 600, 3, NULL, NULL, 1000, 'Renato Leandro', '2020-02-20 08:54:29', 'Renato Leandro', '2020-03-10 11:29:33'),
	(1, '2020-02-19 00:00:00', 601, 3, NULL, NULL, 56, 'Renato Leandro', '2020-02-20 08:54:29', 'Renato Leandro', '2020-03-10 11:29:33'),
	(1, '2020-02-19 00:00:00', 602, 3, NULL, NULL, 28, 'Renato Leandro', '2020-02-20 08:54:29', 'Renato Leandro', '2020-03-10 11:29:33'),
	(1, '2020-02-19 00:00:00', 603, 3, NULL, NULL, 198, 'Renato Leandro', '2020-02-20 08:54:29', 'Renato Leandro', '2020-03-10 11:29:33'),
	(1, '2020-02-19 00:00:00', 604, 3, NULL, NULL, 387, 'Renato Leandro', '2020-02-20 08:54:29', 'Renato Leandro', '2020-03-10 11:29:33'),
	(1, '2020-02-19 00:00:00', 605, 3, NULL, NULL, 192, 'Renato Leandro', '2020-02-20 08:54:29', 'Renato Leandro', '2020-03-10 11:29:33'),
	(1, '2020-02-19 00:00:00', 607, 3, NULL, NULL, 3, 'Renato Leandro', '2020-02-20 08:54:29', 'Renato Leandro', '2020-03-10 11:29:33'),
	(1, '2020-02-19 00:00:00', 608, 3, NULL, NULL, 135, 'Renato Leandro', '2020-02-20 08:54:29', 'Renato Leandro', '2020-03-10 11:29:33'),
	(1, '2020-02-19 00:00:00', 609, 3, NULL, NULL, 94, 'Renato Leandro', '2020-02-20 08:54:29', 'Renato Leandro', '2020-03-10 11:29:33'),
	(1, '2020-02-19 00:00:00', 610, 3, NULL, NULL, 240, 'Renato Leandro', '2020-02-20 08:54:29', 'Renato Leandro', '2020-03-10 11:29:33'),
	(1, '2020-02-19 00:00:00', 611, 3, NULL, NULL, 570, 'Renato Leandro', '2020-02-20 08:54:29', 'Renato Leandro', '2020-03-10 11:29:33'),
	(1, '2020-02-19 00:00:00', 612, 3, NULL, NULL, 11, 'Renato Leandro', '2020-02-20 08:54:29', 'Renato Leandro', '2020-03-10 11:29:33'),
	(1, '2020-02-19 00:00:00', 613, 3, NULL, NULL, 380, 'Renato Leandro', '2020-02-20 08:54:29', 'Renato Leandro', '2020-03-10 11:29:33'),
	(1, '2020-02-19 00:00:00', 614, 3, NULL, NULL, 320, 'Renato Leandro', '2020-02-20 08:54:29', 'Renato Leandro', '2020-03-10 11:29:33'),
	(1, '2020-02-19 00:00:00', 620, 3, NULL, NULL, 57, 'Renato Leandro', '2020-02-20 08:54:29', 'Renato Leandro', '2020-03-10 11:29:33'),
	(1, '2020-02-19 00:00:00', 621, 3, NULL, NULL, 223, 'Renato Leandro', '2020-02-20 08:54:29', 'Renato Leandro', '2020-03-10 11:29:33'),
	(1, '2020-02-19 00:00:00', 622, 3, NULL, NULL, 147, 'Renato Leandro', '2020-02-20 08:54:29', 'Renato Leandro', '2020-03-10 11:29:33'),
	(1, '2020-02-19 00:00:00', 623, 3, NULL, NULL, 105, 'Renato Leandro', '2020-02-20 08:54:29', 'Renato Leandro', '2020-03-10 11:29:33'),
	(1, '2020-02-19 00:00:00', 624, 3, NULL, NULL, 12, 'Renato Leandro', '2020-02-20 08:54:29', 'Renato Leandro', '2020-03-10 11:29:33'),
	(1, '2020-02-19 00:00:00', 625, 3, NULL, NULL, 0, 'Renato Leandro', '2020-02-20 08:54:29', 'Renato Leandro', '2020-03-10 11:29:33'),
	(1, '2020-02-19 00:00:00', 626, 3, NULL, NULL, 20, 'Renato Leandro', '2020-02-20 09:03:20', 'Renato Leandro', '2020-03-10 11:29:33'),
	(1, '2020-02-19 00:00:00', 627, 3, NULL, NULL, 28, 'Renato Leandro', '2020-02-20 09:03:20', 'Renato Leandro', '2020-03-10 11:29:33'),
	(1, '2020-02-19 00:00:00', 628, 3, NULL, NULL, 6, 'Renato Leandro', '2020-02-20 09:03:20', 'Renato Leandro', '2020-03-10 11:29:33'),
	(1, '2020-02-19 00:00:00', 629, 3, NULL, NULL, 132, 'Renato Leandro', '2020-02-20 09:03:20', 'Renato Leandro', '2020-03-10 11:29:33'),
	(1, '2020-02-19 00:00:00', 630, 3, NULL, NULL, 16, 'Renato Leandro', '2020-02-20 09:03:20', 'Renato Leandro', '2020-03-10 11:29:33'),
	(1, '2020-02-19 00:00:00', 631, 3, NULL, NULL, 198, 'Renato Leandro', '2020-02-20 09:03:20', 'Renato Leandro', '2020-03-10 11:29:33'),
	(1, '2020-02-19 00:00:00', 635, 3, NULL, NULL, 13, 'Renato Leandro', '2020-02-20 09:03:20', 'Renato Leandro', '2020-03-10 11:29:33'),
	(1, '2020-02-19 00:00:00', 636, 3, NULL, NULL, 19, 'Renato Leandro', '2020-02-20 09:03:20', 'Renato Leandro', '2020-03-10 11:29:33'),
	(1, '2020-02-19 00:00:00', 637, 3, NULL, NULL, 15, 'Renato Leandro', '2020-02-20 09:03:20', 'Renato Leandro', '2020-03-10 11:29:33'),
	(1, '2020-02-19 00:00:00', 638, 3, NULL, NULL, 82, 'Renato Leandro', '2020-02-20 09:03:20', 'Renato Leandro', '2020-03-10 11:29:33'),
	(1, '2020-02-19 00:00:00', 639, 3, NULL, NULL, 70, 'Renato Leandro', '2020-02-20 09:03:20', 'Renato Leandro', '2020-03-10 11:29:33'),
	(1, '2020-02-19 00:00:00', 640, 3, NULL, NULL, 16, 'Renato Leandro', '2020-02-20 09:03:20', 'Renato Leandro', '2020-03-10 11:29:33'),
	(1, '2020-02-19 00:00:00', 641, 3, NULL, NULL, 66, 'Renato Leandro', '2020-02-20 09:03:20', 'Renato Leandro', '2020-03-10 11:29:33'),
	(1, '2020-02-19 00:00:00', 642, 3, NULL, NULL, 40, 'Renato Leandro', '2020-02-20 09:03:20', 'Renato Leandro', '2020-03-10 11:29:33'),
	(1, '2020-02-19 00:00:00', 643, 3, NULL, NULL, 0, 'Renato Leandro', '2020-02-20 09:03:20', 'Renato Leandro', '2020-03-10 11:29:33'),
	(1, '2020-02-19 00:00:00', 644, 3, NULL, NULL, 69, 'Renato Leandro', '2020-02-20 09:03:20', 'Renato Leandro', '2020-03-10 11:29:33'),
	(1, '2020-02-19 00:00:00', 645, 3, NULL, NULL, 900, 'Renato Leandro', '2020-02-20 09:03:20', 'Renato Leandro', '2020-03-10 11:29:33'),
	(1, '2020-02-19 00:00:00', 646, 3, NULL, NULL, 900, 'Renato Leandro', '2020-02-20 09:03:20', 'Renato Leandro', '2020-03-10 11:29:33'),
	(1, '2020-02-19 00:00:00', 647, 3, NULL, NULL, 145, 'Renato Leandro', '2020-02-20 09:03:20', 'Renato Leandro', '2020-03-10 11:29:33'),
	(1, '2020-02-19 00:00:00', 648, 3, NULL, NULL, 120, 'Renato Leandro', '2020-02-20 09:03:20', 'Renato Leandro', '2020-03-10 11:29:33'),
	(1, '2020-02-19 00:00:00', 649, 3, NULL, NULL, 240, 'Renato Leandro', '2020-02-20 09:03:20', 'Renato Leandro', '2020-03-10 11:29:33'),
	(1, '2020-02-19 00:00:00', 650, 3, NULL, NULL, 100, 'Renato Leandro', '2020-02-20 09:03:20', 'Renato Leandro', '2020-03-10 11:29:33'),
	(1, '2020-02-19 00:00:00', 651, 3, NULL, NULL, 109, 'Renato Leandro', '2020-02-20 09:15:21', 'Renato Leandro', '2020-03-10 11:29:33'),
	(1, '2020-02-19 00:00:00', 653, 3, NULL, NULL, 5, 'Renato Leandro', '2020-02-20 09:15:21', 'Renato Leandro', '2020-03-10 11:29:33'),
	(1, '2020-02-19 00:00:00', 652, 3, NULL, NULL, 6, 'Renato Leandro', '2020-02-20 09:15:21', 'Renato Leandro', '2020-03-10 11:29:33'),
	(1, '2020-02-19 00:00:00', 654, 3, NULL, NULL, 3791, 'Renato Leandro', '2020-02-20 09:15:21', 'Renato Leandro', '2020-03-10 11:29:33'),
	(1, '2020-02-19 00:00:00', 655, 3, NULL, NULL, 104, 'Renato Leandro', '2020-02-20 09:15:21', 'Renato Leandro', '2020-03-10 11:29:33'),
	(1, '2020-02-19 00:00:00', 656, 3, NULL, NULL, 52, 'Renato Leandro', '2020-02-20 09:15:21', 'Renato Leandro', '2020-03-10 11:29:33'),
	(1, '2020-02-19 00:00:00', 657, 3, NULL, NULL, 70, 'Renato Leandro', '2020-02-20 09:15:21', 'Renato Leandro', '2020-03-10 11:29:33'),
	(1, '2020-02-19 00:00:00', 658, 3, NULL, NULL, 4, 'Renato Leandro', '2020-02-20 09:15:21', 'Renato Leandro', '2020-03-10 11:29:33'),
	(1, '2020-02-19 00:00:00', 659, 3, NULL, NULL, 5, 'Renato Leandro', '2020-02-20 09:15:21', 'Renato Leandro', '2020-03-10 11:29:33'),
	(1, '2020-02-19 00:00:00', 660, 3, NULL, NULL, 27, 'Renato Leandro', '2020-02-20 09:15:21', 'Renato Leandro', '2020-03-10 11:29:33'),
	(1, '2020-02-19 00:00:00', 661, 3, NULL, NULL, 2604, 'Renato Leandro', '2020-02-20 09:15:21', 'Renato Leandro', '2020-03-10 11:29:33'),
	(1, '2020-02-19 00:00:00', 662, 3, NULL, NULL, 23, 'Renato Leandro', '2020-02-20 09:15:21', 'Renato Leandro', '2020-03-10 11:29:33'),
	(1, '2020-02-19 00:00:00', 663, 3, NULL, NULL, 57, 'Renato Leandro', '2020-02-20 09:15:21', 'Renato Leandro', '2020-03-10 11:29:33'),
	(1, '2020-02-19 00:00:00', 664, 3, NULL, NULL, 190, 'Renato Leandro', '2020-02-20 09:15:21', 'Renato Leandro', '2020-03-10 11:29:33'),
	(1, '2020-02-19 00:00:00', 665, 3, NULL, NULL, 1299, 'Renato Leandro', '2020-02-20 09:15:21', 'Renato Leandro', '2020-03-10 11:29:33'),
	(1, '2020-02-19 00:00:00', 666, 3, NULL, NULL, 1450, 'Renato Leandro', '2020-02-20 09:15:21', 'Renato Leandro', '2020-03-10 11:29:33'),
	(1, '2020-02-19 00:00:00', 670, 3, NULL, NULL, 190, 'Renato Leandro', '2020-02-20 09:15:21', 'Renato Leandro', '2020-03-10 11:29:33'),
	(1, '2020-02-19 00:00:00', 671, 3, NULL, NULL, 48, 'Renato Leandro', '2020-02-20 09:15:21', 'Renato Leandro', '2020-03-10 11:29:33'),
	(1, '2020-02-19 00:00:00', 672, 3, NULL, NULL, 40, 'Renato Leandro', '2020-02-20 09:15:21', 'Renato Leandro', '2020-03-10 11:29:33'),
	(1, '2020-02-19 00:00:00', 673, 3, NULL, NULL, 56, 'Renato Leandro', '2020-02-20 09:15:21', 'Renato Leandro', '2020-03-10 11:29:33'),
	(1, '2020-02-19 00:00:00', 674, 3, NULL, NULL, 60, 'Renato Leandro', '2020-02-20 09:15:21', 'Renato Leandro', '2020-03-10 11:29:33'),
	(1, '2020-02-19 00:00:00', 675, 3, NULL, NULL, 6, 'Renato Leandro', '2020-02-20 09:15:21', 'Renato Leandro', '2020-03-10 11:29:33'),
	(1, '2020-02-19 00:00:00', 676, 3, NULL, NULL, 46, 'Renato Leandro', '2020-02-20 09:15:21', 'Renato Leandro', '2020-03-10 11:29:33'),
	(1, '2020-02-19 00:00:00', 677, 3, NULL, NULL, 47, 'Renato Leandro', '2020-02-20 09:15:21', 'Renato Leandro', '2020-03-10 11:29:33'),
	(1, '2020-02-19 00:00:00', 678, 3, NULL, NULL, 68, 'Renato Leandro', '2020-02-20 09:15:21', 'Renato Leandro', '2020-03-10 11:29:33'),
	(1, '2020-02-19 00:00:00', 679, 3, NULL, NULL, 44, 'Renato Leandro', '2020-02-20 09:15:21', 'Renato Leandro', '2020-03-10 11:29:33'),
	(1, '2020-02-19 00:00:00', 680, 3, NULL, NULL, 18, 'Renato Leandro', '2020-02-20 09:15:21', 'Renato Leandro', '2020-03-10 11:29:33'),
	(1, '2020-02-19 00:00:00', 683, 3, NULL, NULL, 109, 'Renato Leandro', '2020-02-20 09:15:21', 'Renato Leandro', '2020-03-10 11:29:33'),
	(1, '2020-02-19 00:00:00', 684, 3, NULL, NULL, 400, 'Renato Leandro', '2020-02-28 14:57:55', 'Renato Leandro', '2020-03-10 11:29:33'),
	(1, '2020-02-19 00:00:00', 685, 3, NULL, NULL, 24, 'Renato Leandro', '2020-02-28 14:57:55', 'Renato Leandro', '2020-03-10 11:29:33'),
	(1, '2020-02-19 00:00:00', 686, 3, NULL, NULL, 130, 'Renato Leandro', '2020-02-28 14:57:55', 'Renato Leandro', '2020-03-10 11:29:33'),
	(1, '2020-02-19 00:00:00', 687, 3, NULL, NULL, 328, 'Renato Leandro', '2020-02-28 14:57:55', 'Renato Leandro', '2020-03-10 11:29:33'),
	(1, '2020-02-19 00:00:00', 688, 3, NULL, NULL, 32, 'Renato Leandro', '2020-02-28 14:57:55', 'Renato Leandro', '2020-03-10 11:29:33'),
	(1, '2020-02-19 00:00:00', 690, 3, NULL, NULL, 487, 'Renato Leandro', '2020-02-28 14:57:55', 'Renato Leandro', '2020-03-10 11:29:33'),
	(1, '2020-02-19 00:00:00', 691, 3, NULL, NULL, 174, 'Renato Leandro', '2020-02-28 14:57:55', 'Renato Leandro', '2020-03-10 11:29:33'),
	(1, '2020-02-19 00:00:00', 694, 3, NULL, NULL, 63, 'Renato Leandro', '2020-02-28 14:57:55', 'Renato Leandro', '2020-03-10 11:29:33'),
	(1, '2020-02-19 00:00:00', 695, 3, NULL, NULL, 118, 'Renato Leandro', '2020-02-28 14:57:55', 'Renato Leandro', '2020-03-10 11:29:33'),
	(1, '2020-02-19 00:00:00', 696, 3, NULL, NULL, 276, 'Renato Leandro', '2020-02-28 14:57:55', 'Renato Leandro', '2020-03-10 11:29:33'),
	(1, '2020-02-19 00:00:00', 697, 3, NULL, NULL, 84, 'Renato Leandro', '2020-02-28 14:57:55', 'Renato Leandro', '2020-03-10 11:29:33'),
	(1, '2020-02-19 00:00:00', 698, 3, NULL, NULL, 229, 'Renato Leandro', '2020-02-28 14:57:55', 'Renato Leandro', '2020-03-10 11:29:33'),
	(1, '2020-02-19 00:00:00', 699, 3, NULL, NULL, 251, 'Renato Leandro', '2020-02-28 14:57:55', 'Renato Leandro', '2020-03-10 11:29:33'),
	(1, '2020-02-19 00:00:00', 701, 3, NULL, NULL, 6, 'Renato Leandro', '2020-02-28 14:57:55', 'Renato Leandro', '2020-03-10 11:29:33'),
	(1, '2020-02-19 00:00:00', 702, 3, NULL, NULL, 342, 'Renato Leandro', '2020-02-28 14:57:55', 'Renato Leandro', '2020-03-10 11:29:33'),
	(1, '2020-02-19 00:00:00', 704, 3, NULL, NULL, 31, 'Renato Leandro', '2020-02-28 14:57:55', 'Renato Leandro', '2020-03-10 11:29:33'),
	(1, '2020-02-19 00:00:00', 710, 3, NULL, NULL, 258, 'Renato Leandro', '2020-02-28 14:57:55', 'Renato Leandro', '2020-03-10 11:29:33'),
	(1, '2020-02-19 00:00:00', 711, 3, NULL, NULL, 26, 'Renato Leandro', '2020-02-28 14:57:55', 'Renato Leandro', '2020-03-10 11:29:33'),
	(1, '2020-02-19 00:00:00', 712, 3, NULL, NULL, 54, 'Renato Leandro', '2020-02-28 14:57:55', 'Renato Leandro', '2020-03-10 11:29:33'),
	(1, '2020-02-19 00:00:00', 713, 3, NULL, NULL, 480, 'Renato Leandro', '2020-02-28 14:57:55', 'Renato Leandro', '2020-03-10 11:29:33'),
	(1, '2020-02-19 00:00:00', 714, 3, NULL, NULL, 23, 'Renato Leandro', '2020-02-28 14:57:55', 'Renato Leandro', '2020-03-10 11:29:33'),
	(1, '2020-02-19 00:00:00', 716, 3, NULL, NULL, 170, 'Renato Leandro', '2020-02-28 14:57:55', 'Renato Leandro', '2020-03-10 11:29:33'),
	(1, '2020-02-19 00:00:00', 718, 3, NULL, NULL, 534, 'Renato Leandro', '2020-02-28 14:57:55', 'Renato Leandro', '2020-03-10 11:29:33'),
	(1, '2020-02-19 00:00:00', 719, 3, NULL, NULL, 31, 'Renato Leandro', '2020-02-28 14:57:55', 'Renato Leandro', '2020-03-10 11:29:33'),
	(1, '2020-02-19 00:00:00', 722, 3, NULL, NULL, 3, 'Renato Leandro', '2020-02-28 14:57:55', 'Renato Leandro', '2020-03-10 11:29:33'),
	(1, '2020-02-19 00:00:00', 723, 3, NULL, NULL, 92, 'Renato Leandro', '2020-02-28 14:57:55', 'Renato Leandro', '2020-03-10 11:29:33'),
	(1, '2020-02-19 00:00:00', 724, 3, NULL, NULL, 75, 'Renato Leandro', '2020-02-28 14:57:55', 'Renato Leandro', '2020-03-10 11:29:33'),
	(1, '2020-02-19 00:00:00', 725, 3, NULL, NULL, 115, 'Renato Leandro', '2020-02-28 14:57:55', 'Renato Leandro', '2020-03-10 11:29:33'),
	(1, '2020-02-19 00:00:00', 726, 3, NULL, NULL, 27, 'Renato Leandro', '2020-02-28 14:57:55', 'Renato Leandro', '2020-03-10 11:29:33'),
	(1, '2020-02-19 00:00:00', 727, 3, NULL, NULL, 318, 'Renato Leandro', '2020-02-28 14:57:55', 'Renato Leandro', '2020-03-10 11:29:33'),
	(1, '2020-02-19 00:00:00', 728, 3, NULL, NULL, 224, 'Renato Leandro', '2020-02-28 14:57:55', 'Renato Leandro', '2020-03-10 11:29:33'),
	(1, '2020-02-19 00:00:00', 729, 3, NULL, NULL, 16, 'Renato Leandro', '2020-02-28 14:57:55', 'Renato Leandro', '2020-03-10 11:29:33'),
	(1, '2020-02-19 00:00:00', 730, 3, NULL, NULL, 2266, 'Renato Leandro', '2020-02-28 14:57:55', 'Renato Leandro', '2020-03-10 11:29:33'),
	(1, '2020-02-19 00:00:00', 731, 3, NULL, NULL, 180, 'Renato Leandro', '2020-02-28 14:57:55', 'Renato Leandro', '2020-03-10 11:29:33'),
	(1, '2020-02-19 00:00:00', 732, 3, NULL, NULL, 108, 'Renato Leandro', '2020-02-28 14:57:55', 'Renato Leandro', '2020-03-10 11:29:33'),
	(1, '2020-02-19 00:00:00', 733, 3, NULL, NULL, 23, 'Renato Leandro', '2020-02-28 14:57:55', 'Renato Leandro', '2020-03-10 11:29:33'),
	(1, '2020-02-19 00:00:00', 734, 3, NULL, NULL, 123, 'Renato Leandro', '2020-02-28 14:57:55', 'Renato Leandro', '2020-03-10 11:29:33'),
	(1, '2020-02-19 00:00:00', 735, 3, NULL, NULL, 173, 'Renato Leandro', '2020-02-28 14:57:55', 'Renato Leandro', '2020-03-10 11:29:33'),
	(1, '2020-02-19 00:00:00', 740, 3, NULL, NULL, 45, 'Renato Leandro', '2020-02-28 14:57:55', 'Renato Leandro', '2020-03-10 11:29:33'),
	(1, '2020-02-19 00:00:00', 742, 3, NULL, NULL, 26, 'Renato Leandro', '2020-02-28 14:57:55', 'Renato Leandro', '2020-03-10 11:29:33'),
	(1, '2020-02-19 00:00:00', 743, 3, NULL, NULL, 67, 'Renato Leandro', '2020-02-28 14:57:55', 'Renato Leandro', '2020-03-10 11:29:33'),
	(1, '2020-02-19 00:00:00', 744, 3, NULL, NULL, 56, 'Renato Leandro', '2020-02-28 14:57:55', 'Renato Leandro', '2020-03-10 11:29:33'),
	(1, '2020-02-19 00:00:00', 747, 3, NULL, NULL, 67, 'Renato Leandro', '2020-02-28 15:02:35', 'Renato Leandro', '2020-03-10 11:29:33'),
	(1, '2020-02-19 00:00:00', 749, 3, NULL, NULL, 333, 'Renato Leandro', '2020-02-28 15:02:35', 'Renato Leandro', '2020-03-10 11:29:33'),
	(1, '2020-02-19 00:00:00', 748, 3, NULL, NULL, 285, 'Renato Leandro', '2020-02-28 15:02:35', 'Renato Leandro', '2020-03-10 11:29:33'),
	(1, '2020-02-19 00:00:00', 750, 3, NULL, NULL, 25, 'RODRIGO DIEGO', '2020-02-28 16:02:22', 'Renato Leandro', '2020-03-10 11:29:33'),
	(1, '2020-02-19 00:00:00', 741, 3, NULL, NULL, 65, 'Renato Leandro', '2020-03-02 09:53:00', 'Renato Leandro', '2020-03-10 11:29:33'),
	(1, '2020-02-19 00:00:00', 689, 3, NULL, NULL, 420, 'Renato Leandro', '2020-03-02 11:00:38', 'Renato Leandro', '2020-03-10 11:29:33'),
	(1, '2020-02-19 00:00:00', 692, 3, NULL, NULL, 4650, 'Renato Leandro', '2020-03-02 11:00:38', 'Renato Leandro', '2020-03-10 11:29:33'),
	(1, '2020-02-19 00:00:00', 693, 3, NULL, NULL, 292, 'Renato Leandro', '2020-03-02 11:00:38', 'Renato Leandro', '2020-03-10 11:29:33'),
	(1, '2020-02-19 00:00:00', 703, 3, NULL, NULL, 3, 'Renato Leandro', '2020-03-02 11:00:38', 'Renato Leandro', '2020-03-10 11:29:33'),
	(1, '2020-02-19 00:00:00', 707, 3, NULL, NULL, 10, 'Renato Leandro', '2020-03-02 11:00:38', 'Renato Leandro', '2020-03-10 11:29:33'),
	(1, '2020-02-19 00:00:00', 708, 3, NULL, NULL, 19, 'Renato Leandro', '2020-03-02 11:00:38', 'Renato Leandro', '2020-03-10 11:29:33'),
	(1, '2020-02-19 00:00:00', 715, 3, NULL, NULL, 17, 'Renato Leandro', '2020-03-02 11:00:38', 'Renato Leandro', '2020-03-10 11:29:33'),
	(1, '2020-02-19 00:00:00', 717, 3, NULL, NULL, 78, 'Renato Leandro', '2020-03-02 11:00:38', 'Renato Leandro', '2020-03-10 11:29:33'),
	(1, '2020-02-19 00:00:00', 720, 3, NULL, NULL, 152, 'Renato Leandro', '2020-03-02 11:00:38', 'Renato Leandro', '2020-03-10 11:29:33'),
	(1, '2020-02-19 00:00:00', 721, 3, NULL, NULL, 47, 'Renato Leandro', '2020-03-02 11:00:38', 'Renato Leandro', '2020-03-10 11:29:33'),
	(1, '2020-02-19 00:00:00', 745, 3, NULL, NULL, 30, 'Renato Leandro', '2020-03-02 11:00:38', 'Renato Leandro', '2020-03-10 11:29:33'),
	(1, '2020-02-19 00:00:00', 681, 3, NULL, NULL, 42, 'Renato Leandro', '2020-03-02 11:00:38', 'Renato Leandro', '2020-03-10 11:29:33'),
	(1, '2020-02-19 00:00:00', 682, 3, NULL, NULL, 36, 'Renato Leandro', '2020-03-02 11:00:38', 'Renato Leandro', '2020-03-10 11:29:33'),
	(1, '2020-02-19 00:00:00', 667, 3, NULL, NULL, 38, 'Renato Leandro', '2020-03-02 11:00:38', 'Renato Leandro', '2020-03-10 11:29:33'),
	(1, '2020-02-19 00:00:00', 668, 3, NULL, NULL, 57, 'Renato Leandro', '2020-03-02 11:00:38', 'Renato Leandro', '2020-03-10 11:29:33'),
	(1, '2020-02-19 00:00:00', 669, 3, NULL, NULL, 123, 'Renato Leandro', '2020-03-02 11:00:38', 'Renato Leandro', '2020-03-10 11:29:33'),
	(1, '2020-02-19 00:00:00', 619, 3, NULL, NULL, 426, 'Renato Leandro', '2020-03-02 11:02:04', 'Renato Leandro', '2020-03-10 11:29:33'),
	(1, '2020-02-19 00:00:00', 751, 3, NULL, NULL, 200, 'Renato Leandro', '2020-03-02 11:10:03', 'Renato Leandro', '2020-03-10 11:29:33'),
	(1, '2020-02-19 00:00:00', 591, 3, NULL, NULL, 757, 'Renato Leandro', '2020-03-02 15:45:04', 'Renato Leandro', '2020-03-10 11:29:33'),
	(1, '2020-02-19 00:00:00', 606, 3, NULL, NULL, 78, 'Renato Leandro', '2020-03-02 15:45:04', 'Renato Leandro', '2020-03-10 11:29:33'),
	(1, '2020-02-19 00:00:00', 615, 3, NULL, NULL, 289, 'Renato Leandro', '2020-03-02 15:45:04', 'Renato Leandro', '2020-03-10 11:29:33'),
	(1, '2020-02-19 00:00:00', 616, 3, NULL, NULL, 335, 'Renato Leandro', '2020-03-02 15:45:04', 'Renato Leandro', '2020-03-10 11:29:33'),
	(1, '2020-02-19 00:00:00', 617, 3, NULL, NULL, 743, 'Renato Leandro', '2020-03-02 15:45:04', 'Renato Leandro', '2020-03-10 11:29:33'),
	(1, '2020-02-19 00:00:00', 618, 3, NULL, NULL, 3, 'Renato Leandro', '2020-03-02 15:45:04', 'Renato Leandro', '2020-03-10 11:29:33'),
	(1, '2020-02-19 00:00:00', 700, 3, NULL, NULL, 1917, 'Renato Leandro', '2020-03-02 15:45:04', 'Renato Leandro', '2020-03-10 11:29:33'),
	(1, '2020-02-19 00:00:00', 634, 3, NULL, NULL, 7, 'Renato Leandro', '2020-03-02 15:45:04', 'Renato Leandro', '2020-03-10 11:29:33'),
	(1, '2020-02-19 00:00:00', 633, 3, NULL, NULL, 38, 'Renato Leandro', '2020-03-02 15:45:04', 'Renato Leandro', '2020-03-10 11:29:33'),
	(1, '2020-02-19 00:00:00', 632, 3, NULL, NULL, 42, 'Renato Leandro', '2020-03-02 15:45:04', 'Renato Leandro', '2020-03-10 11:29:33'),
	(1, '2020-02-19 00:00:00', 752, 3, NULL, NULL, 29, 'Renato Leandro', '2020-03-02 15:45:04', 'Renato Leandro', '2020-03-10 11:29:33'),
	(1, '2020-02-19 00:00:00', 736, 3, NULL, NULL, 208, 'Renato Leandro', '2020-03-03 13:31:54', 'Renato Leandro', '2020-03-10 11:29:33'),
	(1, '2020-02-19 00:00:00', 739, 3, NULL, NULL, 179, 'Renato Leandro', '2020-03-03 13:33:48', 'Renato Leandro', '2020-03-10 11:29:33'),
	(1, '2020-02-19 00:00:00', 737, 3, NULL, NULL, 186, 'Renato Leandro', '2020-03-03 13:33:48', 'Renato Leandro', '2020-03-10 11:29:33'),
	(1, '2020-02-19 00:00:00', 738, 3, NULL, NULL, 108, 'Renato Leandro', '2020-03-03 13:33:48', 'Renato Leandro', '2020-03-10 11:29:33'),
	(1, '2020-03-10 00:00:00', 753, 3, NULL, NULL, 1, 'RODRIGO DIEGO', '2020-03-10 08:37:53', 'RODRIGO DIEGO', '2020-03-10 15:52:42'),
	(1, '2020-03-10 00:00:00', 754, 3, NULL, NULL, 4, 'RODRIGO DIEGO', '2020-03-10 08:52:28', 'RODRIGO DIEGO', '2020-03-10 15:52:42'),
	(1, '2020-03-10 00:00:00', 755, 3, NULL, NULL, 2, 'RODRIGO DIEGO', '2020-03-10 08:52:28', 'RODRIGO DIEGO', '2020-03-10 15:52:42'),
	(1, '2020-03-10 00:00:00', 756, 3, NULL, NULL, 2, 'RODRIGO DIEGO', '2020-03-10 08:52:28', 'RODRIGO DIEGO', '2020-03-10 15:52:42'),
	(1, '2020-03-10 00:00:00', 757, 3, NULL, NULL, 0, 'RODRIGO DIEGO', '2020-03-10 08:52:28', 'RODRIGO DIEGO', '2020-03-10 15:52:42'),
	(1, '2020-03-10 00:00:00', 760, 3, NULL, NULL, 2, 'RODRIGO DIEGO', '2020-03-10 09:06:01', 'RODRIGO DIEGO', '2020-03-10 15:52:42'),
	(1, '2020-03-10 00:00:00', 761, 3, NULL, NULL, 1, 'RODRIGO DIEGO', '2020-03-10 09:06:01', 'RODRIGO DIEGO', '2020-03-10 15:52:42'),
	(1, '2020-03-10 00:00:00', 758, 3, NULL, NULL, 4, 'RODRIGO DIEGO', '2020-03-10 09:06:01', 'RODRIGO DIEGO', '2020-03-10 15:52:42'),
	(1, '2020-03-10 00:00:00', 759, 3, NULL, NULL, 3, 'RODRIGO DIEGO', '2020-03-10 09:06:01', 'RODRIGO DIEGO', '2020-03-10 15:52:42'),
	(1, '2020-03-10 00:00:00', 762, 3, NULL, NULL, 4, 'RODRIGO DIEGO', '2020-03-10 09:06:01', 'RODRIGO DIEGO', '2020-03-10 15:52:42'),
	(1, '2020-03-10 00:00:00', 763, 3, NULL, NULL, 0, 'RODRIGO DIEGO', '2020-03-10 09:06:01', 'RODRIGO DIEGO', '2020-03-10 15:52:42'),
	(1, '2020-03-10 00:00:00', 764, 3, NULL, NULL, 1, 'RODRIGO DIEGO', '2020-03-10 09:06:01', 'RODRIGO DIEGO', '2020-03-10 15:52:42'),
	(1, '2020-03-09 00:00:00', 446, 3, NULL, NULL, 4, 'RODRIGO DIEGO', '2020-03-10 11:23:15', NULL, NULL),
	(1, '2020-02-19 00:00:00', 446, 3, NULL, NULL, 4, 'Renato Leandro', '2020-03-10 11:29:33', NULL, NULL);
/*!40000 ALTER TABLE `balanco` ENABLE KEYS */;

-- Copiando estrutura para tabela sms.cfop
DROP TABLE IF EXISTS `cfop`;
CREATE TABLE IF NOT EXISTS `cfop` (
  `CODCFOP` char(4) COLLATE utf8_unicode_ci NOT NULL,
  `DESCRICAO` varchar(200) COLLATE utf8_unicode_ci NOT NULL,
  `APLICACAO` varchar(530) COLLATE utf8_unicode_ci DEFAULT NULL,
  PRIMARY KEY (`CODCFOP`)
) ENGINE=InnoDB DEFAULT CHARSET=utf8 COLLATE=utf8_unicode_ci;

-- Copiando dados para a tabela sms.cfop: ~597 rows (aproximadamente)
/*!40000 ALTER TABLE `cfop` DISABLE KEYS */;
INSERT INTO `cfop` (`CODCFOP`, `DESCRICAO`, `APLICACAO`) VALUES
	('1000', 'ENTRADAS OU AQUISIÇÕES DE SERVIÇOS DO ESTADO', 'Classificam-se, neste grupo, as operações ou prestações em que o estabelecimento remetente esteja localizado na mesma unidade da Federação do destinatário'),
	('1100', 'COMPRAS PARA INDUSTRIALIZAÇÃO, PRODUÇÃO RURAL, COMERCIALIZAÇÃO OU PRESTAÇÃO DE SERVIÇOS', '(NR Ajuste SINIEF 05/2005) (DECRETO Nº 28.868, DE 31/01/2006)\r\n\r\n(Dec. 28.868/2006 – Efeitos a partir de 01/01/2006, ficando facultada ao contribuinte a sua adoção para fatos geradores ocorridos no período de 01 de novembro a 31 de dezembro de 2005)'),
	('1101', 'Compra para industrialização ou produção rural (NR Ajuste SINIEF 05/2005) (Decreto 28.868/2006)', 'Compra de mercadoria a ser utilizada em processo de industrialização ou produção rural, bem como a entrada de mercadoria em estabelecimento industrial ou produtor rural de cooperativa recebida de seus cooperados ou de estabelecimento de outra cooperativa.\r\n(DECRETO Nº 28.868, DE 31/01/2006-– Efeitos a partir de 01/01/2006, ficando facultada ao contribuinte a sua adoção para fatos geradores ocorridos no período de 01 de novembro a 31 de dezembro de 2005).'),
	('1102', 'Compra para comercialização', 'Classificam-se neste código as compras de mercadorias a serem comercializadas. Também serão classificadas neste código as entradas de mercadorias em estabelecimento comercial de cooperativa recebidas de seus cooperados ou de estabelecimento de outra cooperativa.'),
	('1111', 'Compra para industrialização de mercadoria recebida anteriormente em consignação industrial', 'Classificam-se neste código as compras efetivas de mercadorias a serem utilizadas em processo de industrialização, recebidas anteriormente a título de consignação industrial.'),
	('1113', 'Compra para comercialização, de mercadoria recebida anteriormente em consignação mercantil', 'Classificam-se neste código as compras efetivas de mercadorias recebidas anteriormente a título de consignação mercantil.'),
	('1116', 'Compra para industrialização ou produção rural originada de encomenda para recebimento futuro (NR Ajuste SINIEF 05/2005) (Decreto 28.868/2006)', 'Compra de mercadoria, a ser utilizada em processo de industrialização ou produção rural, quando da entrada real da mercadoria, cuja aquisição tenha sido classificada no código “1.922 – Lançamento efetuado a título de simples faturamento decorrente de compra para recebimento futuro”.\r\n\r\n (DECRETO Nº 28.868, DE 31/01/2006-– Efeitos a partir de 01/01/2006, ficando facultada ao contribuinte a sua adoção para fatos geradores ocorridos no período de 01 de novembro a 31 de dezembro de 2005).'),
	('1117', 'Compra para comercialização originada de encomenda para recebimento futuro', 'Classificam-se neste código as compras de mercadorias a serem comercializadas, quando da entrada real da mercadoria, cuja aquisição tenha sido classificada no código 1.922 - Lançamento efetuado a título de simples faturamento decorrente de compra para recebimento futuro.'),
	('1118', 'Compra de mercadoria para comercialização pelo adquirente originário, entregue pelo vendedor remetente ao destinatário, em venda à ordem.', 'Classificam-se neste código as compras de mercadorias já comercializadas, que, sem transitar pelo estabelecimento do adquirente originário, sejam entregues pelo vendedor remetente diretamente ao destinatário, em operação de venda à ordem, cuja venda seja classificada, pelo adquirente originário, no código 5.120 - Venda de mercadoria adquirida ou recebida de terceiros entregue ao destinatário pelo vendedor remetente, em venda à ordem.'),
	('1120', 'Compra para industrialização, em venda à ordem, já recebida do vendedor remetente', 'Classificam-se neste código as compras de mercadorias a serem utilizadas em processo de industrialização, em vendas à ordem, já recebidas do vendedor remetente, por ordem do adquirente originário.'),
	('1121', 'Compra para comercialização, em venda à ordem, já recebida do vendedor remetente', 'Classificam-se neste código as compras de mercadorias a serem comercializadas, em vendas à ordem, já recebidas do vendedor remetente por ordem do adquirente originário.'),
	('1122', 'Compra para industrialização em que a mercadoria foi remetida pelo fornecedor ao industrializador sem transitar pelo estabelecimento adquirente', 'Classificam-se neste código as compras de mercadorias a serem utilizadas em processo de industrialização, remetidas pelo fornecedor para o industrializador sem que a mercadoria tenha transitado pelo estabelecimento do adquirente.'),
	('1124', 'Industrialização efetuada por outra empresa', 'Classificam-se neste código as entradas de mercadorias industrializadas por terceiros, compreendendo os valores referentes aos serviços prestados e os das mercadorias de propriedade do industrializador empregadas no processo industrial. Quando a industrialização efetuada se referir a bens do ativo imobilizado ou de mercadorias para uso ou consumo do estabelecimento encomendante, a entrada deverá ser classificada nos códigos 1.551 - Compra de bem para o ativo imobilizado ou 1.556 - Compra de material para uso ou consumo.'),
	('1125', 'Industrialização efetuada por outra empresa quando a mercadoria remetida para utilização no processo de industrialização não transitou pelo estabelecimento adquirente da mercadoria', 'Classificam-se neste código as entradas de mercadorias industrializadas por outras empresas, em que as mercadorias remetidas para utilização no processo de industrialização não transitaram pelo estabelecimento do adquirente das mercadorias, compreendendo os valores referentes aos serviços prestados e os das mercadorias de propriedade do industrializador empregadas no processo industrial. Quando a industrialização efetuada se referir a bens do ativo imobilizado ou de mercadorias para uso ou consumo do estabelecimento encomend'),
	('1126', 'Compra para utilização na prestação de serviço', 'Classificam-se neste código as entradas de mercadorias a serem utilizadas nas prestações de serviços.'),
	('1150', 'TRANSFERÊNCIAS PARA INDUSTRIALIZAÇÃO, PRODUÇÃO RURAL, COMERCIALIZAÇÃO OU PRESTAÇÃO DE SERVIÇOS (NR Ajuste SINIEF 05/2005) (Decreto 28.868/2006)', '(DECRETO Nº 28.868, DE 31/01/2006 -&#x2013; Efeitos a partir de 01/01/2006, ficando facultada ao contribuinte a sua adoção para fatos geradores ocorridos no período de 01 de novembro a 31 de dezembro de 2005).'),
	('1151', 'Transferência para industrialização ou produção rural (NR Ajuste SINIEF 05/2005) (Decreto 28.868/2006)', 'Entrada de mercadoria recebida, em transferência de outro estabelecimento da mesma empresa, para ser utilizada em processo de industrialização ou produção rural.\r\n\r\n(DECRETO Nº 28.868, DE 31/01/2006-– Efeitos a partir de 01/01/2006, ficando facultada ao contribuinte a sua adoção para fatos geradores ocorridos no período de 01 de novembro a 31 de dezembro de 2005).'),
	('1152', 'Transferência para comercialização', 'Classificam-se neste código as entradas de mercadorias recebidas em transferência de outro estabelecimento da mesma empresa, para serem comercializadas.'),
	('1153', 'Transferência de energia elétrica para distribuição', 'Classificam-se neste código as entradas de energia elétrica recebida em transferência de outro estabelecimento da mesma empresa, para distribuição.'),
	('1154', 'Transferência para utilização na prestação de serviço', 'Classificam-se neste código as entradas de mercadorias recebidas em transferência de outro estabelecimento da mesma empresa, para serem utilizadas nas prestações de serviços.'),
	('1200', 'DEVOLUÇÕES DE VENDAS DE PRODUÇÃO DO ESTABELECIMENTO, DE PRODUTOS DE TERCEIROS OU ANULAÇÕES DE VALORES', NULL),
	('1201', 'Devolução de venda de produção do estabelecimento', 'Devolução de venda de produto industrializado ou produzido pelo estabelecimento, cuja saída tenha sido classificada como "Venda de produção do estabelecimento". (NR Ajuste SINIEF 05/2005) (Decreto 28.868/2006)\r\n\r\n(DECRETO Nº 28.868, DE 31/01/2006-– Efeitos a partir de 01/01/2006, ficando facultada ao contribuinte a sua adoção para fatos geradores ocorridos no período de 01 de novembro a 31 de dezembro de 2005).'),
	('1202', 'Devolução de venda de mercadoria adquirida ou recebida de terceiros', 'Classificam-se neste código as devoluções de vendas de mercadorias adquiridas ou recebidas de terceiros, que não tenham sido objeto de industrialização no estabelecimento, cujas saídas tenham sido classificadas como Venda de mercadoria adquirida ou recebida de terceiros.'),
	('1203', 'Devolução de venda de produção do estabelecimento, destinada à Zona Franca de Manaus ou Áreas de Livre Comércio', 'Devolução de venda de produto industrializado ou produzido pelo estabelecimento, cuja saída tenha sido classificada no código "5.109 – Venda de produção do estabelecimento destinada à Zona Franca de Manaus ou Áreas de Livre Comércio". (NR Ajuste SINIEF 05/2005) (Decreto 28.868/2006)\r\n\r\n(DECRETO Nº 28.868, DE 31/01/2006-– Efeitos a partir de 01/01/2006, ficando facultada ao contribuinte a sua adoção para fatos geradores ocorridos no período de 01 de novembro a 31 de dezembro de 2005).'),
	('1204', 'Devolução de venda de mercadoria adquirida ou recebida de terceiros, destinada à Zona Franca de Manaus ou Áreas de Livre Comércio', 'Classificam-se neste código as devoluções de vendas de mercadorias adquiridas ou recebidas de terceiros, cujas saídas foram classificadas no código 5.110 - Venda de mercadoria adquirida ou recebida de terceiros, destinada à Zona Franca de Manaus ou Áreas de Livre Comércio.'),
	('1205', 'Anulação de valor relativo à prestação de serviço de comunicação', 'Classificam-se neste código as anulações correspondentes a valores faturados indevidamente, decorrentes de prestações de serviços de comunicação.'),
	('1206', 'Anulação de valor relativo à prestação de serviço de transporte', 'Classificam-se neste código as anulações correspondentes a valores faturados indevidamente, decorrentes de prestações de serviços de transporte.'),
	('1207', 'Anulação de valor relativo à venda de energia elétrica', 'Classificam-se neste código as anulações correspondentes a valores faturados indevidamente, decorrentes de venda de energia elétrica.'),
	('1208', 'Devolução de produção do estabelecimento, remetida em transferência', 'Devolução de produto industrializado ou produzido pelo estabelecimento transferido para outro estabelecimento da mesma empresa. (NR Ajuste SINIEF 05/2005) (Decreto 28.868/2006)\r\n\r\n(DECRETO Nº 28.868, DE 31/01/2006-– Efeitos a partir de 01/01/2006, ficando facultada ao contribuinte a sua adoção para fatos geradores ocorridos no período de 01 de novembro a 31 de dezembro de 2005).'),
	('1209', 'Devolução de mercadoria adquirida ou recebida de terceiros, remetida em transferência', 'Classificam-se neste código as devoluções de mercadorias adquiridas ou recebidas de terceiros, transferidas para outros estabelecimentos da mesma empresa.'),
	('1250', 'COMPRAS DE ENERGIA ELÉTRICA', NULL),
	('1251', 'Compra de energia elétrica para distribuição ou comercialização', 'Classificam-se neste código as compras de energia elétrica utilizada em sistema de distribuição ou comercialização. Também serão classificadas neste código as compras de energia elétrica por cooperativas para distribuição aos seus cooperados.'),
	('1252', 'Compra de energia elétrica por estabelecimento industrial', 'Classificam-se neste código as compras de energia elétrica utilizada no processo de industrialização. Também serão classificadas neste código as compras de energia elétrica utilizada por estabelecimento industrial de cooperativa.'),
	('1253', 'Compra de energia elétrica por estabelecimento comercial', 'Classificam-se neste código as compras de energia elétrica utilizada por estabelecimento comercial. Também serão classificadas neste código as compras de energia elétrica utilizada por estabelecimento comercial de cooperativa.'),
	('1254', 'Compra de energia elétrica por estabelecimento prestador de serviço de transporte', 'Classificam-se neste código as compras de energia elétrica utilizada por estabelecimento prestador de serviços de transporte.'),
	('1255', 'Compra de energia elétrica por estabelecimento prestador de serviço de comunicação', 'Classificam-se neste código as compras de energia elétrica utilizada por estabelecimento prestador de serviços de comunicação.'),
	('1256', 'Compra de energia elétrica por estabelecimento de produtor rural', 'Classificam-se neste código as compras de energia elétrica utilizada por estabelecimento de produtor rural.'),
	('1257', 'Compra de energia elétrica para consumo por demanda contratada', 'Classificam-se neste código as compras de energia elétrica para consumo por demanda contratada, que prevalecerá sobre os demais códigos deste subgrupo.'),
	('1300', 'AQUISIÇÕES DE SERVIÇOS DE COMUNICAÇÃO', NULL),
	('1301', 'Aquisição de serviço de comunicação para execução de serviço da mesma natureza', 'Classificam-se neste código as aquisições de serviços de comunicação utilizados nas prestações de serviços da mesma natureza.'),
	('1302', 'Aquisição de serviço de comunicação por estabelecimento industrial', 'Classificam-se neste código as aquisições de serviços de comunicação utilizados por estabelecimento industrial. Também serão classificadas neste código as aquisições de serviços de comunicação utilizados por estabelecimento industrial de cooperativa.'),
	('1303', 'Aquisição de serviço de comunicação por estabelecimento comercial', 'Classificam-se neste código as aquisições de serviços de comunicação utilizados por estabelecimento comercial. Também serão classificadas neste código as aquisições de serviços de comunicação utilizados por estabelecimento comercial de cooperativa.'),
	('1304', 'Aquisição de serviço de comunicação por estabelecimento de prestador de serviço de transporte', 'Classificam-se neste código as aquisições de serviços de comunicação utilizados por estabelecimento prestador de serviço de transporte.'),
	('1305', 'Aquisição de serviço de comunicação por estabelecimento de geradora ou de distribuidora de energia elétrica', 'Classificam-se neste código as aquisições de serviços de comunicação utilizados por estabelecimento de geradora ou de distribuidora de energia elétrica.'),
	('1306', 'Aquisição de serviço de comunicação por estabelecimento de produtor rural', 'Classificam-se neste código as aquisições de serviços de comunicação utilizados por estabelecimento de produtor rural.'),
	('1350', 'AQUISIÇÕES DE SERVIÇOS DE TRANSPORTE', NULL),
	('1351', 'Aquisição de serviço de transporte para execução de serviço da mesma natureza', 'Classificam-se neste código as aquisições de serviços de transporte utilizados nas prestações de serviços da mesma natureza.'),
	('1352', 'Aquisição de serviço de transporte por estabelecimento industrial', 'Classificam-se neste código as aquisições de serviços de transporte utilizados por estabelecimento industrial. Também serão classificadas neste código as aquisições de serviços de transporte utilizados por estabelecimento industrial de cooperativa.'),
	('1353', 'Aquisição de serviço de transporte por estabelecimento comercial', 'Classificam-se neste código as aquisições de serviços de transporte utilizados por estabelecimento comercial. Também serão classificadas neste código as aquisições de serviços de transporte utilizados por estabelecimento comercial de cooperativa.'),
	('1354', 'Aquisição de serviço de transporte por estabelecimento de prestador de serviço de comunicação', 'Classificam-se neste código as aquisições de serviços de transporte utilizados por estabelecimento prestador de serviços de comunicação.'),
	('1355', 'Aquisição de serviço de transporte por estabelecimento de geradora ou de distribuidora de energia elétrica', 'Classificam-se neste código as aquisições de serviços de transporte utilizados por estabelecimento de geradora ou de distribuidora de energia elétrica.'),
	('1356', 'Aquisição de serviço de transporte por estabelecimento de produtor rural', 'Classificam-se neste código as aquisições de serviços de transporte utilizados por estabelecimento de produtor rural.'),
	('1360', 'Aquisição de serviço de transporte por contribuinte-substituto em relação ao serviço de transporte (ACR) (Ajuste SINIEF 06/2007- Decreto nº 30.861/2007) –– a partir de 01.01.2008', 'Aquisição de serviço de transporte quando o adquirente for contribuinte-substituto em relação ao imposto incidente na prestação dos serviços'),
	('1400', 'ENTRADAS DE MERCADORIAS SUJEITAS AO REGIME DE SUBSTITUIÇÃO TRIBUTÁRIA', NULL),
	('1401', 'Compra para industrialização ou produção rural de mercadoria sujeita ao regime de substituição tributária (NR Ajuste SINIEF 05/2005) (Decreto 28.868/2006)', 'Compra de mercadoria sujeita ao regime de substituição tributária, a ser utilizada em processo de industrialização ou produção rural, bem como compra, por estabelecimento industrial ou produtor rural de cooperativa, de mercadoria sujeita ao mencionado regime.\r\n\r\n(DECRETO Nº 28.868, DE 31/01/2006-– Efeitos a partir de 01/01/2006, ficando facultada ao contribuinte a sua adoção para fatos geradores ocorridos no período de 01 de novembro a 31 de dezembro de 2005).'),
	('1403', 'Compra para comercialização em operação com mercadoria sujeita ao regime de substituição tributária', 'Classificam-se neste código as compras de mercadorias a serem comercializadas, decorrentes de operações com mercadorias sujeitas ao regime de substituição tributária. Também serão classificadas neste código as compras de mercadorias sujeitas ao regime de substituição tributária em estabelecimento comercial de cooperativa.'),
	('1406', 'Compra de bem para o ativo imobilizado cuja mercadoria está sujeita ao regime de substituição tributária', 'Classificam-se neste código as compras de bens destinados ao ativo imobilizado do estabelecimento, em operações com mercadorias sujeitas ao regime de substituição tributária.'),
	('1407', 'Compra de mercadoria para uso ou consumo cuja mercadoria está sujeita ao regime de substituição tributária', 'Classificam-se neste código as compras de mercadorias destinadas ao uso ou consumo do estabelecimento, em operações com mercadorias sujeitas ao regime de substituição tributária.'),
	('1408', 'Transferência para industrialização ou produção rural de mercadoria sujeita ao regime de substituição tributária (NR Ajuste SINIEF 05/2005) (Decreto 28.868/2006)', 'Mercadoria sujeita ao regime de substituição tributária, recebida em transferência de outro estabelecimento da mesma empresa, para ser industrializada ou consumida na produção rural no estabelecimento.\r\n\r\n(DECRETO Nº 28.868, DE 31/01/2006-– Efeitos a partir de 01/01/2006, ficando facultada ao contribuinte a sua adoção para fatos geradores ocorridos no período de 01 de novembro a 31 de dezembro de 2005).'),
	('1409', 'Transferência para comercialização em operação com mercadoria sujeita ao regime de substituição tributária', 'Classificam-se neste código as mercadorias recebidas em transferência de outro estabelecimento da mesma empresa, para serem comercializadas, decorrentes de operações sujeitas ao regime de substituição tributária.'),
	('1410', 'Devolução de venda de mercadoria, de produção do estabelecimento, sujeita ao regime de substituição tributária', 'Devolução de produto industrializado ou produzido pelo estabelecimento, cuja saída tenha sido classificada como "Venda de mercadoria de produção do estabelecimento sujeita ao regime de substituição tributária".\r\n\r\n(NR Ajuste SINIEF 05/2005) (DECRETO Nº 28.868, DE 31/01/2006-– Efeitos a partir de 01/01/2006, ficando facultada ao contribuinte a sua adoção para fatos geradores ocorridos no período de 01 de novembro a 31 de dezembro de 2005).'),
	('1411', 'Devolução de venda de mercadoria adquirida ou recebida de terceiros em operação com mercadoria sujeita ao regime de substituição tributária', 'Classificam-se neste código as devoluções de vendas de mercadorias adquiridas ou recebidas de terceiros, cujas saídas tenham sido classificadas como Venda de mercadoria adquirida ou recebida de terceiros em operação com mercadoria sujeita ao regime de substituição tributária.'),
	('1414', 'Retorno de mercadoria de produção do estabelecimento, remetida para venda fora do estabelecimento, sujeita ao regime de substituição tributária', 'Entrada, em retorno, de produto industrializado ou produzido pelo próprio estabelecimento, remetido para venda fora do estabelecimento, inclusive por meio de veículo, sujeito ao regime de substituição tributária e não comercializado.\r\n\r\n (NR Ajuste SINIEF 05/2005) (DECRETO Nº 28.868, DE 31/01/2006-– Efeitos a partir de 01/01/2006, ficando facultada ao contribuinte a sua adoção para fatos geradores ocorridos no período de 01 de novembro a 31 de dezembro de 2005).'),
	('1415', 'Retorno de mercadoria adquirida ou recebida de terceiros, remetida para venda fora do estabelecimento em operação com mercadoria sujeita ao regime de substituição tributária', 'Classificam-se neste código as entradas, em retorno, de mercadorias adquiridas ou recebidas de terceiros remetidas para vendas fora do estabelecimento, inclusive por meio de veículos, em operações com mercadorias sujeitas ao regime de substituição tributária, e não comercializadas.'),
	('1450', 'SISTEMAS DE INTEGRAÇÃO', NULL),
	('1451', 'Retorno de animal do estabelecimento produtor', 'Classificam-se neste código as entradas referentes ao retorno de animais criados pelo produtor no sistema integrado.'),
	('1452', 'Retorno de insumo não utilizado na produção', 'Classificam-se neste código o retorno de insumos não utilizados pelo produtor na criação de animais pelo sistema integrado.'),
	('1500', 'ENTRADAS DE MERCADORIAS REMETIDAS PARA FORMAÇÃO DE LOTE OU COM FIM ESPECÍFICO DE EXPORTAÇÃO E EVENTUAIS DEVOLUÇÕES (NR Ajuste SINIEF 09/2005)', '(DECRETO Nº 28.868, DE 31/01/2006—(Dec.\r\n28.868/2006 - a sua aplicação será obrigatória em relação aos fatos geradores ocorridos a partir de 01 de julho de 2006, ficando facultada ao contribuinte a sua adoção para fatos geradores ocorridos no período de 01 de janeiro a 30 de junho de 2006.'),
	('1501', 'Entrada de mercadoria recebida com fim específico de exportação', 'Classificam-se neste código as entradas de mercadorias em estabelecimento de trading company, empresa comercial exportadora ou outro estabelecimento do remetente, com fim específico de exportação.'),
	('1503', 'Entrada decorrente de devolução de produto, de fabricação do estabelecimento, remetido com fim específico de exportação', 'Devolução de produto industrializado ou produzido pelo estabelecimento, remetido a "trading company", a empresa comercial exportadora ou a outro estabelecimento do remetente, com fim específico de exportação, cuja saída tenha sido classificada no código "5.501 – Remessa de produção do estabelecimento com fim específico de exportação".\r\n\r\n(NR Ajuste SINIEF 05/2005) (Dec.28.868/2006 - a sua aplicação será obrigatória em relação aos fatos geradores ocorridos a partir de 01 de julho de 2006, ficando facultada ao contribuinte a s'),
	('1504', 'Entrada decorrente de devolução de mercadoria remetida com fim específico de exportação, adquirida ou recebida de terceiros', 'Devolução de mercadoria, adquirida ou recebida de terceiro, remetida a trading company, a empresa comercial exportadora ou a outro estabelecimento do remetente, com fim específico de exportação, cuja saída tenha sido classificada no código “5.502 - Remessa de mercadoria adquirida ou recebida de terceiros, com fim específico de exportação”.'),
	('1505', 'Entrada decorrente de devolução simbólica de mercadoria remetida para formação de lote de exportação, de produto industrializado ou produzido pelo próprio estabelecimento.', 'Devolução simbólica de mercadoria remetida para formação de lote de exportação, cuja saída tenha sido classificada no código "5.504 – Remessa de mercadoria para formação de lote de exportação, de produto industrializado ou produzido pelo próprio estabelecimento".\r\n\r\n (ACR Ajuste SINIEF 09/2005) (Dec.28.868/2006 - a sua aplicação será obrigatória em relação aos fatos geradores ocorridos a partir de 01 de julho de 2006, ficando facultada ao contribuinte a sua adoção para fatos geradores ocorridos no período de 01 de janeiro a '),
	('1506', 'Entrada decorrente de devolução simbólica de mercadoria, adquirida ou recebida de terceiros, remetida para formação de lote de exportação.', 'Devolução simbólica de mercadoria remetida para formação de lote de exportação em armazéns alfandegados, entrepostos aduaneiros ou outros estabelecimentos que venham a ser regulamentados pela legislação tributária de cada Unidade Federada, efetuada pelo estabelecimento depositário, cuja saída tenha sido classificada no código "5.505 – Remessa de mercadoria, adquirida ou recebida de terceiros, para formação de lote de exportação".\r\n\r\n (ACR Ajuste SINIEF 09/2005) (NR Ajuste SINIEF 05/2005) (Dec.28.868/2006 - a sua aplicação se'),
	('1550', 'OPERAÇÕES COM BENS DE ATIVO IMOBILIZADO E MATERIAIS PARA USO OU CONSUMO', NULL),
	('1551', 'Compra de bem para o ativo imobilizado', 'Classificam-se neste código as compras de bens destinados ao ativo imobilizado do estabelecimento.'),
	('1552', 'Transferência de bem do ativo imobilizado', 'Classificam-se neste código as entradas de bens destinados ao ativo imobilizado recebidos em transferência de outro estabelecimento da mesma empresa.'),
	('1553', 'Devolução de venda de bem do ativo imobilizado', 'Classificam-se neste código as devoluções de vendas de bens do ativo imobilizado, cujas saídas tenham sido classificadas no código 5.551 - Venda de bem do ativo imobilizado.'),
	('1554', 'Retorno de bem do ativo imobilizado remetido para uso fora do estabelecimento', 'Classificam-se neste código as entradas por retorno de bens do ativo imobilizado remetidos para uso fora do estabelecimento, cujas saídas tenham sido classificadas no código 5.554 - Remessa de bem do ativo imobilizado para uso fora do estabelecimento.'),
	('1555', 'Entrada de bem do ativo imobilizado de terceiro, remetido para uso no estabelecimento', 'Classificam-se neste código as entradas de bens do ativo imobilizado de terceiros, remetidos para uso no estabelecimento.'),
	('1556', 'Compra de material para uso ou consumo', 'Classificam-se neste código as compras de mercadorias destinadas ao uso ou consumo do estabelecimento.'),
	('1557', 'Transferência de material para uso ou consumo', 'Classificam-se neste código as entradas de materiais para uso ou consumo recebidos em transferência de outro estabelecimento da mesma empresa.'),
	('1600', 'CRÉDITOS E RESSARCIMENTOS DE ICMS', NULL),
	('1601', 'Recebimento, por transferência, de crédito de ICMS', 'Classificam-se neste código os lançamentos destinados ao registro de créditos de ICMS, recebidos por transferência de outras empresas.'),
	('1602', 'Recebimento, por transferência, de saldo credor do ICMS, de outro estabelecimento da mesma empresa, para compensação de saldo devedor do imposto.', 'Lançamento destinado ao registro da transferência de saldo credor do ICMS, recebido de outro estabelecimento da mesma empresa, destinado à compensação do saldo devedor do estabelecimento, inclusive no caso de apuração centralizada do imposto.\r\n\r\n(NR Ajuste SINIEF 9/2003 – a partir 01.01.2004) (Decreto nº 26.174/2003)'),
	('1603', 'Ressarcimento de ICMS retido por substituição tributária', 'Lançamento destinado ao registro de ressarcimento de ICMS retido por substituição tributária à contribuinte substituído, efetuado pelo contribuinte substituto, ou, ainda, quando o ressarcimento for apropriado pelo próprio contribuinte substituído, nas hipóteses previstas na legislação aplicável.'),
	('1604', 'Lançamento do crédito relativo à compra de bem para o ativo imobilizado', 'Lançamento destinado ao registro da apropriação de crédito de bem do ativo imobilizado. (Dec.25.068/2003-EFEITOS A PARTIR DE 01.01.2003)'),
	('1605', 'Recebimento, por transferência, de saldo devedor do ICMS de outro estabelecimento da mesma empresa', 'Lançamento destinado ao registro da transferência de saldo devedor do ICMS, recebido de outro estabelecimento da mesma empresa, para efetivação da apuração centralizada do imposto. (ACR Ajuste SINIEF 03/2004) (DECRETO Nº 26.810/2004) (a partir de 01.01.2005)'),
	('1650', 'ENTRADAS DE COMBUSTÍVEIS, DERIVADOS OU NÃO DE PETRÓLEO, E LUBRIFICANTES (ACR Ajuste SINIEF 9/2003 - a partir 01.01.2004)', NULL),
	('1651', 'Compra de combustível ou lubrificante para industrialização subseqüente', 'Compra de combustível ou lubrificante a ser utilizados em processo de industrialização do próprio produto. (ACR Ajuste SINIEF 9/2003 - a partir 01.01.2004)'),
	('1652', 'Compra de combustível ou lubrificante para comercialização', 'Compra de combustível ou lubrificante a ser comercializados. (ACR Ajuste SINIEF 9/2003 - a partir 01.01.2004)'),
	('1653', 'Compra de combustível ou lubrificante por consumidor ou usuário final', 'Compra de combustível ou lubrificante, a ser consumidos em processo de industrialização de outros produtos, na produção rural, na prestação de serviço ou por usuário final.\r\n\r\n(NR Ajuste SINIEF 05/2005) (Dec.28.868/2006 - Efeitos a partir de 01/01/2006, ficando facultada ao contribuinte a sua adoção para fatos geradores ocorridos no período de 01 de novembro a 31 de dezembro de 2005)'),
	('1658', 'Transferência de combustível ou lubrificante para industrialização', 'Entrada de combustível ou lubrificante, recebidos em transferência de outro estabelecimento da mesma empresa, para ser utilizados em processo de industrialização do próprio produto.(Decreto 26.174/2003)(efeitos a partir 01.01.2004)'),
	('1659', 'Transferência de combustível ou lubrificante para comercialização', 'Entrada de combustível ou lubrificante, recebidos em transferência de outro estabelecimento da mesma empresa, para ser comercializados. .(Decreto 26.174/2003) (efeitos a partir 01.01.2004)'),
	('1660', 'Devolução de venda de combustível ou lubrificante destinados à industrialização subseqüente', 'Devolução de venda de combustível ou lubrificante, cuja saída tenha sido classificada como "Venda de combustível ou lubrificante destinados à industrialização subseqüente". (Decreto 26.174/2003)(efeitos a partir 01.01.2004)'),
	('1661', 'Devolução de venda de combustível ou lubrificante destinados à comercialização', 'Devolução de venda de combustível ou lubrificante, cuja saída tenha sido classificada como "Venda de combustível ou lubrificante para comercialização".(Decreto 26.174/2003)(efeitos a partir 01.01.2004).'),
	('1662', 'Devolução de venda de combustível ou lubrificante destinados a consumidor ou usuário final', 'Devolução de venda de combustível ou lubrificante, cuja saída tenha sido classificada como "Venda de combustível ou lubrificante por consumidor ou usuário final"..(Decreto 26.174/2003)(efeitos a partir 01.01.2004)'),
	('1663', 'Entrada de combustível ou lubrificante para armazenagem', 'Entrada de combustível ou lubrificante para armazenagem. .(Decreto 26.174/2003)(efeitos a partir 01.01.2004)'),
	('1664', 'Retorno de combustível ou lubrificante remetidos para armazenagem', 'Entrada, ainda que simbólica, por retorno de combustível ou lubrificante, remetidos para armazenagem. .(Decreto 26.174/2003)(efeitos a partir 01.01.2004)'),
	('1900', 'OUTRAS ENTRADAS DE MERCADORIAS OU AQUISIÇÕES DE SERVIÇOS', NULL),
	('1901', 'Entrada para industrialização por encomenda', 'Classificam-se neste código as entradas de insumos recebidos para industrialização por encomenda de outra empresa ou de outro estabelecimento da mesma empresa.'),
	('1902', 'Retorno de mercadoria remetida para industrialização por encomenda', 'Classificam-se neste código o retorno dos insumos remetidos para industrialização por encomenda, incorporados ao produto final pelo estabelecimento industrializador.'),
	('1903', 'Entrada de mercadoria remetida para industrialização e não aplicada no referido processo', 'Classificam-se neste código as entradas em devolução de insumos remetidos para industrialização e não aplicados no referido processo.'),
	('1904', 'Retorno de remessa para venda fora do estabelecimento', 'Classificam-se neste código as entradas em retorno de mercadorias remetidas para venda fora do estabelecimento, inclusive por meio de veículos, e não comercializadas.'),
	('1905', 'Entrada de mercadoria recebida para depósito em depósito fechado ou armazém geral', 'Classificam-se neste código as entradas de mercadorias recebidas para depósito em depósito fechado ou armazém geral.'),
	('1906', 'Retorno de mercadoria remetida para depósito fechado ou armazém geral', 'Classificam-se neste código as entradas em retorno de mercadorias remetidas para depósito em depósito fechado ou armazém geral.'),
	('1907', 'Retorno simbólico de mercadoria remetida para depósito fechado ou armazém geral', 'Classificam-se neste código as entradas em retorno simbólico de mercadorias remetidas para depósito em depósito fechado ou armazém geral, quando as mercadorias depositadas tenham sido objeto de saída a qualquer título e que não tenham retornado ao estabelecimento depositante.'),
	('1908', 'Entrada de bem por conta de contrato de comodato', 'Classificam-se neste código as entradas de bens recebidos em cumprimento de contrato de comodato.'),
	('1909', 'Retorno de bem remetido por conta de contrato de comodato', 'Classificam-se neste código as entradas de bens recebidos em devolução após cumprido o contrato de comodato.'),
	('1910', 'Entrada de bonificação, doação ou brinde', 'Classificam-se neste código as entradas de mercadorias recebidas a título de bonificação, doação ou brinde.'),
	('1911', 'Entrada de amostra grátis', 'Classificam-se neste código as entradas de mercadorias recebidas a título de amostra grátis.'),
	('1912', 'Entrada de mercadoria ou bem recebido para demonstração', 'Classificam-se neste código as entradas de mercadorias ou bens recebidos para demonstração.'),
	('1913', 'Retorno de mercadoria ou bem remetido para demonstração', 'Classificam-se neste código as entradas em retorno de mercadorias ou bens remetidos para demonstração.'),
	('1914', 'Retorno de mercadoria ou bem remetido para exposição ou feira', 'Classificam-se neste código as entradas em retorno de mercadorias ou bens remetidos para exposição ou feira.'),
	('1915', 'Entrada de mercadoria ou bem recebido para conserto ou reparo', 'Classificam-se neste código as entradas de mercadorias ou bens recebidos para conserto ou reparo.'),
	('1916', 'Retorno de mercadoria ou bem remetido para conserto ou reparo', 'Classificam-se neste código as entradas em retorno de mercadorias ou bens remetidos para conserto ou reparo.'),
	('1917', 'Entrada de mercadoria recebida em consignação mercantil ou industrial', 'Classificam-se neste código as entradas de mercadorias recebidas a título de consignação mercantil ou industrial.'),
	('1918', 'Devolução de mercadoria remetida em consignação mercantil ou industrial', 'Classificam-se neste código as entradas por devolução de mercadorias remetidas anteriormente a título de consignação mercantil ou industrial.'),
	('1919', 'Devolução simbólica de mercadoria vendida ou utilizada em processo industrial, remetida anteriormente em consignação mercantil ou industrial', 'Classificam-se neste código as entradas por devolução simbólica de mercadorias vendidas ou utilizadas em processo industrial, remetidas anteriormente a título de consignação mercantil ou industrial.'),
	('1920', 'Entrada de vasilhame ou sacaria', 'Classificam-se neste código as entradas de vasilhame ou sacaria.'),
	('1921', 'Retorno de vasilhame ou sacaria', 'Classificam-se neste código as entradas em retorno de vasilhame ou sacaria.'),
	('1922', 'Lançamento efetuado a título de simples faturamento decorrente de compra para recebimento futuro', 'Classificam-se neste código os registros efetuados a título de simples faturamento decorrente de compra para recebimento futuro.'),
	('1923', 'Entrada de mercadoria recebida do vendedor remetente, em venda à ordem', 'Classificam-se neste código as entradas de mercadorias recebidas do vendedor remetente, em vendas à ordem, cuja compra do adquirente originário, foi classificada nos códigos 1.120 - Compra para industrialização, em venda à ordem, já recebida do vendedor remetente ou 1.121 - Compra para comercialização, em venda à ordem, já recebida do vendedor remetente.'),
	('1924', 'Entrada para industrialização por conta e ordem do adquirente da mercadoria, quando esta não transitar pelo estabelecimento do adquirente', 'Classificam-se neste código as entradas de insumos recebidos para serem industrializados por conta e ordem do adquirente, nas hipóteses em que os insumos não tenham transitado pelo estabelecimento do adquirente dos mesmos.'),
	('1925', 'Retorno de mercadoria remetida para industrialização por conta e ordem do adquirente da mercadoria, quando esta não transitar pelo estabelecimento do adquirente', 'Classificam-se neste código o retorno dos insumos remetidos por conta e ordem do adquirente, para industrialização e incorporados ao produto final pelo estabelecimento industrializador, nas hipóteses em que os insumos não tenham transitado pelo estabelecimento do adquirente.'),
	('1926', 'Lançamento efetuado a título de reclassificação de mercadoria decorrente de formação de kit ou de sua desagregação', 'Classificam-se neste código os registros efetuados a título de reclassificação decorrente de formação de kit de mercadorias ou de sua desagregação.'),
	('1931', 'Lançamento efetuado pelo tomador do serviço de transporte, quando a responsabilidade de retenção do imposto for atribuída ao remetente ou alienante da mercadoria, pelo serviço de transporte realizado ', 'Lançamento efetuado pelo tomador do serviço de transporte realizado por transportador autônomo ou por transportador não-inscrito na Unidade da Federação onde se tenha iniciado o serviço, quando a responsabilidade pela retenção do imposto for atribuída ao remetente ou alienante da mercadoria.\r\n\r\n (ACR Ajuste SINIEF 03/2004) (DECRETO Nº 26.810/2004))(efeitos a partir 01.01.2005)'),
	('1932', 'Aquisição de serviço de transporte iniciado em Unidade da Federação diversa daquela onde esteja inscrito o prestador', 'Aquisição de serviço de transporte que tenha sido iniciado em Unidade da Federação diversa daquela onde o prestador esteja inscrito como contribuinte. (ACR Ajuste SINIEF 03/2004) (DECRETO Nº 26.810/2004) (efeitos a partir 01.01.2005)'),
	('1933', 'Aquisição de serviço tributado pelo Imposto sobre Serviços de Qualquer Natureza (Ajuste SINIEF 06/2005) (NR)', 'Aquisição de serviço, cujo imposto é de competência municipal, desde que informado em Nota Fiscal modelo 1 ou 1-A. (NR Ajuste SINIEF 06/2005) (DECRETO Nº 26.868/2006 - efeitos a partir 01.01.2006)'),
	('1949', 'Outra entrada de mercadoria ou prestação de serviço não especificada', 'Classificam-se neste código as outras entradas de mercadorias ou prestações de serviços que não tenham sido especificadas nos códigos anteriores.'),
	('2000', 'ENTRADAS OU AQUISIÇÕES DE SERVIÇOS DE OUTROS ESTADOS', 'Classificam-se, neste grupo, as operações ou prestações em que o estabelecimento remetente esteja localizado em unidade da Federação diversa daquela do destinatário'),
	('2100', 'COMPRAS PARA INDUSTRIALIZAÇÃO, PRODUÇÃO RURAL, COMERCIALIZAÇÃO OU PRESTAÇÃO DE SERVIÇOS (NR Ajuste SINIEF 05/2005  (Decreto 28.868/2006)', '(NR Ajuste SINIEF 05/2005) (Dec. 28.868/2006 - Efeitos a partir de 01/01/2006, ficando facultada ao contribuinte a sua adoção para fatos geradores ocorridos no período de 01 de novembro a 31 de dezembro de 2005)'),
	('2101', 'Compra para industrialização ou produção rural (NR Ajuste SINIEF 05/2005) (Decreto 28.868/2006)', 'Compra de mercadoria a ser utilizada em processo de industrialização ou produção rural, bem como a entrada de mercadoria em estabelecimento industrial ou produtor rural de cooperativa, recebida de seus cooperados ou de estabelecimento de outra cooperativa.\r\n\r\n(NR Ajuste SINIEF 05/2005) (Dec. 28.868/2006 - Efeitos a partir de 01/01/2006, ficando facultada ao contribuinte a sua adoção para fatos geradores ocorridos no período de 01 de novembro a 31 de dezembro de 2005)'),
	('2102', 'Compra para comercialização', 'Classificam-se neste código as compras de mercadorias a serem comercializadas. Também serão classificadas neste código as entradas de mercadorias em estabelecimento comercial de cooperativa recebidas de seus cooperados ou de estabelecimento de outra cooperativa.'),
	('2111', 'Compra para industrialização de mercadoria recebida anteriormente em consignação industrial', 'Classificam-se neste código as compras efetivas de mercadorias a serem utilizadas em processo de industrialização, recebidas anteriormente a título de consignação industrial.'),
	('2113', 'Compra para comercialização, de mercadoria recebida anteriormente em consignação mercantil', 'Classificam-se neste código as compras efetivas de mercadorias recebidas anteriormente a título de consignação mercantil.'),
	('2116', 'Compra para industrialização ou produção rural originada de encomenda para recebimento futuro (NR Ajuste SINIEF 05/2005) (Decreto 28.868/2006)', 'Compra de mercadoria a ser utilizada em processo de industrialização ou produção rural, quando da entrada real da mercadoria, cuja aquisição tenha sido classificada no código "2.922 – Lançamento efetuado a título de simples faturamento decorrente de compra para recebimento futuro".\r\n\r\n(NR Ajuste SINIEF 05/2005) (Dec. 28.868/2006 - Efeitos a partir de 01/01/2006, ficando facultada ao contribuinte a sua adoção para fatos geradores ocorridos no período de 01 de novembro a 31 de dezembro de 2005)'),
	('2117', 'Compra para comercialização originada de encomenda para recebimento futuro', 'Classificam-se neste código as compras de mercadorias a serem comercializadas, quando da entrada real da mercadoria, cuja aquisição tenha sido classificada no código 2.922 - Lançamento efetuado a título de simples faturamento decorrente de compra para recebimento futuro.'),
	('2118', 'Compra de mercadoria para comercialização pelo adquirente originário, entregue pelo vendedor remetente ao destinatário, em venda à ordem', 'Classificam-se neste código as compras de mercadorias já comercializadas, que, sem transitar pelo estabelecimento do adquirente originário, sejam entregues pelo vendedor remetente diretamente ao destinatário, em operação de venda à ordem, cuja venda seja classificada, pelo adquirente originário, no código 6.120 - Venda de mercadoria adquirida ou recebida de terceiros entregue ao destinatário pelo vendedor remetente, em venda à ordem.'),
	('2120', 'Compra para industrialização, em venda à ordem, já recebida do vendedor remetente', 'Classificam-se neste código as compras de mercadorias a serem utilizadas em processo de industrialização, em vendas à ordem, já recebidas do vendedor remetente, por ordem do adquirente originário.'),
	('2121', 'Compra para comercialização, em venda à ordem, já recebida do vendedor remetente', 'Classificam-se neste código as compras de mercadorias a serem comercializadas, em vendas à ordem, já recebidas do vendedor remetente por ordem do adquirente originário.'),
	('2122', 'Compra para industrialização em que a mercadoria foi remetida pelo fornecedor ao industrializador sem transitar pelo estabelecimento adquirente', 'Classificam-se neste código as compras de mercadorias a serem utilizadas em processo de industrialização, remetidas pelo fornecedor para o industrializador sem que a mercadoria tenha transitado pelo estabelecimento do adquirente.'),
	('2124', 'Industrialização efetuada por outra empresa', 'Classificam-se neste código as entradas de mercadorias industrializadas por terceiros, compreendendo os valores referentes aos serviços prestados e os das mercadorias de propriedade do industrializador empregadas no processo industrial. Quando a industrialização efetuada se referir a bens do ativo imobilizado ou de mercadorias para uso ou consumo do estabelecimento encomendante, a entrada deverá ser classificada nos códigos 2.551 - Compra de bem para o ativo imobilizado ou 2.556 - Compra de material para uso ou consumo.'),
	('2125', 'Industrialização efetuada por outra empresa quando a mercadoria remetida para utilização no processo de industrialização não transitou pelo estabelecimento adquirente da mercadoria', 'Classificam-se neste código as entradas de mercadorias industrializadas por outras empresas, em que as mercadorias remetidas para utilização no processo de industrialização não transitaram pelo estabelecimento do adquirente das mercadorias, compreendendo os valores referentes aos serviços prestados e os das mercadorias de propriedade do industrializador empregadas no processo industrial. Quando a industrialização efetuada se referir a bens do ativo imobilizado ou de mercadorias para uso ou consumo do estabelecimento encomend'),
	('2126', 'Compra para utilização na prestação de serviço', 'Classificam-se neste código as entradas de mercadorias a serem utilizadas nas prestações de serviços.'),
	('2150', 'TRANSFERÊNCIAS PARA INDUSTRIALIZAÇÃO, PRODUÇÃO RURAL, COMERCIALIZAÇÃO OU PRESTAÇÃO DE SERVIÇOS (NR Ajuste SINIEF 05/2005) (Decreto 28.868/2006)', '(NR Ajuste SINIEF 05/2005) (Dec. 28.868/2006 - Efeitos a partir de 01/01/2006, ficando facultada ao contribuinte a sua adoção para fatos geradores ocorridos no período de 01 de novembro a 31 de dezembro de 2005)'),
	('2151', 'Transferência para industrialização ou produção rural (NR Ajuste SINIEF 05/2005) (Decreto 28.868/2006)', 'Entrada de mercadoria, recebida em transferência de outro estabelecimento da mesma empresa, para ser utilizada em processo de industrialização ou produção rural.\r\n\r\n(NR Ajuste SINIEF 05/2005) (Dec. 28.868/2006 - Efeitos a partir de 01/01/2006, ficando facultada ao contribuinte a sua adoção para fatos geradores ocorridos no período de 01 de novembro a 31 de dezembro de 2005)'),
	('2152', 'Transferência para comercialização', 'Classificam-se neste código as entradas de mercadorias recebidas em transferência de outro estabelecimento da mesma empresa, para serem comercializadas.'),
	('2153', 'Transferência de energia elétrica para distribuição', 'Classificam-se neste código as entradas de energia elétrica recebida em transferência de outro estabelecimento da mesma empresa, para distribuição.'),
	('2154', 'Transferência para utilização na prestação de serviço', 'Classificam-se neste código as entradas de mercadorias recebidas em transferência de outro estabelecimento da mesma empresa, para serem utilizadas nas prestações de serviços.'),
	('2200', 'DEVOLUÇÕES DE VENDAS DE PRODUÇÃO DO ESTABELECIMENTO OU DE TERCEIROS OU ANULAÇÕES DE VALORES', NULL),
	('2201', 'Devolução de venda de produção do estabelecimento', 'Devolução de venda de produto industrializado ou produzido pelo estabelecimento, cuja saída tenha sido classificada no código "6.101 - Venda de produção do estabelecimento".\r\n\r\n(NR Ajuste SINIEF 05/2005) (Dec. 28.868/2006 - Efeitos a partir de 01/01/2006, ficando facultada ao contribuinte a sua adoção para fatos geradores ocorridos no período de 01 de novembro a 31 de dezembro de 2005)'),
	('2202', 'Devolução de venda de mercadoria adquirida ou recebida de terceiros', 'Devolução de vendas de mercadoria, adquirida ou recebida de terceiro, que não tenham sido objeto de industrialização no estabelecimento, cuja saída tenha sido classificada como Venda de mercadoria adquirida ou recebida de terceiros.'),
	('2203', 'Devolução de venda de produção do estabelecimento destinada à Zona Franca de Manaus ou Áreas de Livre Comércio', 'Devolução de venda de produto industrializado ou produzido pelo estabelecimento, cuja saída tenha sido classificada no código "6.109 – Venda de produção do estabelecimento destinada à Zona Franca de Manaus ou Áreas de Livre Comércio".\r\n\r\n (NR Ajuste SINIEF 05/2005) (Dec. 28.868/2006 - Efeitos a partir de 01/01/2006, ficando facultada ao contribuinte a sua adoção para fatos geradores ocorridos no período de 01 de novembro a 31 de dezembro de 2005)'),
	('2204', 'Devolução de venda de mercadoria adquirida ou recebida de terceiros, destinada à Zona Franca de Manaus ou Áreas de Livre Comércio', 'Devolução de venda de mercadoria adquirida ou recebida de terceiro, cuja saída tenha sido classificada no código “6.110 - Venda de mercadoria adquirida ou recebida de terceiros, destinada à Zona Franca de Manaus ou Áreas de Livre Comércio”.'),
	('2205', 'Anulação de valor relativo à prestação de serviço de comunicação', 'Anulação correspondente a valor faturado indevidamente, decorrente de prestação de serviço de comunicação.'),
	('2206', 'Anulação de valor relativo à prestação de serviço de transporte', 'Anulação correspondente a valor faturado indevidamente, decorrente de prestação de serviço de transporte.'),
	('2207', 'Anulação de valor relativo à venda de energia elétrica', 'Anulação correspondente a valor faturado indevidamente, decorrente de venda de energia elétrica.'),
	('2208', 'Devolução de produção do estabelecimento, remetida em transferência.', 'Devolução de produto industrializado ou produzido pelo estabelecimento e transferido para outro estabelecimento da mesma empresa.\r\n\r\n(NR Ajuste SINIEF 05/2005) (Dec. 28.868/2006 - Efeitos a partir de 01/01/2006, ficando facultada ao contribuinte a sua adoção para fatos geradores ocorridos no período de 01 de novembro a 31 de dezembro de 2005)'),
	('2209', 'Devolução de mercadoria adquirida ou recebida de terceiros e remetida em transferência', 'Devolução de mercadoria adquirida ou recebida de terceiros, transferidas para outros estabelecimentos da mesma empresa.'),
	('2250', 'COMPRAS DE ENERGIA ELÉTRICA', NULL),
	('2251', 'Compra de energia elétrica para distribuição ou comercialização', 'Classificam-se neste código as compras de energia elétrica utilizada em sistema de distribuição ou comercialização. Também serão classificadas neste código as compras de energia elétrica por cooperativas para distribuição com seus cooperados.'),
	('2252', 'Compra de energia elétrica por estabelecimento industrial', 'Classificam-se neste código as compras de energia elétrica utilizada no processo de industrialização. Também serão classificadas neste código as compras de energia elétrica utilizada por estabelecimento industrial de cooperativa.'),
	('2253', 'Compra de energia elétrica por estabelecimento comercial', 'Classificam-se neste código as compras de energia elétrica utilizada por estabelecimento comercial. Também serão classificadas neste código as compras de energia elétrica utilizada por estabelecimento comercial de cooperativa.'),
	('2254', 'Compra de energia elétrica por estabelecimento prestador de serviço de transporte', 'Classificam-se neste código as compras de energia elétrica utilizada por estabelecimento prestador de serviços de transporte.'),
	('2255', 'Compra de energia elétrica por estabelecimento prestador de serviço de comunicação', 'Classificam-se neste código as compras de energia elétrica utilizada por estabelecimento prestador de serviços de comunicação.'),
	('2256', 'Compra de energia elétrica por estabelecimento de produtor rural', 'Classificam-se neste código as compras de energia elétrica utilizada por estabelecimento de produtor rural.'),
	('2257', 'Compra de energia elétrica para consumo por demanda contratada', 'Classificam-se neste código as compras de energia elétrica para consumo por demanda contratada, que prevalecerá sobre os demais códigos deste subgrupo.'),
	('2300', 'AQUISIÇÕES DE SERVIÇOS DE COMUNICAÇÃO', NULL),
	('2301', 'Aquisição de serviço de comunicação para execução de serviço da mesma natureza', 'Classificam-se neste código as aquisições de serviços de comunicação utilizados nas prestações de serviços da mesma natureza.'),
	('2302', 'Aquisição de serviço de comunicação por estabelecimento industrial', 'Classificam-se neste código as aquisições de serviços de comunicação utilizados por estabelecimento industrial. Também serão classificadas neste código as aquisições de serviços de comunicação utilizados por estabelecimento industrial de cooperativa.'),
	('2303', 'Aquisição de serviço de comunicação por estabelecimento comercial', 'Classificam-se neste código as aquisições de serviços de comunicação utilizados por estabelecimento comercial. Também serão classificadas neste código as aquisições de serviços de comunicação utilizados por estabelecimento comercial de cooperativa.'),
	('2304', 'Aquisição de serviço de comunicação por estabelecimento de prestador de serviço de transporte', 'Classificam-se neste código as aquisições de serviços de comunicação utilizado por estabelecimento prestador de serviço de transporte.'),
	('2305', 'Aquisição de serviço de comunicação por estabelecimento de geradora ou de distribuidora de energia elétrica', 'Classificam-se neste código as aquisições de serviços de comunicação utilizados por estabelecimento de geradora ou de distribuidora de energia elétrica.'),
	('2306', 'Aquisição de serviço de comunicação por estabelecimento de produtor rural', 'Classificam-se neste código as aquisições de serviços de comunicação utilizados por estabelecimento de produtor rural.'),
	('2350', 'AQUISIÇÕES DE SERVIÇOS DE TRANSPORTE', NULL),
	('2351', 'Aquisição de serviço de transporte para execução de serviço da mesma natureza', 'Classificam-se neste código as aquisições de serviços de transporte utilizados nas prestações de serviços da mesma natureza.'),
	('2352', 'Aquisição de serviço de transporte por estabelecimento industrial', 'Classificam-se neste código as aquisições de serviços de transporte utilizados por estabelecimento industrial. Também serão classificadas neste código as aquisições de serviços de transporte utilizados por estabelecimento industrial de cooperativa.'),
	('2353', 'Aquisição de serviço de transporte por estabelecimento comercial', 'Classificam-se neste código as aquisições de serviços de transporte utilizados por estabelecimento comercial. Também serão classificadas neste código as aquisições de serviços de transporte utilizados por estabelecimento comercial de cooperativa.'),
	('2354', 'Aquisição de serviço de transporte por estabelecimento de prestador de serviço de comunicação', 'Classificam-se neste código as aquisições de serviços de transporte utilizados por estabelecimento prestador de serviços de comunicação.'),
	('2355', 'Aquisição de serviço de transporte por estabelecimento de geradora ou de distribuidora de energia elétrica', 'Classificam-se neste código as aquisições de serviços de transporte utilizados por estabelecimento de geradora ou de distribuidora de energia elétrica.'),
	('2356', 'Aquisição de serviço de transporte por estabelecimento de produtor rural', 'Classificam-se neste código as aquisições de serviços de transporte utilizados por estabelecimento de produtor rural.'),
	('2400', 'ENTRADAS DE MERCADORIAS SUJEITAS AO REGIME DE SUBSTITUIÇÃO TRIBUTÁRIA', NULL),
	('2401', 'Compra para industrialização ou produção rural de mercadoria sujeita ao regime de substituição tributária (NR Ajuste SINIEF 05/2005) (Decreto 28.868/2006)', 'Compra de mercadoria, sujeita ao regime de substituição tributária, a ser utilizada em processo de industrialização ou produção rural, bem como compra, por estabelecimento industrial ou produtor rural de cooperativa, de mercadoria sujeita ao mencionado regime.\n\n(NR Ajuste SINIEF 05/2005) (Dec. 28.868/2006 - Efeitos a partir de 01/01/2006, ficando facultada ao contribuinte a sua adoção para fatos geradores ocorridos no período de 01 de novembro a 31 de dezembro de 2005)'),
	('2403', 'Compra para comercialização em operação com mercadoria sujeita ao regime de substituição tributária', 'Classificam-se neste código as compras de mercadorias a serem comercializadas, decorrentes de operações com mercadorias sujeitas ao regime de substituição tributária. Também serão classificadas neste código as compras de mercadorias sujeitas ao regime de substituição tributária em estabelecimento comercial de cooperativa.'),
	('2406', 'Compra de bem para o ativo imobilizado cuja mercadoria está sujeita ao regime de substituição tributária', 'Classificam-se neste código as compras de bens destinados ao ativo imobilizado do estabelecimento, em operações com mercadorias sujeitas ao regime de substituição tributária.'),
	('2407', 'Compra de mercadoria para uso ou consumo cuja mercadoria está sujeita ao regime de substituição tributária', 'Classificam-se neste código as compras de mercadorias destinadas ao uso ou consumo do estabelecimento, em operações com mercadorias sujeitas ao regime de substituição tributária.'),
	('2408', 'Transferência para industrialização ou produção rural de mercadoria sujeita ao regime de substituição tributária (NR Ajuste SINIEF 05/2005) (Decreto 28.868/2006)', 'Entrada de mercadoria, sujeita ao regime de substituição tributária, recebida em transferência de outro estabelecimento da mesma empresa, para ser industrializada ou consumida na produção rural no estabelecimento destinatário.\r\n\r\n(NR Ajuste SINIEF 05/2005) (Dec. 28.868/2006 - Efeitos a partir de 01/01/2006, ficando facultada ao contribuinte a sua adoção para fatos geradores ocorridos no período de 01 de novembro a 31 de dezembro de 2005)'),
	('2409', 'Transferência para comercialização em operação com mercadoria sujeita ao regime de substituição tributária', 'Classificam-se neste código as mercadorias recebidas em transferência de outro estabelecimento da mesma empresa, para serem comercializadas, decorrentes de operações sujeitas ao regime de substituição tributária.'),
	('2410', 'Devolução de venda de produção do estabelecimento, quando o produto estiver sujeito ao regime de substituição tributária', 'Devolução de produto industrializado ou produzido pelo estabelecimento, cuja saída tenha sido classificada como "Venda de produção do estabelecimento quando o produto estiver sujeito ao regime de substituição tributária".\r\n\r\n(NR Ajuste SINIEF 05/2005) (Dec. 28.868/2006 - Efeitos a partir de 01/01/2006, ficando facultada ao contribuinte a sua adoção para fatos geradores ocorridos no período de 01 de novembro a 31 de dezembro de 2005)'),
	('2411', 'Devolução de venda de mercadoria adquirida ou recebida de terceiros em operação com mercadoria sujeita ao regime de substituição tributária', 'Devolução de vendas de mercadoria adquirida ou recebida de terceiro, cuja saída tenha sido classificada como “Venda de mercadoria adquirida ou recebida de terceiros em operação com mercadoria sujeita ao regime de substituição tributária”.'),
	('2414', 'Retorno de produção do estabelecimento, remetida para venda fora do estabelecimento, quando o produto estiver sujeito ao regime de substituição tributária', 'Entrada, em retorno, de produto industrializado ou produzido pelo estabelecimento sujeito ao regime de substituição tributária, remetido para venda fora do estabelecimento, inclusive por meio de veículo, e não comercializado.\r\n\r\n(NR Ajuste SINIEF 05/2005) (Dec. 28.868/2006 - Efeitos a partir de 01/01/2006, ficando facultada ao contribuinte a sua adoção para fatos geradores ocorridos no período de 01 de novembro a 31 de dezembro de 2005)'),
	('2415', 'Retorno de mercadoria adquirida ou recebida de terceiros, remetida para venda fora do estabelecimento em operação com mercadoria sujeita ao regime de substituição tributária', 'Entrada, em retorno, de mercadoria sujeita ao regime de substituição tributária, adquirida ou recebida de terceiro remetida para venda fora do estabelecimento, inclusive por meio de veículo, e não comercializada.'),
	('2500', 'ENTRADAS DE MERCADORIAS REMETIDAS PARA FORMAÇÃO DE LOTE OU COM FIM ESPECÍFICO DE EXPORTAÇÃO E EVENTUAIS DEVOLUÇÕES (NR Ajuste SINIEF 09/2005)', '(ACR Ajuste SINIEF 09/2005) (Dec. 28.868/2006 - a sua aplicação será obrigatória em relação aos fatos geradores ocorridos a partir de 01 de julho de 2006, ficando facultada ao contribuinte a sua adoção para fatos geradores ocorridos no período de 01 de janeiro a 30 de junho de 2006)'),
	('2501', 'Entrada de mercadoria recebida com fim específico de exportação', 'Classificam-se neste código as entradas de mercadorias em estabelecimento de trading company, empresa comercial exportadora ou outro estabelecimento do remetente, com fim específico de exportação.'),
	('2503', 'Entrada decorrente de devolução de produto industrializado pelo estabelecimento, remetido com fim específico de exportação', 'Devolução de produto industrializado ou produzido pelo estabelecimento, remetido a "trading company", a empresa comercial exportadora ou a outro estabelecimento do remetente, com fim específico de exportação, cuja saída tenha sido classificada no código "6.501 – Remessa de produção do estabelecimento com fim específico de exportação".\r\n\r\n(NR Ajuste SINIEF 05/2005) (Dec.28.868/2006 - Efeitos a partir de 01/01/2006, ficando facultada ao contribuinte a sua adoção para fatos geradores ocorridos no período de 01 de novembro a 31 '),
	('2504', 'Entrada decorrente de devolução de mercadoria remetida com fim específico de exportação, adquirida ou recebida de terceiros', 'Classificam-se neste código as devoluções de mercadorias adquiridas ou recebidas de terceiros remetidas a trading company, a empresa comercial exportadora ou a outro estabelecimento do remetente, com fim específico de exportação, cujas saídas tenham sido classificadas no código 6.502 - Remessa de mercadoria adquirida ou recebida de terceiros, com fim específico de exportação.'),
	('2505', 'Entrada decorrente de devolução simbólica de mercadoria remetida para formação de lote de exportação, de produto industrializado ou produzido pelo próprio estabelecimento.', 'Devolução simbólica de mercadoria remetida para formação de lote de exportação, cuja saída tenha sido classificada no código "6.504 – Remessa de mercadoria para formação de lote de exportação, de produto industrializado ou produzido pelo próprio estabelecimento". (ACR Ajuste SINIEF 09/2005) (Decreto 28.868/2006)\r\n\r\n(ACR Ajuste SINIEF 09/2005) (Dec. 28.868/2006 - a sua aplicação será obrigatória em relação aos fatos geradores ocorridos a partir de 01 de julho de 2006, ficando facultada ao contribuinte a sua adoção para fatos '),
	('2506', 'Entrada decorrente de devolução simbólica de mercadoria, adquirida ou recebida de terceiros, remetida para formação de lote de exportação.', 'Devolução simbólica de mercadoria remetida para formação de lote de exportação em armazéns alfandegados, entrepostos aduaneiros ou outros estabelecimentos que venham a ser regulamentados pela legislação tributária de cada Unidade Federada, efetuada pelo estabelecimento depositário, cuja saída tenha sido classificada no código "6.505 – Remessa de mercadoria, adquirida ou recebida de terceiros, para formação de lote de exportação".\r\n\r\n(ACR Ajuste SINIEF 09/2005) (Dec. 28.868/2006 - a sua aplicação será obrigatória em relação a'),
	('2550', 'OPERAÇÕES COM BENS DE ATIVO IMOBILIZADO E MATERIAIS PARA USO OU CONSUMO', NULL),
	('2551', 'Compra de bem para o ativo imobilizado', 'Classificam-se neste código as compras de bens destinados ao ativo imobilizado do estabelecimento.'),
	('2552', 'Transferência de bem do ativo imobilizado', 'Classificam-se neste código as entradas de bens destinados ao ativo imobilizado recebidos em transferência de outro estabelecimento da mesma empresa.'),
	('2553', 'Devolução de venda de bem do ativo imobilizado', 'Classificam-se neste código as devoluções de vendas de bens do ativo imobilizado, cujas saídas tenham sido classificadas no código 6.551 - Venda de bem do ativo imobilizado.'),
	('2554', 'Retorno de bem do ativo imobilizado remetido para uso fora do estabelecimento', 'Classificam-se neste código as entradas por retorno de bens do ativo imobilizado remetidos para uso fora do estabelecimento, cujas saídas tenham sido classificadas no código 6.554 - Remessa de bem do ativo imobilizado para uso fora do estabelecimento.'),
	('2555', 'Entrada de bem do ativo imobilizado de terceiro, remetido para uso no estabelecimento', 'Classificam-se neste código as entradas de bens do ativo imobilizado de terceiros, remetidos para uso no estabelecimento.'),
	('2556', 'Compra de material para uso ou consumo', 'Classificam-se neste código as compras de mercadorias destinadas ao uso ou consumo do estabelecimento.'),
	('2557', 'Transferência de material para uso ou consumo', 'Classificam-se neste código as entradas de materiais para uso ou consumo recebidos em transferência de outro estabelecimento da mesma empresa.'),
	('2600', 'CRÉDITOS E RESSARCIMENTOS DE ICMS', NULL),
	('2603', 'Ressarcimento de ICMS retido por substituição tributária', 'Classificam-se neste código os lançamentos destinados ao registro de ressarcimento de ICMS retido por substituição tributária a contribuinte substituído, efetuado pelo contribuinte substituto, nas hipóteses previstas na legislação aplicável.'),
	('2650', 'ENTRADAS DE COMBUSTÍVEIS, DERIVADOS OU NÃO DE PETRÓLEO, E LUBRIFICANTES (ACR Ajuste SINIEF 9/2003)', '(ACR Ajuste SINIEF 05/2005) (Dec.28.868/2006 )'),
	('2651', 'Compra de combustível ou lubrificante para industrialização subseqüente', 'Compra de combustível ou lubrificante a ser utilizados em processo de industrialização do próprio produto. (a partir 01.01.2004 -  Decreto Nº 26.174 de 26/11/2003)'),
	('2652', 'Compra de combustível ou lubrificante para comercialização', 'Compra de combustível ou lubrificante a ser comercializados. (a partir 01.01.2004 -  Decreto Nº 26.174 de 26/11/2003)'),
	('2653', 'Compra de combustível ou lubrificante por consumidor ou usuário final', 'Compra de combustível ou lubrificante, a ser consumidos em processo de industrialização de outros produtos, na produção rural, na prestação de serviço ou por usuário final.\r\n\r\n(NR Ajuste SINIEF 05/2005) (Dec.28.868/2006 - Efeitos a partir de 01/01/2006, ficando facultada ao contribuinte a sua adoção para fatos geradores ocorridos no período de 01 de novembro a 31 de dezembro de 2005)'),
	('2658', 'Transferência de combustível ou lubrificante para industrialização', 'Entrada de combustível ou lubrificante, recebidos em transferência de outro estabelecimento da mesma empresa, para ser utilizados em processo de industrialização do próprio produto. (a partir 01.01.2004 -  Decreto Nº 26.174 de 26/11/2003)'),
	('2659', 'Transferência de combustível ou lubrificante para comercialização', 'Entrada de combustível ou lubrificante, recebidos em transferência de outro estabelecimento da mesma empresa, para ser comercializados. (a partir 01.01.2004 -  Decreto Nº 26.174 de 26/11/2003)'),
	('2660', 'Devolução de venda de combustível ou lubrificante destinados à industrialização subseqüente', 'Devolução de venda de combustível ou lubrificante, cuja saída tenha sido classificada como "Venda de combustível ou lubrificante destinados à industrialização subseqüente".(a partir 01.01.2004 -  Decreto Nº 26.174 de 26/11/2003)'),
	('2661', 'Devolução de venda de combustível ou lubrificante destinados à comercialização', 'Devolução de venda de combustível ou lubrificante, cuja saída tenha sido classificada como "Venda de combustível ou lubrificante para comercialização".(a partir 01.01.2004 -  Decreto Nº 26.174 de 26/11/2003)'),
	('2662', 'Devolução de venda de combustível ou lubrificante destinados a consumidor ou usuário final', 'Devolução de venda de combustível ou lubrificante, cuja saída tenha sido classificada como "Venda de combustível ou lubrificante por consumidor ou usuário final".(a partir 01.01.2004 -  Decreto Nº 26.174 de 26/11/2003)'),
	('2663', 'Entrada de combustível ou lubrificante para armazenagem', 'Entrada de combustível ou lubrificante para armazenagem. (a partir 01.01.2004 -  Decreto Nº 26.174 de 26/11/2003)'),
	('2664', 'Retorno de combustível ou lubrificante remetidos para armazenagem', 'Entrada, ainda que simbólica, por retorno de combustível ou lubrificante, remetidos para armazenagem. (a partir 01.01.2004 -  Decreto Nº 26.174 de 26/11/2003)'),
	('2900', 'OUTRAS ENTRADAS DE MERCADORIAS OU AQUISIÇÕES DE SERVIÇOS', NULL),
	('2901', 'Entrada para industrialização por encomenda', 'Classificam-se neste código as entradas de insumos recebidos para industrialização por encomenda de outra empresa ou de outro estabelecimento da mesma empresa.'),
	('2902', 'Retorno de mercadoria remetida para industrialização por encomenda', 'Classificam-se neste código o retorno dos insumos remetidos para industrialização por encomenda, incorporados ao produto final pelo estabelecimento industrializador.'),
	('2903', 'Entrada de mercadoria remetida para industrialização e não aplicada no referido processo', 'Classificam-se neste código as entradas em devolução de insumos remetidos para industrialização e não aplicados no referido processo.'),
	('2904', 'Retorno de remessa para venda fora do estabelecimento', 'Classificam-se neste código as entradas em retorno de mercadorias remetidas para venda fora do estabelecimento, inclusive por meio de veículos, e não comercializadas.'),
	('2905', 'Entrada de mercadoria recebida para depósito em depósito fechado ou armazém geral', 'Classificam-se neste código as entradas de mercadorias recebidas para depósito em depósito fechado ou armazém geral.'),
	('2906', 'Retorno de mercadoria remetida para depósito fechado ou armazém geral', 'Classificam-se neste código as entradas em retorno de mercadorias remetidas para depósito em depósito fechado ou armazém geral.'),
	('2907', 'Retorno simbólico de mercadoria remetida para depósito fechado ou armazém geral', 'Classificam-se neste código as entradas em retorno simbólico de mercadorias remetidas para depósito em depósito fechado ou armazém geral, quando as mercadorias depositadas tenham sido objeto de saída a qualquer título e que não tenham retornado ao estabelecimento depositante.'),
	('2908', 'Entrada de bem por conta de contrato de comodato', 'Classificam-se neste código as entradas de bens recebidos em cumprimento de contrato de comodato.'),
	('2909', 'Retorno de bem remetido por conta de contrato de comodato', 'Classificam-se neste código as entradas de bens recebidos em devolução após cumprido o contrato de comodato.'),
	('2910', 'Entrada de bonificação, doação ou brinde', 'Classificam-se neste código as entradas de mercadorias recebidas a título de bonificação, doação ou brinde.'),
	('2911', 'Entrada de amostra grátis', 'Classificam-se neste código as entradas de mercadorias recebidas a título de amostra grátis.'),
	('2912', 'Entrada de mercadoria ou bem recebido para demonstração', 'Classificam-se neste código as entradas de mercadorias ou bens recebidos para demonstração.'),
	('2913', 'Retorno de mercadoria ou bem remetido para demonstração', 'Classificam-se neste código as entradas em retorno de mercadorias ou bens remetidos para demonstração.'),
	('2914', 'Retorno de mercadoria ou bem remetido para exposição ou feira', 'Classificam-se neste código as entradas em retorno de mercadorias ou bens remetidos para exposição ou feira.'),
	('2915', 'Entrada de mercadoria ou bem recebido para conserto ou reparo', 'Classificam-se neste código as entradas de mercadorias ou bens recebidos para conserto ou reparo.'),
	('2916', 'Retorno de mercadoria ou bem remetido para conserto ou reparo', 'Classificam-se neste código as entradas em retorno de mercadorias ou bens remetidos para conserto ou reparo.'),
	('2917', 'Entrada de mercadoria recebida em consignação mercantil ou industrial', 'Classificam-se neste código as entradas de mercadorias recebidas a título de consignação mercantil ou industrial.'),
	('2918', 'Devolução de mercadoria remetida em consignação mercantil ou industrial', 'Classificam-se neste código as entradas por devolução de mercadorias remetidas anteriormente a título de consignação mercantil ou industrial.'),
	('2919', 'Devolução simbólica de mercadoria vendida ou utilizada em processo industrial, remetida anteriormente em consignação mercantil ou industrial', 'Classificam-se neste código as entradas por devolução simbólica de mercadorias vendidas ou utilizadas em processo industrial, remetidas anteriormente a título de consignação mercantil ou industrial.'),
	('2920', 'Entrada de vasilhame ou sacaria', 'Classificam-se neste código as entradas de vasilhame ou sacaria.'),
	('2921', 'Retorno de vasilhame ou sacaria', 'Classificam-se neste código as entradas em retorno de vasilhame ou sacaria.'),
	('2922', 'Lançamento efetuado a título de simples faturamento decorrente de compra para recebimento futuro', 'Classificam-se neste código os registros efetuados a título de simples faturamento decorrente de compra para recebimento futuro.'),
	('2923', 'Entrada de mercadoria recebida do vendedor remetente, em venda à ordem', 'Classificam-se neste código as entradas de mercadorias recebidas do vendedor remetente, em vendas à ordem, cuja compra do adquirente originário, foi classificada nos códigos 2.120 - Compra para industrialização, em venda à ordem, já recebida do vendedor remetente ou 2.121 - Compra para comercialização, em venda à ordem, já recebida do vendedor remetente.'),
	('2924', 'Entrada para industrialização por conta e ordem do adquirente da mercadoria, quando esta não transitar pelo estabelecimento do adquirente', 'Classificam-se neste código as entradas de insumos recebidos para serem industrializados por conta e ordem do adquirente, nas hipóteses em que os insumos não tenham transitado pelo estabelecimento do adquirente dos mesmos.'),
	('2925', 'Retorno de mercadoria remetida para industrialização por conta e ordem do adquirente da mercadoria, quando esta não transitar pelo estabelecimento do adquirente', 'Classificam-se neste código o retorno dos insumos remetidos por conta e ordem do adquirente, para industrialização e incorporados ao produto final pelo estabelecimento industrializador, nas hipóteses em que os insumos não tenham transitado pelo estabelecimento do adquirente.'),
	('2931', 'Lançamento efetuado pelo tomador do serviço de transporte, quando a responsabilidade de retenção do imposto for atribuída ao remetente ou alienante da mercadoria, pelo serviço de transporte realizado ', 'Lançamento efetuado pelo tomador do serviço de transporte realizado por transportador autônomo ou por transportador não-inscrito na Unidade da Federação onde se tenha iniciado o serviço, quando a responsabilidade pela retenção do imposto for atribuída ao remetente ou alienante da mercadoria.\r\n\r\n (ACR Ajuste SINIEF 03/2004) (DECRETO Nº 26.810/2004) (a partir de 01.01.2005)'),
	('2932', 'Aquisição de serviço de transporte iniciado em Unidade da Federação diversa daquela onde esteja inscrito o prestador', 'Aquisição de serviço de transporte que tenha sido iniciado em Unidade da Federação diversa daquela onde o prestador esteja inscrito como contribuinte. (ACR Ajuste SINIEF 03/2004) (DECRETO Nº 26.810/2004) (a partir de 01.01.2005)'),
	('2933', 'Aquisição de serviço tributado pelo Imposto Sobre Serviços de Qualquer Natureza', 'Aquisição de serviço, cujo imposto é de competência municipal, desde que informado em Nota Fiscal modelo 1 e 1-A. (NR Ajuste SINIEF 06/2005) (a partir de 01.01.2006)'),
	('2949', 'Outra entrada de mercadoria ou prestação de serviço não especificado', 'Classificam-se neste código as outras entradas de mercadorias ou prestações de serviços que não tenham sido especificados nos códigos anteriores.'),
	('3000', 'ENTRADAS OU AQUISIÇÕES DE SERVIÇOS DO EXTERIOR', 'Classificam-se, neste grupo, as entradas de mercadorias oriundas de outro país, inclusive as decorrentes de aquisição por arrematação, concorrência ou qualquer outra forma de alienação promovida pelo poder público, e os serviços iniciados no exterior'),
	('3100', 'COMPRAS PARA INDUSTRIALIZAÇÃO, PRODUÇÃO RURAL, COMERCIALIZAÇÃO OU PRESTAÇÃO DE SERVIÇOS (NR Ajuste SINIEF 05/2005) (Decreto 28.868/2006)', '(NR Ajuste SINIEF 05/2005) (Dec.28.868/2006 - Efeitos a partir de 01/01/2006, ficando facultada ao contribuinte a sua adoção para fatos geradores ocorridos no período de 01 de novembro a 31 de dezembro de 2005)'),
	('3101', 'Compra para industrialização ou produção rural (NR Ajuste SINIEF 05/2005) (Decreto 28.868/2006)', 'Compra de mercadoria a ser utilizada em processo de industrialização ou produção rural, bem como a entrada de mercadoria em estabelecimento industrial ou produtor rural de cooperativa.\r\n(NR Ajuste SINIEF 05/2005) (Dec.28.868/2006 - Efeitos a partir de 01/01/2006, ficando facultada ao contribuinte a sua adoção para fatos geradores ocorridos no período de 01 de novembro a 31 de dezembro de 2005)'),
	('3102', 'Compra para comercialização', 'Classificam-se neste código as compras de mercadorias a serem comercializadas. Também serão classificadas neste código as entradas de mercadorias em estabelecimento comercial de cooperativa.'),
	('3126', 'Compra para utilização na prestação de serviço', 'Classificam-se neste código as entradas de mercadorias a serem utilizadas nas prestações de serviços.'),
	('3127', 'Compra para industrialização sob o regime de drawback', 'Classificam-se neste código as compras de mercadorias a serem utilizadas em processo de industrialização e posterior exportação do produto resultante, cujas vendas serão classificadas no código 7.127 - Venda de produção do estabelecimento sob o regime de drawback.'),
	('3200', 'DEVOLUÇÕES DE VENDAS DE PRODUÇÃO PRÓPRIA, DE TERCEIROS OU ANULAÇÕES DE VALORES', NULL),
	('3201', 'Devolução de venda de produção do estabelecimento', 'Devolução de venda de produto industrializado ou produzido pelo próprio estabelecimento, cuja saída tenha sido classificada como "Venda de produção do estabelecimento".\r\n\r\n(NR Ajuste SINIEF 05/2005) (Dec.28.868/2006 - Efeitos a partir de 01/01/2006, ficando facultada ao contribuinte a sua adoção para fatos geradores ocorridos no período de 01 de novembro a 31 de dezembro de 2005)'),
	('3202', 'Devolução de venda de mercadoria adquirida ou recebida de terceiros', 'Classificam-se neste código as devoluções de vendas de mercadorias adquiridas ou recebidas de terceiros, que não tenham sido objeto de industrialização no estabelecimento, cujas saídas tenham sido classificadas como Venda de mercadoria adquirida ou recebida de terceiros.'),
	('3205', 'Anulação de valor relativo à prestação de serviço de comunicação', 'Classificam-se neste código as anulações correspondentes a valores faturados indevidamente, decorrentes de prestações de serviços de comunicação.'),
	('3206', 'Anulação de valor relativo à prestação de serviço de transporte', 'Classificam-se neste código as anulações correspondentes a valores faturados indevidamente, decorrentes de prestações de serviços de transporte.'),
	('3207', 'Anulação de valor relativo à venda de energia elétrica', 'Classificam-se neste código as anulações correspondentes a valores faturados indevidamente, decorrentes de venda de energia elétrica.'),
	('3211', 'Devolução de venda de produção do estabelecimento sob o regime de drawback', 'Classificam-se neste código as devoluções de vendas de produtos industrializados pelo estabelecimento sob o regime de drawback.'),
	('3250', 'COMPRAS DE ENERGIA ELÉTRICA', NULL),
	('3251', 'Compra de energia elétrica para distribuição ou comercialização', 'Classificam-se neste código as compras de energia elétrica utilizada em sistema de distribuição ou comercialização. Também serão classificadas neste código as compras de energia elétrica por cooperativas para distribuição aos seus cooperados.'),
	('3301', 'Aquisição de serviço de comunicação para execução de serviço da mesma natureza', 'Classificam-se neste código as aquisições de serviços de comunicação utilizados nas prestações de serviços da mesma natureza.'),
	('3350', 'AQUISIÇÕES DE SERVIÇOS DE TRANSPORTE', NULL),
	('3351', 'Aquisição de serviço de transporte para execução de serviço da mesma natureza', 'Classificam-se neste código as aquisições de serviços de transporte utilizados nas prestações de serviços da mesma natureza.'),
	('3352', 'Aquisição de serviço de transporte por estabelecimento industrial', 'Classificam-se neste código as aquisições de serviços de transporte utilizados por estabelecimento industrial. Também serão classificadas neste código as aquisições de serviços de transporte utilizados por estabelecimento industrial de cooperativa.'),
	('3353', 'Aquisição de serviço de transporte por estabelecimento comercial', 'Classificam-se neste código as aquisições de serviços de transporte utilizados por estabelecimento comercial. Também serão classificadas neste código as aquisições de serviços de transporte utilizados por estabelecimento comercial de cooperativa.'),
	('3354', 'Aquisição de serviço de transporte por estabelecimento de prestador de serviço de comunicação', 'Classificam-se neste código as aquisições de serviços de transporte utilizados por estabelecimento prestador de serviços de comunicação.'),
	('3355', 'Aquisição de serviço de transporte por estabelecimento de geradora ou de distribuidora de energia elétrica', 'Classificam-se neste código as aquisições de serviços de transporte utilizados por estabelecimento de geradora ou de distribuidora de energia elétrica.'),
	('3356', 'Aquisição de serviço de transporte por estabelecimento de produtor rural', 'Classificam-se neste código as aquisições de serviços de transporte utilizados por estabelecimento de produtor rural.'),
	('3500', 'ENTRADAS DE MERCADORIAS REMETIDAS COM FIM ESPECÍFICO DE EXPORTAÇÃO E EVENTUAIS DEVOLUÇÕES', NULL),
	('3503', 'Devolução de mercadoria exportada que tenha sido recebida com fim específico de exportação', 'Classificam-se neste código as devoluções de mercadorias exportadas por trading company, empresa comercial exportadora ou outro estabelecimento do remetente, recebidas com fim específico de exportação, cujas saídas tenham sido classificadas no código 7.501 - Exportação de mercadorias recebidas com fim específico de exportação.'),
	('3550', 'OPERAÇÕES COM BENS DE ATIVO IMOBILIZADO E MATERIAIS PARA USO OU CONSUMO', NULL),
	('3551', 'Compra de bem para o ativo imobilizado', 'Classificam-se neste código as compras de bens destinados ao ativo imobilizado do estabelecimento.'),
	('3553', 'Devolução de venda de bem do ativo imobilizado', 'Classificam-se neste código as devoluções de vendas de bens do ativo imobilizado, cujas saídas tenham sido classificadas no código 7.551 - Venda de bem do ativo imobilizado.'),
	('3556', 'Compra de material para uso ou consumo', 'Classificam-se neste código as compras de mercadorias destinadas ao uso ou consumo do estabelecimento.'),
	('3650', 'ENTRADAS DE COMBUSTÍVEIS, DERIVADOS OU NÃO DE PETRÓLEO, E LUBRIFICANTES', '(ACR Ajuste SINIEF 9/2003 - a partir 01.01.2004) (Decreto Nº 26.174 de 26/11/2003)'),
	('3651', 'Compra de combustível ou lubrificante para industrialização subseqüente', 'Compra de combustível ou lubrificante a ser utilizados em processo de industrialização do próprio produto. (a partir 01.01.2004 -  Decreto Nº 26.174 de 26/11/2003)'),
	('3652', 'Compra de combustível ou lubrificante para comercialização', 'Compra de combustível ou lubrificante a ser comercializados. (a partir 01.01.2004 -  Decreto Nº 26.174 de 26/11/2003)'),
	('3653', 'Compra de combustível ou lubrificante por consumidor ou usuário final', 'Compra de combustível ou lubrificante, a ser consumidos em processo de industrialização de outros produtos, na produção rural, na prestação de serviço ou por usuário final.\r\n\r\n(NR Ajuste SINIEF 05/2005) (Dec.28.868/2006 - Efeitos a partir de 01/01/2006, ficando facultada ao contribuinte a sua adoção para fatos geradores ocorridos no período de 01 de novembro a 31 de dezembro de 2005)'),
	('3900', 'OUTRAS ENTRADAS DE MERCADORIAS OU AQUISIÇÕES DE SERVIÇOS', NULL),
	('3930', 'Lançamento efetuado a título de entrada de bem sob amparo de regime especial aduaneiro de admissão temporária', 'Lançamento efetuado a título de entrada de bem amparada por regime especial aduaneiro de admissão temporária. – (Decreto Nº 26.174 de 26/11/2003). a partir 01.01.2004   '),
	('3949', 'Outra entrada de mercadoria ou prestação de serviço não especificado', 'Outra entrada de mercadoria ou prestação de serviço que não tenham sido especificada nos códigos anteriores. – (Decreto Nº 26.174 de 26/11/2003). a partir 01.01.2004  '),
	('5000', 'SAÍDAS OU PRESTAÇÕES DE SERVIÇOS PARA O ESTADO', 'Classificam-se, neste grupo, as operações ou prestações em que o estabelecimento remetente esteja localizado na mesma unidade da Federação do destinatário.'),
	('5100', 'VENDAS DE PRODUÇÃO PRÓPRIA OU DE TERCEIROS', NULL),
	('5101', 'Venda de produção do estabelecimento', 'Venda de produto industrializado ou produzido pelo estabelecimento, bem como a de mercadoria por estabelecimento industrial ou produtor rural de cooperativa destinada a seus cooperados ou a estabelecimento de outra cooperativa.\n\n(NR Ajuste SINIEF 05/2005) (Dec.28.868/2006 - Efeitos a partir de 01/01/2006, ficando facultada ao contribuinte a sua adoção para fatos geradores ocorridos no período de 01 de novembro a 31 de dezembro de 2005)'),
	('5102', 'Venda de mercadoria adquirida ou recebida de terceiros', 'Classificam-se neste código as vendas de mercadorias adquiridas ou recebidas de terceiros para industrialização ou comercialização, que não tenham sido objeto de qualquer processo industrial no estabelecimento. Também serão classificadas neste código as vendas de mercadorias por estabelecimento comercial de cooperativa destinadas a seus cooperados ou estabelecimento de outra cooperativa.'),
	('5103', 'Venda de produção do estabelecimento efetuada fora do estabelecimento', 'Venda efetuada fora do estabelecimento, inclusive por meio de veículo, de produto industrializado ou produzido no estabelecimento.\r\n\r\n(NR Ajuste SINIEF 05/2005) (Dec.28.868/2006 - Efeitos a partir de 01/01/2006, ficando facultada ao contribuinte a sua adoção para fatos geradores ocorridos no período de 01 de novembro a 31 de dezembro de 2005)'),
	('5104', 'Venda de mercadoria adquirida ou recebida de terceiros, efetuada fora do estabelecimento', 'Classificam-se neste código as vendas efetuadas fora do estabelecimento, inclusive por meio de veículo, de mercadorias adquiridas ou recebidas de terceiros para industrialização ou comercialização, que não tenham sido objeto de qualquer processo industrial no estabelecimento.'),
	('5105', 'Venda de produção do estabelecimento que não deva por ele transitar', 'Classificam-se neste código as vendas de produtos industrializados no estabelecimento, armazenados em depósito fechado, armazém geral ou outro sem que haja retorno ao estabelecimento depositante.'),
	('5106', 'Venda de mercadoria adquirida ou recebida de terceiros, que não deva por ele transitar', 'Classificam-se neste código as vendas de mercadorias adquiridas ou recebidas de terceiros para industrialização ou comercialização, armazenadas em depósito fechado, armazém geral ou outro, que não tenham sido objeto de qualquer processo industrial no estabelecimento sem que haja retorno ao estabelecimento depositante. Também serão classificadas neste código as vendas de mercadorias importadas, cuja saída ocorra do recinto alfandegado ou da repartição alfandegária onde se processou o desembaraço aduaneiro, com destino ao esta'),
	('5109', 'Venda de produção do estabelecimento destinada à Zona Franca de Manaus ou Áreas de Livre Comércio', 'Venda de produto industrializado ou produzido pelo estabelecimento destinado à Zona Franca de Manaus ou Áreas de Livre Comércio.\r\n\r\n(NR Ajuste SINIEF 05/2005) (Dec.28.868/2006 - Efeitos a partir de 01/01/2006, ficando facultada ao contribuinte a sua adoção para fatos geradores ocorridos no período de 01 de novembro a 31 de dezembro de 2005)'),
	('5110', 'Venda de mercadoria, adquirida ou recebida de terceiros, destinada à Zona Franca de Manaus ou Áreas de Livre Comercio, de que trata o Anexo do Convênio SINIEF s/n, de 15 de dezembro de 1970, que dispõ', 'Venda de mercadoria, adquirida ou recebida de terceiros, destinada à Zona Franca de Manaus ou Áreas de Livre Comércio, desde que alcançada pelos benefícios fiscais de que tratam o Decreto-Lei nº 288, de 28 de fevereiro de 1967, o Convênio ICM 65/88, de 06 de dezembro de 1988, o Convênio ICMS 36/97, de 23 de maio de 1997, e o Convênio ICMS 37/97, de 23 de maio de 1997. (NR Ajuste SINIEF 09/2004) (Decreto nº 26.955/2004) RETROAGINDO SEUS EFEITOS A 24.06.2004.'),
	('5111', 'Venda de produção do estabelecimento remetida anteriormente em consignação industrial', 'Classificam-se neste código as vendas efetivas de produtos industrializados no estabelecimento remetidos anteriormente a título de consignação industrial.'),
	('5112', 'Venda de mercadoria adquirida ou recebida de terceiros remetida anteriormente em consignação industrial', 'Classificam-se neste código as vendas efetivas de mercadorias adquiridas ou recebidas de terceiros, que não tenham sido objeto de qualquer processo industrial no estabelecimento, remetidas anteriormente a título de consignação industrial.'),
	('5113', 'Venda de produção do estabelecimento remetida anteriormente em consignação mercantil', 'Classificam-se neste código as vendas efetivas de produtos industrializados no estabelecimento remetidos anteriormente a título de consignação mercantil.'),
	('5114', 'Venda de mercadoria adquirida ou recebida de terceiros remetida anteriormente em consignação mercantil', 'Classificam-se neste código as vendas efetivas de mercadorias adquiridas ou recebidas de terceiros, que não tenham sido objeto de qualquer processo industrial no estabelecimento, remetidas anteriormente a título de consignação mercantil.'),
	('5115', 'Venda de mercadoria adquirida ou recebida de terceiros, recebida anteriormente em consignação mercantil', 'Classificam-se neste código as vendas de mercadorias adquiridas ou recebidas de terceiros, recebidas anteriormente a título de consignação mercantil.'),
	('5116', 'Venda de produção do estabelecimento originada de encomenda para entrega futura', 'Venda de produto industrializado ou produzido pelo estabelecimento, quando da saída real do produto, cujo faturamento tenha sido classificado no código "5.922 – Lançamento efetuado a título de simples faturamento decorrente de venda para entrega futura".\r\n\r\n(NR Ajuste SINIEF 05/2005) (Dec.28.868/2006 - Efeitos a partir de 01/01/2006, ficando facultada ao contribuinte a sua adoção para fatos geradores ocorridos no período de 01 de novembro a 31 de dezembro de 2005)'),
	('5118', 'Venda de produção do estabelecimento entregue ao destinatário por conta e ordem do adquirente originário, em venda à ordem', 'Classificam-se neste código as vendas à ordem de produtos industrializados pelo estabelecimento, entregues ao destinatário por conta e ordem do adquirente originário.'),
	('5119', 'Venda de mercadoria adquirida ou recebida de terceiros entregue ao destinatário por conta e ordem do adquirente originário, em venda à ordem', 'Classificam-se neste código as vendas à ordem de mercadorias adquiridas ou recebidas de terceiros, que não tenham sido objeto de qualquer processo industrial no estabelecimento, entregues ao destinatário por conta e ordem do adquirente originário.'),
	('5120', 'Venda de mercadoria adquirida ou recebida de terceiros entregue ao destinatário pelo vendedor remetente, em venda à ordem', 'Classificam-se neste código as vendas à ordem de mercadorias adquiridas ou recebidas de terceiros, que não tenham sido objeto de qualquer processo industrial no estabelecimento, entregues pelo vendedor remetente ao destinatário, cuja compra seja classificada, pelo adquirente originário, no código 1.118 - Compra de mercadoria pelo adquirente originário, entregue pelo vendedor remetente ao destinatário, em venda à ordem.'),
	('5122', 'Venda de produção do estabelecimento remetida para industrialização, por conta e ordem do adquirente, sem transitar pelo estabelecimento do adquirente', 'Classificam-se neste código as vendas de produtos industrializados no estabelecimento, remetidos para serem industrializados em outro estabelecimento, por conta e ordem do adquirente, sem que os produtos tenham transitado pelo estabelecimento do adquirente.'),
	('5123', 'Venda de mercadoria adquirida ou recebida de terceiros remetida para industrialização, por conta e ordem do adquirente, sem transitar pelo estabelecimento do adquirente', 'Classificam-se neste código as vendas de mercadorias adquiridas ou recebidas de terceiros, que não tenham sido objeto de qualquer processo industrial no estabelecimento, remetidas para serem industrializadas em outro estabelecimento, por conta e ordem do adquirente, sem que as mercadorias tenham transitado pelo estabelecimento do adquirente.'),
	('5124', 'Industrialização efetuada para outra empresa', 'Classificam-se neste código as saídas de mercadorias industrializadas para terceiros, compreendendo os valores referentes aos serviços prestados e os das mercadorias de propriedade do industrializador empregadas no processo industrial.'),
	('5125', 'Industrialização efetuada para outra empresa quando a mercadoria recebida para utilização no processo de industrialização não transitar pelo estabelecimento adquirente da mercadoria', 'Classificam-se neste código as saídas de mercadorias industrializadas para outras empresas, em que as mercadorias recebidas para utilização no processo de industrialização não tenham transitado pelo estabelecimento do adquirente das mercadorias, compreendendo os valores referentes aos serviços prestados e os das mercadorias de propriedade do industrializador empregadas no processo industrial.'),
	('5150', 'TRANSFERÊNCIAS DE PRODUÇÃO PRÓPRIA OU DE TERCEIROS', NULL),
	('5151', 'Transferência de produção do estabelecimento', 'Transferência de produto industrializado ou produzido no estabelecimento para outro estabelecimento da mesma empresa.\r\n\r\n(NR Ajuste SINIEF 05/2005) (Dec.28.868/2006 - Efeitos a partir de 01/01/2006, ficando facultada ao contribuinte a sua adoção para fatos geradores ocorridos no período de 01 de novembro a 31 de dezembro de 2005)'),
	('5152', 'Transferência de mercadoria adquirida ou recebida de terceiros', 'Mercadoria adquirida ou recebida de terceiros para industrialização, comercialização ou utilização na prestação de serviço e que não tenha sido objeto de qualquer processo industrial no estabelecimento, transferida para outro estabelecimento da mesma empresa. A partir  10 de julho de 2003. (Decreto nº 26.020/2003)'),
	('5153', 'Transferência de energia elétrica', 'Classificam-se neste código as transferências de energia elétrica para outro estabelecimento da mesma empresa, para distribuição.'),
	('5155', 'Transferência de produção do estabelecimento, que não deva por ele transitar', 'Classificam-se neste código as transferências para outro estabelecimento da mesma empresa, de produtos industrializados no estabelecimento que tenham sido remetidos para armazém geral, depósito fechado ou outro, sem que haja retorno ao estabelecimento depositante.'),
	('5156', 'Transferência de mercadoria adquirida ou recebida de terceiros, que não deva por ele transitar', 'Classificam-se neste código as transferências para outro estabelecimento da mesma empresa, de mercadorias adquiridas ou recebidas de terceiros para industrialização ou comercialização, que não tenham sido objeto de qualquer processo industrial, remetidas para armazém geral, depósito fechado ou outro, sem que haja retorno ao estabelecimento depositante.'),
	('5200', 'DEVOLUÇÕES DE COMPRAS PARA INDUSTRIALIZAÇÃO, PRODUÇÃO RURAL, COMERCIALIZAÇÃO OU ANULAÇÕES DE VALORES (NR Ajuste SINIEF 05/2005) (Decreto 28.868/2006)', '(NR Ajuste SINIEF 05/2005) (Dec.28.868/2006 - Efeitos a partir de 01/01/2006, ficando facultada ao contribuinte a sua adoção para fatos geradores ocorridos no período de 01 de novembro a 31 de dezembro de 2005)'),
	('5201', 'Devolução de compra para industrialização ou produção rural (NR Ajuste SINIEF 05/2005) (Decreto 28.868/2006)', 'Devolução de mercadoria adquirida para ser utilizada em processo de industrialização ou produção rural, cuja entrada tenha sido classificada como "1.101 - Compra para industrialização ou produção rural".\r\n\r\n(NR Ajuste SINIEF 05/2005) (Dec.28.868/2006 - Efeitos a partir de 01/01/2006, ficando facultada ao contribuinte a sua adoção para fatos geradores ocorridos no período de 01 de novembro a 31 de dezembro de 2005)'),
	('5202', 'Devolução de compra para comercialização', 'Classificam-se neste código as devoluções de mercadorias adquiridas para serem comercializadas, cujas entradas tenham sido classificadas como Compra para comercialização.'),
	('5205', 'Anulação de valor relativo a aquisição de serviço de comunicação', 'Classificam-se neste código as anulações correspondentes a valores faturados indevidamente, decorrentes das aquisições de serviços de comunicação.'),
	('5206', 'Anulação de valor relativo a aquisição de serviço de transporte', 'Classificam-se neste código as anulações correspondentes a valores faturados indevidamente, decorrentes das aquisições de serviços de transporte.'),
	('5207', 'Anulação de valor relativo à compra de energia elétrica', 'Classificam-se neste código as anulações correspondentes a valores faturados indevidamente, decorrentes da compra de energia elétrica.'),
	('5208', 'Devolução de mercadoria recebida em transferência para industrialização ou produção rural', 'Devolução de mercadoria recebida em transferência de outro estabelecimento da mesma empresa, para ser utilizada em processo de industrialização ou produção rural.\r\n(NR Ajuste SINIEF 05/2005) (Dec.28.868/2006 - Efeitos a partir de 01/01/2006, ficando facultada ao contribuinte a sua adoção para fatos geradores ocorridos no período de 01 de novembro a 31 de dezembro de 2005)'),
	('5209', 'Devolução de mercadoria recebida em transferência para comercialização', 'Classificam-se neste código as devoluções de mercadorias recebidas em transferência de outro estabelecimento da mesma empresa, para serem comercializadas.'),
	('5210', 'Devolução de compra para utilização na prestação de serviço', 'Classificam-se neste código as devoluções de mercadorias adquiridas para utilização na prestação de serviços, cujas entradas tenham sido classificadas no código 1.126 - Compra para utilização na prestação de serviço.'),
	('5250', 'VENDAS DE ENERGIA ELÉTRICA', NULL),
	('5251', 'Venda de energia elétrica para distribuição ou comercialização', 'Classificam-se neste código as vendas de energia elétrica destinada à distribuição ou comercialização. Também serão classificadas neste código as vendas de energia elétrica destinada a cooperativas para distribuição aos seus cooperados.'),
	('5252', 'Venda de energia elétrica para estabelecimento industrial', 'Classificam-se neste código as vendas de energia elétrica para consumo por estabelecimento industrial. Também serão classificadas neste código as vendas de energia elétrica destinada a estabelecimento industrial de cooperativa.'),
	('5253', 'Venda de energia elétrica para estabelecimento comercial', 'Classificam-se neste código as vendas de energia elétrica para consumo por estabelecimento comercial. Também serão classificadas neste código as vendas de energia elétrica destinada a estabelecimento comercial de cooperativa.'),
	('5254', 'Venda de energia elétrica para estabelecimento prestador de serviço de transporte', 'Classificam-se neste código as vendas de energia elétrica para consumo por estabelecimento de prestador de serviços de transporte.'),
	('5255', 'Venda de energia elétrica para estabelecimento prestador de serviço de comunicação', 'Classificam-se neste código as vendas de energia elétrica para consumo por estabelecimento de prestador de serviços de comunicação.'),
	('5256', 'Venda de energia elétrica para estabelecimento de produtor rural', 'Classificam-se neste código as vendas de energia elétrica para consumo por estabelecimento de produtor rural.'),
	('5257', 'Venda de energia elétrica para consumo por demanda contratada', 'Classificam-se neste código as vendas de energia elétrica para consumo por demanda contratada, que prevalecerá sobre os demais códigos deste subgrupo.'),
	('5258', 'Venda de energia elétrica a não contribuinte', 'Classificam-se neste código as vendas de energia elétrica a pessoas físicas ou a pessoas jurídicas não indicadas nos códigos anteriores.'),
	('5300', 'PRESTAÇÕES DE SERVIÇOS DE COMUNICAÇÃO', NULL),
	('5301', 'Prestação de serviço de comunicação para execução de serviço da mesma natureza', 'Classificam-se neste código as prestações de serviços de comunicação destinados às prestações de serviços da mesma natureza.'),
	('5302', 'Prestação de serviço de comunicação a estabelecimento industrial', 'Classificam-se neste código as prestações de serviços de comunicação a estabelecimento industrial. Também serão classificados neste código os serviços de comunicação prestados a estabelecimento industrial de cooperativa.'),
	('5303', 'Prestação de serviço de comunicação a estabelecimento comercial', 'Classificam-se neste código as prestações de serviços de comunicação a estabelecimento comercial. Também serão classificados neste código os serviços de comunicação prestados a estabelecimento comercial de cooperativa.'),
	('5304', 'Prestação de serviço de comunicação a estabelecimento de prestador de serviço de transporte', 'Classificam-se neste código as prestações de serviços de comunicação a estabelecimento prestador de serviço de transporte.'),
	('5305', 'Prestação de serviço de comunicação a estabelecimento de geradora ou de distribuidora de energia elétrica', 'Classificam-se neste código as prestações de serviços de comunicação a estabelecimento de geradora ou de distribuidora de energia elétrica.'),
	('5306', 'Prestação de serviço de comunicação a estabelecimento de produtor rural', 'Classificam-se neste código as prestações de serviços de comunicação a estabelecimento de produtor rural.'),
	('5307', 'Prestação de serviço de comunicação a não contribuinte', 'Classificam-se neste código as prestações de serviços de comunicação a pessoas físicas ou a pessoas jurídicas não indicadas nos códigos anteriores.'),
	('5350', 'PRESTAÇÕES DE SERVIÇOS DE TRANSPORTE', NULL),
	('5351', 'Prestação de serviço de transporte para execução de serviço da mesma natureza', 'Classificam-se neste código as prestações de serviços de transporte destinados às prestações de serviços da mesma natureza.'),
	('5352', 'Prestação de serviço de transporte a estabelecimento industrial', 'Classificam-se neste código as prestações de serviços de transporte a estabelecimento industrial. Também serão classificados neste código os serviços de transporte prestados a estabelecimento industrial de cooperativa.'),
	('5353', 'Prestação de serviço de transporte a estabelecimento comercial', 'Classificam-se neste código as prestações de serviços de transporte a estabelecimento comercial. Também serão classificados neste código os serviços de transporte prestados a estabelecimento comercial de cooperativa.'),
	('5354', 'Prestação de serviço de transporte a estabelecimento de prestador de serviço de comunicação', 'Classificam-se neste código as prestações de serviços de transporte a estabelecimento prestador de serviços de comunicação.'),
	('5355', 'Prestação de serviço de transporte a estabelecimento de geradora ou de distribuidora de energia elétrica', 'Classificam-se neste código as prestações de serviços de transporte a estabelecimento de geradora ou de distribuidora de energia elétrica.'),
	('5356', 'Prestação de serviço de transporte a estabelecimento de produtor rural', 'Classificam-se neste código as prestações de serviços de transporte a estabelecimento de produtor rural.'),
	('5357', 'Prestação de serviço de transporte a não contribuinte', 'Classificam-se neste código as prestações de serviços de transporte a pessoas físicas ou a pessoas jurídicas não indicadas nos códigos anteriores.'),
	('5359', 'Prestação de serviço de transporte a contribuinte ou a não-contribuinte, quando a mercadoria transportada esteja dispensada de emissão de Nota Fiscal ', 'Prestação de serviço de transporte a contribuinte ou a não-contribuinte, quando não existir a obrigação legal de emissão de Nota Fiscal para a mercadoria transportada. (ACR Ajuste SINIEF 03/2004) (DECRETO Nº 26.810, DE 10 DE JUNHO DE 2004) (a partir de 01.01.2005)'),
	('5360', 'Prestação de serviço de transporte a contribuinte-substituto em relação ao serviço de transporte (ACR) (Ajuste SINIEF 06/2007- Decreto nº 30.861/2007) – a partir de 01.01.2008', 'Prestação de serviço de transporte a contribuinte a quem tenha sido atribuída a condição de contribuinte-substituto em relação ao imposto incidente na prestação dos serviços.'),
	('5400', 'SAÍDAS DE MERCADORIAS SUJEITAS AO REGIME DE SUBSTITUIÇÃO TRIBUTÁRIA', NULL),
	('5401', 'Venda de produção do estabelecimento quando o produto esteja sujeito ao regime de substituição tributária', 'Venda de produto industrializado ou produzido pelo estabelecimento, quando o referido produto estiver sujeito ao regime de substituição tributária, bem como a de produto industrializado, por estabelecimento industrial ou produtor rural de cooperativa, sujeito ao regime de substituição tributária.\r\n(NR Ajuste SINIEF 05/2005) (Dec.28.868/2006 - Efeitos a partir de 01/01/2006, ficando facultada ao contribuinte a sua adoção para fatos geradores ocorridos no período de 01 de novembro a 31 de dezembro de 2005)'),
	('5402', 'Venda de produção do estabelecimento de produto sujeito ao regime de substituição tributária, em operação entre contribuintes substitutos do mesmo produto', 'Classificam-se neste código as vendas de produtos sujeitos ao regime de substituição tributária industrializados no estabelecimento, em operações entre contribuintes substitutos do mesmo produto'),
	('5403', 'Venda de mercadoria, adquirida ou recebida de terceiros, sujeita ao regime de substituição tributária, na condição de contribuinte-substituto', 'Venda de mercadoria, adquirida ou recebida de terceiros, sujeita ao regime de substituição tributária, na condição de contribuinte-substituto.\r\n\r\n– (Decreto Nº 25.068/2003). a partir 01.01.2003'),
	('5405', 'Venda de mercadoria, adquirida ou recebida de terceiros, sujeita ao regime de substituição tributária, na condição de contribuinte-substituído', 'Venda de mercadoria, adquirida ou recebida de terceiros, sujeita ao regime de substituição tributária, na condição de contribuinte-substituído.\r\n\r\n– (Decreto Nº 25.068/2003). a partir 01.01.2003'),
	('5408', 'Transferência de produção do estabelecimento quando o produto estiver sujeito ao regime de substituição tributária', 'Transferência de produto industrializado ou produzido no estabelecimento, para outro estabelecimento da mesma empresa, quando o produto estiver sujeito ao regime de substituição tributária.\r\n(NR Ajuste SINIEF 05/2005) (Dec.28.868/2006 - Efeitos a partir de 01/01/2006, ficando facultada ao contribuinte a sua adoção para fatos geradores ocorridos no período de 01 de novembro a 31 de dezembro de 2005)'),
	('5409', 'Transferência de mercadoria adquirida ou recebida de terceiros em operação com mercadoria sujeita ao regime de substituição tributária', 'Classificam-se neste código as transferências para outro estabelecimento da mesma empresa, de mercadorias adquiridas ou recebidas de terceiros que não tenham sido objeto de qualquer processo industrial no estabelecimento, em operações com mercadorias sujeitas ao regime de substituição tributária.'),
	('5410', 'Devolução de compra para industrialização de mercadoria sujeita ao regime de substituição tributária', 'Devolução de mercadoria adquirida para ser utilizada em processo de industrialização ou produção rural, cuja entrada tenha sido classificada como "Compra para industrialização ou produção rural de mercadoria sujeita ao regime de substituição tributária".\r\n(NR Ajuste SINIEF 05/2005) (Dec.28.868/2006 - Efeitos a partir de 01/01/2006, ficando facultada ao contribuinte a sua adoção para fatos geradores ocorridos no período de 01 de novembro a 31 de dezembro de 2005)'),
	('5411', 'Devolução de compra para comercialização em operação com mercadoria sujeita ao regime de substituição tributária', 'Classificam-se neste código as devoluções de mercadorias adquiridas para serem comercializadas, cujas entradas tenham sido classificadas como Compra para comercialização em operação com mercadoria sujeita ao regime de substituição tributária.'),
	('5412', 'Devolução de bem do ativo imobilizado, em operação com mercadoria sujeita ao regime de substituição tributária', 'Classificam-se neste código as devoluções de bens adquiridos para integrar o ativo imobilizado do estabelecimento, cuja entrada tenha sido classificada no código 1.406 - Compra de bem para o ativo imobilizado cuja mercadoria está sujeita ao regime de substituição tributária.'),
	('5413', 'Devolução de mercadoria destinada ao uso ou consumo, em operação com mercadoria sujeita ao regime de substituição tributária.', 'Classificam-se neste código as devoluções de mercadorias adquiridas para uso ou consumo do estabelecimento, cuja entrada tenha sido classificada no código 1.407 - Compra de mercadoria para uso ou consumo cuja mercadoria está sujeita ao regime de substituição tributária.'),
	('5414', 'Remessa de produção do estabelecimento para venda fora do estabelecimento, quando o produto estiver sujeito ao regime de substituição tributária', 'Remessa de produto industrializado ou produzido pelo estabelecimento para ser vendido fora do estabelecimento, inclusive por meio de veículo, quando o mencionado produto estiver sujeito ao regime de substituição tributária.\r\n\r\n(NR Ajuste SINIEF 05/2005) (Dec.28.868/2006 - Efeitos a partir de 01/01/2006, ficando facultada ao contribuinte a sua adoção para fatos geradores ocorridos no período de 01 de novembro a 31 de dezembro de 2005)'),
	('5415', 'Remessa de mercadoria adquirida ou recebida de terceiros para venda fora do estabelecimento, em operação com mercadoria sujeita ao regime de substituição tributária', 'Classificam-se neste código as remessas de mercadorias adquiridas ou recebidas de terceiros para serem vendidas fora do estabelecimento, inclusive por meio de veículos, em operações com mercadorias sujeitas ao regime de substituição tributária.'),
	('5450', 'SISTEMAS DE INTEGRAÇÃO', NULL),
	('5451', 'Remessa de animal e de insumo para estabelecimento produtor', 'Classificam-se neste código as saídas referentes à remessa de animais e de insumos para criação de animais no sistema integrado, tais como: pintos, leitões, rações e medicamentos.'),
	('5500', 'REMESSAS PARA FORMAÇÃO DE LOTE E COM FIM ESPECÍFICO DE EXPORTAÇÃO E EVENTUAIS DEVOLUÇÕES (NR Ajuste SINIEF 09/2005)', '(NR Ajuste SINIEF 09/2005) (Dec. 28.868/2006 - a sua aplicação será obrigatória em relação aos fatos geradores ocorridos a partir de 01 de julho de 2006, ficando facultada ao contribuinte a sua adoção para fatos geradores ocorridos no período de 01 de janeiro a 30 de junho de 2006)'),
	('5501', 'Remessa de produção do estabelecimento, com fim específico de exportação', 'Saída de produto industrializado ou produzido pelo estabelecimento, remetido com fim específico de exportação a "trading company", empresa comercial exportadora ou outro estabelecimento do remetente\r\n(NR Ajuste SINIEF 05/2005) (Dec.28.868/2006 - Efeitos a partir de 01/01/2006, ficando facultada ao contribuinte a sua adoção para fatos geradores ocorridos no período de 01 de novembro a 31 de dezembro de 2005)'),
	('5502', 'Remessa de mercadoria adquirida ou recebida de terceiros, com fim específico de exportação', 'Classificam-se neste código as saídas de mercadorias adquiridas ou recebidas de terceiros, remetidas com fim específico de exportação a trading company, empresa comercial exportadora ou outro estabelecimento do remetente.'),
	('5503', 'Devolução de mercadoria recebida com fim específico de exportação', 'Classificam-se neste código as devoluções efetuadas por trading company, empresa comercial exportadora ou outro estabelecimento do destinatário, de mercadorias recebidas com fim específico de exportação, cujas entradas tenham sido classificadas no código 1.501 - Entrada de mercadoria recebida com fim específico de exportação.'),
	('5504', 'Remessa de mercadoria para formação de lote de exportação, de produto industrializado ou produzido pelo próprio estabelecimento.', 'Remessa de mercadoria para formação de lote de exportação, de produto industrializado ou produzido pelo próprio estabelecimento.\r\n\r\n(ACR Ajuste SINIEF 09/2005) (Dec. 28.868/2006 - a sua aplicação será obrigatória em relação aos fatos geradores ocorridos a partir de 01 de julho de 2006, ficando facultada ao contribuinte a sua adoção para fatos geradores ocorridos no período de 01 de janeiro a 30 de junho de 2006)'),
	('5505', 'Remessa de mercadoria, adquirida ou recebida de terceiros, para formação de lote de exportação.', 'Remessa de mercadoria, adquirida ou recebida de terceiros, para formação de lote de exportação.\r\n\r\n(ACR Ajuste SINIEF 09/2005) (Dec. 28.868/2006 - a sua aplicação será obrigatória em relação aos fatos geradores ocorridos a partir de 01 de julho de 2006, ficando facultada ao contribuinte a sua adoção para fatos geradores ocorridos no período de 01 de janeiro a 30 de junho de 2006)'),
	('5550', 'OPERAÇÕES COM BENS DE ATIVO IMOBILIZADO E MATERIAIS PARA USO OU CONSUMO', NULL),
	('5551', 'Venda de bem do ativo imobilizado', 'Classificam-se neste código as vendas de bens integrantes do ativo imobilizado do estabelecimento.'),
	('5552', 'Transferência de bem do ativo imobilizado', 'Classificam-se neste código os bens do ativo imobilizado transferidos para outro estabelecimento da mesma empresa.'),
	('5553', 'Devolução de compra de bem para o ativo imobilizado', 'Classificam-se neste código as devoluções de bens adquiridos para integrar o ativo imobilizado do estabelecimento, cuja entrada foi classificada no código 1.551 - Compra de bem para o ativo imobilizado.'),
	('5554', 'Remessa de bem do ativo imobilizado para uso fora do estabelecimento', 'Classificam-se neste código as remessas de bens do ativo imobilizado para uso fora do estabelecimento.'),
	('5555', 'Devolução de bem do ativo imobilizado de terceiro, recebido para uso no estabelecimento', 'Classificam-se neste código as saídas em devolução, de bens do ativo imobilizado de terceiros, recebidos para uso no estabelecimento, cuja entrada tenha sido classificada no código 1.555 - Entrada de bem do ativo imobilizado de terceiro, remetido para uso no estabelecimento.'),
	('5556', 'Devolução de compra de material de uso ou consumo', 'Classificam-se neste código as devoluções de mercadorias destinadas ao uso ou consumo do estabelecimento, cuja entrada tenha sido classificada no código 1.556 - Compra de material para uso ou consumo.'),
	('5557', 'Transferência de material de uso ou consumo', 'Classificam-se neste código os materiais para uso ou consumo transferidos para outro estabelecimento da mesma empresa.'),
	('5600', 'CRÉDITOS E RESSARCIMENTOS DE ICMS', NULL),
	('5601', 'Transferência de crédito de ICMS acumulado', 'Classificam-se neste código os lançamentos destinados ao registro da transferência de créditos de ICMS para outras empresas.'),
	('5602', 'Transferência de saldo credor do ICMS, para outro estabelecimento da mesma empresa, destinado à compensação de saldo devedor do ICMS', 'Lançamento destinado ao registro da transferência de saldo credor do ICMS, para outro estabelecimento da mesma empresa, destinado à compensação do saldo devedor desse estabelecimento, inclusive no caso de apuração centralizada do imposto. (NR Ajuste SINIEF 09/2003 – a partir 01.01.2004)'),
	('5603', 'Ressarcimento de ICMS retido por substituição tributária', 'Classificam-se neste código os lançamentos destinados ao registro de ressarcimento de ICMS retido por substituição tributária a contribuinte substituído, efetuado pelo contribuinte substituto, nas hipóteses previstas na legislação aplicável.'),
	('5605', 'Transferência de saldo devedor do ICMS de outro estabelecimento da mesma empresa ', 'Lançamento destinado ao registro da transferência de saldo devedor do ICMS para outro estabelecimento da mesma empresa, para efetivação da apuração centralizada do imposto. (ACR Ajuste SINIEF 03/2004) (DECRETO Nº 26.810/2004) (a partir de 01.01.2005)'),
	('5606', 'Utilização de saldo credor do ICMS para extinção por compensação de débitos fiscais', 'Lançamento destinado ao registro de utilização de saldo credor do ICMS em conta gráfica para extinção por compensação de débitos fiscais desvinculados de conta gráfica. (ACR Ajuste SINIEF 02/2005 – a partir de 01.01.2006). (DECRETO Nº 27.995 de 06.06.2005) a partir de 01.01.2006'),
	('5650', 'SAÍDAS DE COMBUSTÍVEIS, DERIVADOS OU NÃO DE PETRÓLEO, E LUBRIFICANTES', ' (ACR Ajuste SINIEF 9/2003 - a partir 01.01.2004) ( Decreto Nº 26.174 de 26/11/2003)'),
	('5651', 'Venda de combustível ou lubrificante de produção do estabelecimento destinados à industrialização subseqüente', 'Venda de combustível ou lubrificante, industrializados no estabelecimento e destinados à industrialização do próprio produto, inclusive aquela decorrente de encomenda para entrega futura, cujo faturamento tenha sido classificado no código 5.922 – "Lançamento efetuado a título de simples faturamento decorrente de venda para entrega futura".(a partir 01.01.2004 -  Decreto Nº 26.174 de 26/11/2003)'),
	('5652', 'Venda de combustível ou lubrificante, de produção do estabelecimento, destinados à comercialização', 'Venda de combustível ou lubrificante, industrializados no estabelecimento, destinados à comercialização, inclusive aquela decorrente de encomenda para entrega futura, cujo faturamento tenha sido classificado no código 5.922 – "Lançamento efetuado a título de simples faturamento decorrente de venda para entrega futura".(a partir 01.01.2004 -  Decreto Nº 26.174 de 26/11/2003)'),
	('5653', 'Venda de combustível ou lubrificante, de produção do estabelecimento, destinados a consumidor ou usuário final', 'Venda de combustível ou lubrificante, industrializados no estabelecimento, destinados a consumo em processo de industrialização de outro produto, à prestação de serviço ou a usuário final, inclusive aquela decorrente de encomenda para entrega futura, cujo faturamento tenha sido classificado no código 5.922 – "Lançamento efetuado a título de simples faturamento decorrente de venda para entrega futura".(a partir 01.01.2004 -  Decreto Nº 26.174 de 26/11/2003)'),
	('5654', 'Venda de combustível ou lubrificante, adquiridos ou recebidos de terceiros, destinados à industrialização subseqüente', 'Venda de combustível ou lubrificante, adquiridos ou recebidos de terceiros, destinados à industrialização do próprio produto, inclusive aquela decorrente de encomenda para entrega futura, cujo faturamento tenha sido classificado no código 5.922 – "Lançamento efetuado a título de simples faturamento decorrente de venda para entrega futura".(a partir 01.01.2004 -  Decreto Nº 26.174 de 26/11/2003)'),
	('5655', 'Venda de combustível ou lubrificante, adquiridos ou recebidos de terceiros, destinados à comercialização', 'Venda de combustível ou lubrificante, adquiridos ou recebidos de terceiros, destinados à comercialização, inclusive aquela decorrente de encomenda para entrega futura, cujo faturamento tenha sido classificado no código 5.922 – "Lançamento efetuado a título de simples faturamento decorrente de venda para entrega futura".(a partir 01.01.2004 -  Decreto Nº 26.174 de 26/11/2003)'),
	('5656', 'Venda de combustível ou lubrificante, adquiridos ou recebidos de terceiros, destinados a consumidor ou usuário final', 'Venda de combustível ou lubrificante, adquiridos ou recebidos de terceiros, destinados a consumo em processo de industrialização de outro produto, à prestação de serviço ou a usuário final, inclusive aquela decorrente de encomenda para entrega futura, cujo faturamento tenha sido classificado no código 5.922 – "Lançamento efetuado a título de simples faturamento decorrente de venda para entrega futura".(a partir 01.01.2004 -  Decreto Nº 26.174 de 26/11/2003)'),
	('5657', 'Remessa de combustível ou lubrificante, adquiridos ou recebidos de terceiros, para venda fora do estabelecimento', 'Remessa de combustível ou lubrificante, adquiridos ou recebidos de terceiros, para ser vendidos fora do estabelecimento, inclusive por meio de veículos. (a partir 01.01.2004 -  Decreto Nº 26.174 de 26/11/2003)'),
	('5658', 'Transferência de combustível ou lubrificante de produção do estabelecimento', 'Transferência de combustível ou lubrificante, industrializados no estabelecimento, para outro estabelecimento da mesma empresa. (a partir 01.01.2004 -  Decreto Nº 26.174 de 26/11/2003)'),
	('5659', 'Transferência de combustível ou lubrificante adquiridos ou recebidos de terceiros', 'Transferência de combustível ou lubrificante, adquiridos ou recebidos de terceiros, para outro estabelecimento da mesma empresa. (a partir 01.01.2004 -  Decreto Nº 26.174 de 26/11/2003)'),
	('5660', 'Devolução de compra de combustível ou lubrificante adquiridos para industrialização subseqüente', 'Devolução de compra de combustível ou lubrificante, adquiridos para industrialização do próprio produto, cuja entrada tenha sido classificada como "Compra de combustível ou lubrificante para industrialização subseqüente".(a partir 01.01.2004 -  Decreto Nº 26.174 de 26/11/2003)'),
	('5661', 'Devolução de compra de combustível ou lubrificante adquiridos para comercialização', 'Devolução de compra de combustível ou lubrificante, adquiridos para comercialização, cuja entrada tenha sido classificada como "Compra de combustível ou lubrificante para comercialização".(a partir 01.01.2004 -  Decreto Nº 26.174 de 26/11/2003)'),
	('5662', 'Devolução de compra de combustível ou lubrificante adquiridos por consumidor ou usuário final', 'Devolução de compra de combustível ou lubrificante, adquiridos para consumo em processo de industrialização de outro produto, na prestação de serviço ou por usuário final, cuja entrada tenha sido classificada como "Compra de combustível ou lubrificante por consumidor ou usuário final".(a partir 01.01.2004 -  Decreto Nº 26.174 de 26/11/2003)'),
	('5663', 'Remessa para armazenagem de combustível ou lubrificante', 'Remessa para armazenagem de combustível ou lubrificante. (a partir 01.01.2004 -  Decreto Nº 26.174 de 26/11/2003)'),
	('5664', 'Retorno de combustível ou lubrificante recebidos para armazenagem', 'Remessa, em devolução, de combustível ou lubrificante, recebidos para armazenagem. (a partir 01.01.2004 -  Decreto Nº 26.174 de 26/11/2003)'),
	('5665', 'Retorno simbólico de combustível ou lubrificante recebidos para armazenagem', 'Retorno simbólico de combustível ou lubrificante, recebidos para armazenagem, quando a mercadoria armazenada tenha sido objeto de saída, a qualquer título, e não deva retornar ao estabelecimento depositante. (a partir 01.01.2004 -  Decreto Nº 26.174 de 26/11/2003)'),
	('5666', 'Remessa, por conta e ordem de terceiros, de combustível ou lubrificante recebidos para armazenagem', 'Saída, por conta e ordem de terceiros, de combustível ou lubrificante, recebidos anteriormente para armazenagem. (a partir 01.01.2004 -  Decreto Nº 26.174 de 26/11/2003)'),
	('5667', 'Venda de combustível ou lubrificante a consumidor ou usuário final estabelecido em outra Unidade da Federação', 'Venda de combustível ou lubrificante a consumidor ou a usuário final estabelecido em outra Unidade da Federação, cujo abastecimento tenha sido efetuado na unidade da Federação do remetente. ACR Ajuste SINIEF 05/2009 – a partir de 01.07.2009)(Decreto nº 34.490/2009)'),
	('5900', 'OUTRAS SAÍDAS DE MERCADORIAS OU PRESTAÇÕES DE SERVIÇOS', NULL),
	('5901', 'Remessa para industrialização por encomenda', 'Classificam-se neste código as remessas de insumos remetidos para industrialização por encomenda, a ser realizada em outra empresa ou em outro estabelecimento da mesma empresa.'),
	('5902', 'Retorno de mercadoria utilizada na industrialização por encomenda', 'Classificam-se neste código as remessas, pelo estabelecimento industrializador, dos insumos recebidos para industrialização e incorporados ao produto final, por encomenda de outra empresa ou de outro estabelecimento da mesma empresa. O valor dos insumos nesta operação deverá ser igual ao valor dos insumos recebidos para industrialização.'),
	('5903', 'Retorno de mercadoria recebida para industrialização e não aplicada no referido processo', 'Classificam-se neste código as remessas em devolução de insumos recebidos para industrialização e não aplicados no referido processo.'),
	('5904', 'Remessa para venda fora do estabelecimento', 'Classificam-se neste código as remessas de mercadorias para venda fora do estabelecimento, inclusive por meio de veículos.'),
	('5905', 'Remessa para depósito fechado ou armazém geral', 'Classificam-se neste código as remessas de mercadorias para depósito em depósito fechado ou armazém geral.'),
	('5906', 'Retorno de mercadoria depositada em depósito fechado ou armazém geral', 'Classificam-se neste código os retornos de mercadorias depositadas em depósito fechado ou armazém geral ao estabelecimento depositante.'),
	('5907', 'Retorno simbólico de mercadoria depositada em depósito fechado ou armazém geral', 'Classificam-se neste código os retornos simbólicos de mercadorias recebidas para depósito em depósito fechado ou armazém geral, quando as mercadorias depositadas tenham sido objeto de saída a qualquer título e que não devam retornar ao estabelecimento depositante.'),
	('5908', 'Remessa de bem por conta de contrato de comodato', 'Classificam-se neste código as remessas de bens para o cumprimento de contrato de comodato.'),
	('5909', 'Retorno de bem recebido por conta de contrato de comodato', 'Classificam-se neste código as remessas de bens em devolução após cumprido o contrato de comodato.'),
	('5910', 'Remessa em bonificação, doação ou brinde', 'Classificam-se neste código as remessas de mercadorias a título de bonificação, doação ou brinde.'),
	('5911', 'Remessa de amostra grátis', 'Classificam-se neste código as remessas de mercadorias a título de amostra grátis.'),
	('5912', 'Remessa de mercadoria ou bem para demonstração', 'Classificam-se neste código as remessas de mercadorias ou bens para demonstração.'),
	('5913', 'Retorno de mercadoria ou bem recebido para demonstração', 'Classificam-se neste código as remessas em devolução de mercadorias ou bens recebidos para demonstração.'),
	('5914', 'Remessa de mercadoria ou bem para exposição ou feira', 'Classificam-se neste código as remessas de mercadorias ou bens para exposição ou feira.'),
	('5915', 'Remessa de mercadoria ou bem para conserto ou reparo', 'Classificam-se neste código as remessas de mercadorias ou bens para conserto ou reparo.'),
	('5916', 'Retorno de mercadoria ou bem recebido para conserto ou reparo', 'Classificam-se neste código as remessas em devolução de mercadorias ou bens recebidos para conserto ou reparo.'),
	('5917', 'Remessa de mercadoria em consignação mercantil ou industrial', 'Classificam-se neste código as remessas de mercadorias a título de consignação mercantil ou industrial.'),
	('5918', 'Devolução de mercadoria recebida em consignação mercantil ou industrial', 'Classificam-se neste código as devoluções de mercadorias recebidas anteriormente a título de consignação mercantil ou industrial.'),
	('5919', 'Devolução simbólica de mercadoria vendida ou utilizada em processo industrial, recebida anteriormente em consignação mercantil ou industrial', 'Classificam-se neste código as devoluções simbólicas de mercadorias vendidas ou utilizadas em processo industrial, que tenham sido recebidas anteriormente a título de consignação mercantil ou industrial.'),
	('5920', 'Remessa de vasilhame ou sacaria', 'Classificam-se neste código as remessas de vasilhame ou sacaria.'),
	('5921', 'Devolução de vasilhame ou sacaria', 'Classificam-se neste código as saídas por devolução de vasilhame ou sacaria.'),
	('5922', 'Lançamento efetuado a título de simples faturamento decorrente de venda para entrega futura', 'Classificam-se neste código os registros efetuados a título de simples faturamento decorrente de venda para entrega futura.'),
	('5923', 'Remessa de mercadoria por conta e ordem de terceiros, em venda à ordem', 'Classificam-se neste código as saídas correspondentes à entrega de mercadorias por conta e ordem de terceiros, em vendas à ordem, cuja venda ao adquirente originário, foi classificada nos códigos 5.118 - Venda de produção do estabelecimento entregue ao destinatário por conta e ordem do adquirente originário, em venda à ordem ou 5.119'),
	('5924', 'Remessa para industrialização por conta e ordem do adquirente da mercadoria, quando esta não transitar pelo estabelecimento do adquirente', 'Classificam-se neste código as saídas de insumos com destino a estabelecimento industrializador, para serem industrializados por conta e ordem do adquirente, nas hipóteses em que os insumos não tenham transitado pelo estabelecimento do adquirente dos mesmos.'),
	('5925', 'Retorno de mercadoria recebida para industrialização por conta e ordem do adquirente da mercadoria, quando aquela não transitar pelo estabelecimento do adquirente', 'Classificam-se neste código as remessas, pelo estabelecimento industrializador, dos insumos recebidos, por conta e ordem do adquirente, para industrialização e incorporados ao produto final, nas hipóteses em que os insumos não tenham transitado pelo estabelecimento do adquirente. O valor dos insumos nesta operação deverá ser igual ao valor dos insumos recebidos para industrialização.'),
	('5926', 'Lançamento efetuado a título de reclassificação de mercadoria decorrente de formação de kit ou de sua desagregação', 'Classificam-se neste código os registros efetuados a título de reclassificação decorrente de formação de kit de mercadorias ou de sua desagregação.'),
	('5927', 'Lançamento efetuado a título de baixa de estoque decorrente de perda, roubo ou deterioração', 'Classificam-se neste código os registros efetuados a título de baixa de estoque decorrente de perda, roubou ou deterioração das mercadorias.'),
	('5928', 'Lançamento efetuado a título de baixa de estoque decorrente de perda, roubo ou deterioração', 'Classificam-se neste código os registros efetuados a título de baixa de estoque decorrente de perda, roubou ou deterioração das mercadorias.'),
	('5929', 'Lançamento efetuado em decorrência de emissão de documento fiscal relativo a operação ou prestação também registrada em equipamento Emissor de Cupom Fiscal - ECF', 'Classificam-se neste código os registros relativos aos documentos fiscais emitidos em operações ou prestações que também tenham sido registradas em equipamento Emissor de Cupom Fiscal - ECF.'),
	('5931', 'Lançamento efetuado em decorrência da responsabilidade de retenção do imposto por substituição tributária, atribuída ao remetente ou alienante da mercadoria, pelo serviço de transporte realizado por t', 'Classificam-se neste código exclusivamente os lançamentos efetuados pelo remetente ou alienante da mercadoria quando lhe for atribuída a responsabilidade pelo recolhimento do imposto devido pelo serviço de transporte realizado por transportador autônomo ou por transportador não inscrito na unidade da Federação onde iniciado o serviço.'),
	('5932', 'Prestação de serviço de transporte iniciada em unidade da Federação diversa daquela onde inscrito o prestador', 'Classificam-se neste código as prestações de serviço de transporte que tenham sido iniciadas em unidade da Federação diversa daquela onde o prestador está inscrito como contribuinte.'),
	('5933', 'Prestação de serviço tributado pelo Imposto Sobre Serviços de Qualquer Natureza', 'Prestação de serviço, cujo imposto é de competência municipal, desde que informado em Nota Fiscal modelo 1 ou 1-A. (NR Ajuste SINIEF 06/2005)a partir de 01/01/2006'),
	('5949', 'Outra saída de mercadoria ou prestação de serviço não especificado', 'Classificam-se neste código as outras saídas de mercadorias ou prestações de serviços que não tenham sido especificados nos códigos anteriores.'),
	('6000', 'SAÍDAS OU PRESTAÇÕES DE SERVIÇOS PARA OUTROS ESTADOS', 'Classificam-se, neste grupo, as operações ou prestações em que o estabelecimento remetente esteja localizado em unidade da Federação diversa daquela do destinatário'),
	('6101', 'Venda de produção do estabelecimento', 'Venda de produto industrializado ou produzido pelo estabelecimento, bem como a de mercadoria por estabelecimento industrial ou produtor rural de cooperativa destinada a seus cooperados ou a estabelecimento de outra cooperativa.\r\n\r\n(NR Ajuste SINIEF 05/2005) (Dec.28.868/2006 - Efeitos a partir de 01/01/2006, ficando facultada ao contribuinte a sua adoção para fatos geradores ocorridos no período de 01 de novembro a 31 de dezembro de 2005)'),
	('6102', 'Venda de mercadoria adquirida ou recebida de terceiros', 'Classificam-se neste código as vendas de mercadorias adquiridas ou recebidas de terceiros para industrialização ou comercialização, que não tenham sido objeto de qualquer processo industrial no estabelecimento. Também serão classificadas neste código as vendas de mercadorias por estabelecimento comercial de cooperativa destinadas a seus cooperados ou estabelecimento de outra cooperativa.'),
	('6103', 'Venda de produção do estabelecimento, efetuada fora do estabelecimento', 'venda efetuada fora do estabelecimento, inclusive por meio de veículo, de produto industrializado no estabelecimento.\r\n\r\n(NR Ajuste SINIEF 05/2005) (Dec.28.868/2006 - Efeitos a partir de 01/01/2006, ficando facultada ao contribuinte a sua adoção para fatos geradores ocorridos no período de 01 de novembro a 31 de dezembro de 2005)'),
	('6104', 'Venda de mercadoria adquirida ou recebida de terceiros, efetuada fora do estabelecimento', 'venda efetuada fora do estabelecimento, inclusive por meio de veículo, de mercadoria adquirida ou recebida de terceiro para industrialização ou comercialização, que não tenha sido objeto de qualquer processo industrial no estabelecimento.'),
	('6105', 'Venda de produção do estabelecimento que não deva por ele transitar', 'Classificam-se neste código as vendas de produtos industrializados no estabelecimento, armazenados em depósito fechado, armazém geral ou outro sem que haja retorno ao estabelecimento depositante.'),
	('6106', 'Venda de mercadoria adquirida ou recebida de terceiros, que não deva por ele transitar', 'Vendas de mercadoria adquirida ou recebida de terceiro para industrialização ou comercialização, armazenada em depósito fechado, armazém geral ou outro, que não tenha sido objeto de qualquer processo industrial no estabelecimento sem que haja retorno ao estabelecimento depositante. Bem como venda de mercadoria importada, cuja saída ocorra do recinto alfandegado ou da repartição alfandegária onde se processou o desembaraço aduaneiro, com destino ao estabelecimento do comprador, sem que tenha transitado pelo estabelecimento do'),
	('6107', 'Venda de produção do estabelecimento, destinada a não contribuinte', 'Vendas de produto industrializado no estabelecimento, ou produzido no estabelecimento do produtor rural, destinada a não contribuinte, bem como qualquer operação de venda destinada a não contribuinte\r\n\r\n (NR Ajuste SINIEF 05/2005) (Dec.28.868/2006 - Efeitos a partir de 01/01/2006, ficando facultada ao contribuinte a sua adoção para fatos geradores ocorridos no período de 01 de novembro a 31 de dezembro de 2005)'),
	('6108', 'Venda de mercadoria adquirida ou recebida de terceiros, destinada a não contribuinte', 'Classificam-se neste código as vendas de mercadorias adquiridas ou recebidas de terceiros para industrialização ou comercialização, que não tenham sido objeto de qualquer processo industrial no estabelecimento, destinadas a não contribuintes. Quaisquer operações de venda destinadas a não contribuintes deverão ser classificadas neste código.'),
	('6109', 'Venda de produção do estabelecimento destinada à Zona Franca de Manaus ou Áreas de Livre Comércio', 'Venda de produto industrializado ou produzido pelo estabelecimento destinado à Zona Franca de Manaus ou Áreas de Livre Comércio.\r\n\r\n(NR Ajuste SINIEF 05/2005) (Dec.28.868/2006 - Efeitos a partir de 01/01/2006, ficando facultada ao contribuinte a sua adoção para fatos geradores ocorridos no período de 01 de novembro a 31 de dezembro de 2005)'),
	('6110', 'Venda de mercadoria, adquirida ou recebida de terceiros, destinada à Zona Franca de Manaus ou Áreas de Livre Comércio, de que trata o Anexo do Convênio SINIEF s/n, de 15 de dezembro de 1970, que dispõ', 'Venda de mercadoria, adquirida ou recebida de terceiros, destinada à Zona Franca de Manaus ou Áreas de Livre Comércio, desde que alcançada pelos benefícios fiscais de que tratam o Decreto-Lei nº 288, de 28 de fevereiro de 1967, o Convênio ICM 65/88, de 06 de dezembro de 1988, o Convênio ICMS 36/97, de 23 de maio de 1997, e o Convênio ICMS 37/97, de 23 de maio de 1997. (NR Ajuste SINIEF 09/2004) (Decreto nº 26.955/2004) RETROAGINDO SEUS EFEITOS A 24.06.2004'),
	('6111', 'Venda de produção do estabelecimento remetida anteriormente em consignação industrial', 'Classificam-se neste código as vendas efetivas de produtos industrializados no estabelecimento remetidos anteriormente a título de consignação industrial.'),
	('6112', 'Venda de mercadoria adquirida ou recebida de Terceiros remetida anteriormente em consignação industrial', 'Classificam-se neste código as vendas efetivas de mercadorias adquiridas ou recebidas de terceiros, que não tenham sido objeto de qualquer processo industrial no estabelecimento, remetidas anteriormente a título de consignação industrial.'),
	('6113', 'Venda de produção do estabelecimento remetida anteriormente em consignação mercantil', 'Classificam-se neste código as vendas efetivas de produtos industrializados no estabelecimento remetidos anteriormente a título de consignação mercantil.'),
	('6114', 'Venda de mercadoria adquirida ou recebida de terceiros remetida anteriormente em consignação mercantil', 'Classificam-se neste código as vendas efetivas de mercadorias adquiridas ou recebidas de terceiros, que não tenham sido objeto de qualquer processo industrial no estabelecimento, remetidas anteriormente a título de consignação mercantil.'),
	('6115', 'Venda de mercadoria adquirida ou recebida de terceiros, recebida anteriormente em consignação mercantil', 'Classificam-se neste código as vendas de mercadorias adquiridas ou recebidas de terceiros, recebidas anteriormente a título de consignação mercantil.'),
	('6116', 'Venda de produção do estabelecimento originada de encomenda para entrega futura', 'Venda de produto industrializado ou produzido pelo estabelecimento, quando da saída real do produto, cujo faturamento tenha sido classificado no código "5.922 – Lançamento efetuado a título de simples faturamento decorrente de venda para entrega futura".\r\n\r\n(NR Ajuste SINIEF 05/2005) (Dec.28.868/2006 - Efeitos a partir de 01/01/2006, ficando facultada ao contribuinte a sua adoção para fatos geradores ocorridos no período de 01 de novembro a 31 de dezembro de 2005)'),
	('6117', 'Venda de mercadoria adquirida ou recebida de terceiros, originada de encomenda para entrega futura', 'Classificam-se neste código as vendas de mercadorias adquiridas ou recebidas de terceiros, que não tenham sido objeto de qualquer processo industrial no estabelecimento, quando da saída real da mercadoria, cujo faturamento tenha sido classificado no código 6.922 - Lançamento efetuado a título de simples faturamento decorrente de venda para entrega futura.'),
	('6118', 'Venda de produção do estabelecimento entregue ao destinatário por conta e ordem do adquirente originário, em venda à ordem', 'Classificam-se neste código as vendas à ordem de produtos industrializados pelo estabelecimento, entregues ao destinatário por conta e ordem do adquirente originário.'),
	('6119', 'Venda de mercadoria adquirida ou recebida de terceiros entregue ao destinatário por conta e ordem do adquirente originário, em venda à ordem', 'Classificam-se neste código as vendas à ordem de mercadorias adquiridas ou recebidas de terceiros, que não tenham sido objeto de qualquer processo industrial no estabelecimento, entregues ao destinatário por conta e ordem do adquirente originário.'),
	('6120', 'Venda de mercadoria adquirida ou recebida de terceiros entregue ao destinatário pelo vendedor remetente, em venda à ordem', 'Classificam-se neste código as vendas à ordem de mercadorias adquiridas ou recebidas de terceiros, que não tenham sido objeto de qualquer processo industrial no estabelecimento, entregues pelo vendedor remetente ao destinatário, cuja compra seja classificada, pelo adquirente originário, no código 2.118 - Compra de mercadoria pelo adquirente originário, entregue pelo vendedor remetente ao destinatário, em venda à ordem.'),
	('6122', 'Venda de produção do estabelecimento remetida para industrialização, por conta e ordem do adquirente, sem transitar pelo estabelecimento do adquirente', 'Classificam-se neste código as vendas de produtos industrializados no estabelecimento, remetidos para serem industrializados em outro estabelecimento, por conta e ordem do adquirente, sem que os produtos tenham transitado pelo estabelecimento do adquirente.'),
	('6123', 'Venda de mercadoria adquirida ou recebida de terceiros remetida para industrialização, por conta e ordem do adquirente, sem transitar pelo estabelecimento do adquirente', 'Classificam-se neste código as vendas de mercadorias adquiridas ou recebidas de terceiros, que não tenham sido objeto de qualquer processo industrial no estabelecimento, remetidas para serem industrializadas em outro estabelecimento, por conta e ordem do adquirente, sem que as mercadorias tenham transitado pelo estabelecimento do adquirente.'),
	('6124', 'Industrialização efetuada para outra empresa', 'Classificam-se neste código as saídas de mercadorias industrializadas para terceiros, compreendendo os valores referentes aos serviços prestados e os das mercadorias de propriedade do industrializador empregadas no processo industrial.'),
	('6125', 'Industrialização efetuada para outra empresa quando a mercadoria recebida para utilização no processo de industrialização não transitar pelo estabelecimento adquirente da mercadoria', 'Classificam-se neste código as saídas de mercadorias industrializadas para outras empresas, em que as mercadorias recebidas para utilização no processo de industrialização não tenham transitado pelo estabelecimento do adquirente das mercadorias, compreendendo os valores referentes aos serviços prestados e os das mercadorias de propriedade do industrializador empregadas no processo industrial.'),
	('6150', 'TRANSFERÊNCIAS DE PRODUÇÃO PRÓPRIA OU DE TERCEIROS', NULL),
	('6151', 'Transferência de produção do estabelecimento', 'Produtos industrializado ou produzido no estabelecimento e transferido para outro estabelecimento da mesma empresa.\r\n\r\n(NR Ajuste SINIEF 05/2005) (Dec.28.868/2006 - Efeitos a partir de 01/01/2006, ficando facultada ao contribuinte a sua adoção para fatos geradores ocorridos no período de 01 de novembro a 31 de dezembro de 2005)'),
	('6152', 'Transferência de mercadoria adquirida ou recebida de terceiros', 'Mercadoria adquirida ou recebida de terceiros para industrialização, comercialização ou utilização na prestação de serviço e que não tenha sido objeto de qualquer processo industrial no estabelecimento, transferida para outro estabelecimento da mesma empresa. A partir  10 de julho de 2003. (Decreto nº 26.020/2003)'),
	('6153', 'Transferência de energia elétrica', 'Classificam-se neste código as transferências de energia elétrica para outro estabelecimento da mesma empresa, para distribuição.'),
	('6155', 'Transferência de produção do estabelecimento, que não deva por ele transitar', 'Classificam-se neste código as transferências para outro estabelecimento da mesma empresa, de produtos industrializados no estabelecimento que tenham sido remetidos para armazém geral, depósito fechado ou outro, sem que haja retorno ao estabelecimento depositante.'),
	('6156', 'Transferência de mercadoria adquirida ou recebida de terceiros, que não deva por ele transitar', 'Classificam-se neste código as transferências para outro estabelecimento da mesma empresa, de mercadorias adquiridas ou recebidas de terceiros para industrialização ou comercialização, que não tenham sido objeto de qualquer processo industrial, remetidas para armazém geral, depósito fechado ou outro, sem que haja retorno ao estabelecimento depositante.'),
	('6200', 'DEVOLUÇÕES DE COMPRAS PARA INDUSTRIALIZAÇÃO, COMERCIALIZAÇÃO OU ANULAÇÕES DE VALORES', '(NR Ajuste SINIEF 05/2005) (Dec.28.868/2006 - Efeitos a partir de 01/01/2006, ficando facultada ao contribuinte a sua adoção para fatos geradores ocorridos no período de 01 de novembro a 31 de dezembro de 2005)'),
	('6201', 'Devolução de compra para industrialização ou produção rural (NR Ajuste SINIEF 05/2005) (Decreto 28.868/2006)', 'Devolução de mercadoria adquirida para ser utilizada em processo de industrialização ou produção rural, cuja entrada tenha sido classificada como "1.101 - Compra para industrialização ou produção rural".\r\n\r\n(NR Ajuste SINIEF 05/2005) (Dec.28.868/2006 - Efeitos a partir de 01/01/2006, ficando facultada ao contribuinte a sua adoção para fatos geradores ocorridos no período de 01 de novembro a 31 de dezembro de 2005)'),
	('6202', 'Devolução de compra para comercialização', 'Classificam-se neste código as devoluções de mercadorias adquiridas para serem comercializadas, cujas entradas tenham sido classificadas como Compra para comercialização.'),
	('6205', 'Anulação de valor relativo a aquisição de serviço de comunicação', 'Classificam-se neste código as anulações correspondentes a valores faturados indevidamente, decorrentes das aquisições de serviços de comunicação.'),
	('6206', 'Anulação de valor relativo a aquisição de serviço de transporte', 'Classificam-se neste código as anulações correspondentes a valores faturados indevidamente, decorrentes das aquisições de serviços de transporte.'),
	('6207', 'Anulação de valor relativo à compra de energia elétrica', 'Classificam-se neste código as anulações correspondentes a valores faturados indevidamente, decorrentes da compra de energia elétrica.'),
	('6208', 'Devolução de mercadoria recebida em transferência para industrialização ou produção rural', 'Devolução de mercadoria recebida em transferência de outro estabelecimento da mesma empresa, para ser utilizada em processo de industrialização ou produção rural.\r\n\r\n(NR Ajuste SINIEF 05/2005) (Dec.28.868/2006 - Efeitos a partir de 01/01/2006, ficando facultada ao contribuinte a sua adoção para fatos geradores ocorridos no período de 01 de novembro a 31 de dezembro de 2005)'),
	('6209', 'Devolução de mercadoria recebida em transferência para comercialização', 'Classificam-se neste código as devoluções de mercadorias recebidas em transferência de outro estabelecimento da mesma empresa, para serem comercializadas.'),
	('6210', 'Devolução de compra para utilização na prestação de serviço', 'Classificam-se neste código as devoluções de mercadorias adquiridas para utilização na prestação de serviços, cujas entradas tenham sido classificadas no código 2.126 - Compra para utilização na prestação de serviço.'),
	('6250', 'VENDAS DE ENERGIA ELÉTRICA', NULL),
	('6251', 'Venda de energia elétrica para distribuição ou comercialização', 'Classificam-se neste código as vendas de energia elétrica destinada à distribuição ou comercialização. Também serão classificadas neste código as vendas de energia elétrica destinada a cooperativas para distribuição aos seus cooperados.'),
	('6252', 'Venda de energia elétrica para estabelecimento industrial', 'Classificam-se neste código as vendas de energia elétrica para consumo por estabelecimento industrial. Também serão classificadas neste código as vendas de energia elétrica destinada a estabelecimento industrial de cooperativa.'),
	('6253', 'Venda de energia elétrica para estabelecimento comercial', 'Classificam-se neste código as vendas de energia elétrica para consumo por estabelecimento comercial. Também serão classificadas neste código as vendas de energia elétrica destinada a estabelecimento comercial de cooperativa.'),
	('6254', 'Venda de energia elétrica para estabelecimento prestador de serviço de transporte', 'Classificam-se neste código as vendas de energia elétrica para consumo por estabelecimento de prestador de serviços de transporte.'),
	('6255', 'Venda de energia elétrica para estabelecimento prestador de serviço de comunicação', 'Classificam-se neste código as vendas de energia elétrica para consumo por estabelecimento de prestador de serviços de comunicação.'),
	('6256', 'Venda de energia elétrica para estabelecimento de produtor rural', 'Classificam-se neste código as vendas de energia elétrica para consumo por estabelecimento de produtor rural.'),
	('6257', 'Venda de energia elétrica para consumo por demanda contratada', 'Classificam-se neste código as vendas de energia elétrica para consumo por demanda contratada, que prevalecerá sobre os demais códigos deste subgrupo.'),
	('6258', 'Venda de energia elétrica a não contribuinte', 'Classificam-se neste código as vendas de energia elétrica a pessoas físicas ou a pessoas jurídicas não indicadas nos códigos anteriores.'),
	('6300', 'PRESTAÇÕES DE SERVIÇOS DE COMUNICAÇÃO', NULL),
	('6301', 'Prestação de serviço de comunicação para execução de serviço da mesma natureza', 'Classificam-se neste código as prestações de serviços de comunicação destinados às prestações de serviços da mesma natureza.'),
	('6302', 'Prestação de serviço de comunicação a estabelecimento industrial', 'Classificam-se neste código as prestações de serviços de comunicação a estabelecimento industrial. Também serão classificados neste código os serviços de comunicação prestados a estabelecimento industrial de cooperativa.'),
	('6303', 'Prestação de serviço de comunicação a estabelecimento comercial', 'Classificam-se neste código as prestações de serviços de comunicação a estabelecimento comercial. Também serão classificados neste código os serviços de comunicação prestados a estabelecimento comercial de cooperativa.'),
	('6304', 'Prestação de serviço de comunicação a estabelecimento de prestador de serviço de transporte', 'Classificam-se neste código as prestações de serviços de comunicação a estabelecimento prestador de serviço de transporte.'),
	('6305', 'Prestação de serviço de comunicação a estabelecimento de geradora ou de distribuidora de energia elétrica', 'Classificam-se neste código as prestações de serviços de comunicação a estabelecimento de geradora ou de distribuidora de energia elétrica.'),
	('6306', 'Prestação de serviço de comunicação a estabelecimento de produtor rural', 'Classificam-se neste código as prestações de serviços de comunicação a estabelecimento de produtor rural.'),
	('6307', 'Prestação de serviço de comunicação a não contribuinte', 'Classificam-se neste código as prestações de serviços de comunicação a pessoas físicas ou a pessoas jurídicas não indicadas nos códigos anteriores.'),
	('6350', 'PRESTAÇÕES DE SERVIÇOS DE TRANSPORTE', NULL),
	('6351', 'Prestação de serviço de transporte para execução de serviço da mesma natureza', 'Classificam-se neste código as prestações de serviços de transporte destinados às prestações de serviços da mesma natureza.'),
	('6352', 'Prestação de serviço de transporte a estabelecimento industrial', 'Classificam-se neste código as prestações de serviços de transporte a estabelecimento industrial. Também serão classificados neste código os serviços de transporte prestados a estabelecimento industrial de cooperativa.'),
	('6353', 'Prestação de serviço de transporte a estabelecimento comercial', 'Classificam-se neste código as prestações de serviços de transporte a estabelecimento comercial. Também serão classificados neste código os serviços de transporte prestados a estabelecimento comercial de cooperativa.'),
	('6354', 'Prestação de serviço de transporte a estabelecimento de prestador de serviço de comunicação', 'Classificam-se neste código as prestações de serviços de transporte a estabelecimento prestador de serviços de comunicação.'),
	('6355', 'Prestação de serviço de transporte a estabelecimento de geradora ou de distribuidora de energia elétrica', 'Classificam-se neste código as prestações de serviços de transporte a estabelecimento de geradora ou de distribuidora de energia elétrica.'),
	('6356', 'Prestação de serviço de transporte a estabelecimento de produtor rural', 'Classificam-se neste código as prestações de serviços de transporte a estabelecimento de produtor rural.'),
	('6357', 'Prestação de serviço de transporte a não contribuinte', 'Classificam-se neste código as prestações de serviços de transporte a pessoas físicas ou a pessoas jurídicas não indicadas nos códigos anteriores.'),
	('6359', 'Prestação de serviço de transporte a contribuinte ou a não-contribuinte, quando a mercadoria transportada esteja dispensada de emissão de Nota Fiscal ', 'Prestação de serviço de transporte a contribuinte ou a não-contribuinte, quando não existir a obrigação legal de emissão de Nota Fiscal para a mercadoria transportada. (ACR Ajuste SINIEF 03/2004) (DECRETO Nº 26.810/2004) (a partir de 01.01.2005)'),
	('6360', 'Prestação de serviço de transporte a contribuinte substituto em relação ao serviço de transporte  ', 'Prestação de serviço de transporte a contribuinte a quem tenha sido atribuída a condição de contribuinte-substituto em relação ao imposto incidente na prestação dos serviços. (Ajuste SINIEF 03/2008) (Decreto nº 32.653, de 14.11.2008) a partir de 01.05.2008'),
	('6400', 'SAÍDAS DE MERCADORIAS SUJEITAS AO REGIME DE SUBSTITUIÇÃO TRIBUTÁRIA', NULL),
	('6401', 'Venda de produção do estabelecimento quando o produto estiver sujeito ao regime de substituição tributária', 'Venda de produto industrializado ou produzido no estabelecimento, quando o produto estiver sujeito ao regime de substituição tributária, bem como a venda de produto industrializado por estabelecimento industrial ou rural de cooperativa, quando o produto estiver sujeito ao referido regime.\r\n\r\n(NR Ajuste SINIEF 05/2005) (Dec.28.868/2006 - Efeitos a partir de 01/01/2006, ficando facultada ao contribuinte a sua adoção para fatos geradores ocorridos no período de 01 de novembro a 31 de dezembro de 2005)'),
	('6402', 'Venda de produção do estabelecimento de produto sujeito ao regime de substituição tributária, em operação entre contribuintes substitutos do mesmo produto', 'Classificam-se neste código as vendas de produtos sujeitos ao regime de substituição tributária industrializados no estabelecimento, em operações entre contribuintes substitutos do mesmo produto.'),
	('6403', 'Venda de mercadoria adquirida ou recebida de terceiros em operação com mercadoria sujeita ao regime de substituição tributária, na condição de contribuinte substituto', 'Classificam-se neste código as vendas de mercadorias adquiridas ou recebidas de terceiros, na condição de contribuinte substituto, em operação com mercadorias sujeitas ao regime de substituição tributária.'),
	('6404', 'Venda de mercadoria sujeita ao regime de substituição tributária, cujo imposto já tenha sido retido anteriormente', 'Classificam-se neste código as vendas de mercadorias sujeitas ao regime de substituição tributária, na condição de substituto tributário, exclusivamente nas hipóteses em que o imposto já tenha sido retido anteriormente.'),
	('6408', 'Transferência de produção do estabelecimento quando o produto estiver sujeito ao regime de substituição tributária', 'Transferência de produto industrializado ou produzido no estabelecimento, para outro estabelecimento da mesma empresa, quando o produto estiver sujeito ao regime de substituição tributária.\r\n\r\n(NR Ajuste SINIEF 05/2005) (Dec.28.868/2006 - Efeitos a partir de 01/01/2006, ficando facultada ao contribuinte a sua adoção para fatos geradores ocorridos no período de 01 de novembro a 31 de dezembro de 2005)'),
	('6409', 'Transferência de mercadoria adquirida ou recebida de terceiros, sujeita ao regime de substituição tributária', 'Classificam-se neste código as transferências para outro estabelecimento da mesma empresa, de mercadorias adquiridas ou recebidas de terceiros que não tenham sido objeto de qualquer processo industrial no estabelecimento, em operações com mercadorias sujeitas ao regime de substituição tributária.'),
	('6410', 'Devolução de compra para industrialização ou ptrodução rural quando a mercadoria sujeita ao regime de substituição tributária', 'Devolução de mercadoria adquirida para ser utilizada em processo de industrialização ou produção rural, cuja entrada tenha sido classificada como "Compra para industrialização ou produção rural de mercadoria sujeita ao regime de substituição tributária".\r\n\r\n(NR Ajuste SINIEF 05/2005) (Dec.28.868/2006 - Efeitos a partir de 01/01/2006, ficando facultada ao contribuinte a sua adoção para fatos geradores ocorridos no período de 01 de novembro a 31 de dezembro de 2005)'),
	('6411', 'Devolução de compra para comercialização em operação com mercadoria sujeita ao regime de substituição tributária', 'Classificam-se neste código as devoluções de mercadorias adquiridas para serem comercializadas, cujas entradas tenham sido classificadas como Compra para comercialização em operação com mercadoria sujeita ao regime de substituição tributária.'),
	('6412', 'Devolução de bem do ativo imobilizado, em operação com mercadoria sujeita ao regime de substituição tributária', 'Classificam-se neste código as devoluções de bens adquiridos para integrar o ativo imobilizado do estabelecimento, cuja entrada tenha sido classificada no código 2.406 - Compra de bem para o ativo imobilizado cuja mercadoria está sujeita ao regime de substituição tributária.'),
	('6413', 'Devolução de mercadoria destinada ao uso ou consumo, em operação com mercadoria sujeita ao regime de substituição tributária', 'Classificam-se neste código as devoluções de mercadorias adquiridas para uso ou consumo do estabelecimento, cuja entrada tenha sido classificada no código 2.407 - Compra de mercadoria para uso ou consumo cuja mercadoria está sujeita ao regime de substituição tributária.'),
	('6414', 'Remessa de produção do estabelecimento para venda fora do estabelecimento, quando o produto estiver sujeito ao regime de substituição tributária', 'Remessa de produto industrializado ou produzido pelo estabelecimento para ser vendido fora do estabelecimento, inclusive por meio de veículo, quando o mencionado produto estiver sujeito ao regime de substituição tributária.\r\n\r\n(NR Ajuste SINIEF 05/2005) (Dec.28.868/2006 - Efeitos a partir de 01/01/2006, ficando facultada ao contribuinte a sua adoção para fatos geradores ocorridos no período de 01 de novembro a 31 de dezembro de 2005)'),
	('6415', 'Remessa de mercadoria adquirida ou recebida de terceiros para venda fora do estabelecimento, quando a referida ração com mercadoria sujeita ao regime de substituição tributária', 'Remessa de mercadoria adquirida ou recebida de terceiro para serem vendida fora do estabelecimento, inclusive por meio de veículo, quando a referida mercadorias estiver sujeita ao regime de substituição tributária.'),
	('6500', 'REMESSAS COM FIM ESPECÍFICO DE EXPORTAÇÃO E EVENTUAIS DEVOLUÇÕES', '(NR Ajuste SINIEF 05/2005) (Dec. 28.868/2006 - a sua aplicação será obrigatória em relação aos fatos geradores ocorridos a partir de 01 de julho de 2006, ficando facultada ao contribuinte a sua adoção para fatos geradores ocorridos no período de 01 de janeiro a 30 de junho de 2006)'),
	('6501', 'Remessa de produção do estabelecimento, com fim específico de exportação', 'Saída de produto industrializado ou produzido pelo estabelecimento, remetido com fim específico de exportação a "trading company", empresa comercial exportadora ou outro estabelecimento do remetente.\r\n\r\n(NR Ajuste SINIEF 05/2005) (Dec. 28.868/2006 - a sua aplicação será obrigatória em relação aos fatos geradores ocorridos a partir de 01 de julho de 2006, ficando facultada ao contribuinte a sua adoção para fatos geradores ocorridos no período de 01 de janeiro a 30 de junho de 2006)'),
	('6502', 'Remessa de mercadoria adquirida ou recebida de terceiros, com fim específico de exportação', 'Classificam-se neste código as saídas de mercadorias adquiridas ou recebidas de terceiros, remetidas com fim específico de exportação a trading company, empresa comercial exportadora ou outro estabelecimento do remetente.'),
	('6503', 'Devolução de mercadoria recebida com fim específico de exportação', 'Classificam-se neste código as devoluções efetuadas por trading company, empresa comercial exportadora ou outro estabelecimento do destinatário, de mercadorias recebidas com fim específico de exportação, cujas entradas tenham sido classificadas no código 2.501 - Entrada de mercadoria recebida com fim específico de exportação.'),
	('6504', 'Remessa de mercadoria para formação de lote de exportação, de produto industrializado ou produzido pelo próprio estabelecimento.', 'Remessa de mercadoria para formação de lote de exportação, de produto industrializado ou produzido pelo próprio estabelecimento.\r\n\r\n(ACR Ajuste SINIEF 09/2005) (Dec. 28.868/2006 - a sua aplicação será obrigatória em relação aos fatos geradores ocorridos a partir de 01 de julho de 2006, ficando facultada ao contribuinte a sua adoção para fatos geradores ocorridos no período de 01 de janeiro a 30 de junho de 2006)'),
	('6505', 'Remessa de mercadoria, adquirida ou recebida de terceiros, para formação de lote de exportação.', 'Remessa de mercadoria, adquirida ou recebida de terceiros, para formação de lote de exportação.\r\n\r\n(ACR Ajuste SINIEF 09/2005) (Dec. 28.868/2006 - a sua aplicação será obrigatória em relação aos fatos geradores ocorridos a partir de 01 de julho de 2006, ficando facultada ao contribuinte a sua adoção para fatos geradores ocorridos no período de 01 de janeiro a 30 de junho de 2006)'),
	('6550', 'OPERAÇÕES COM BENS DE ATIVO IMOBILIZADO E MATERIAIS PARA USO OU CONSUMO', NULL),
	('6551', 'Venda de bem do ativo imobilizado', 'Vendas de bem integrante do ativo imobilizado do estabelecimento. –a  partir 01.01.2004-  Decreto Nº 26.174 de 26/11/2003'),
	('6552', 'Transferência de bem do ativo imobilizado', 'Transferência de bem do ativo imobilizado para outro estabelecimento da mesma empresa. –a  partir 01.01.2004-  Decreto Nº 26.174 de 26/11/2003'),
	('6553', 'Devolução de compra de bem para o ativo imobilizado', 'Devolução de bem adquirido para integrar o ativo imobilizado do estabelecimento, cuja entrada foi classificada no código 2.551 - Compra de bem para o ativo imobilizado. –a  partir 01.01.2004-  Decreto Nº 26.174 de 26/11/2003'),
	('6554', 'Remessa de bem do ativo imobilizado para uso fora do estabelecimento', 'Remessa de bem do ativo imobilizado para uso fora do estabelecimento. –a  partir 01.01.2004-  Decreto Nº 26.174 de 26/11/2003'),
	('6555', 'Devolução de bem do ativo imobilizado de terceiro, recebido para uso no estabelecimento', 'Saída em devolução, de bem do ativo imobilizado de terceiros, recebidos para uso no estabelecimento, cuja entrada tenha sido classificada no código 2.555 - Entrada de bem do ativo imobilizado de terceiro, remetido para uso no estabelecimento. –a  partir 01.01.2004-  Decreto Nº 26.174 de 26/11/2003'),
	('6556', 'Devolução de compra de material de uso ou consumo', 'Devolução de mercadoria destinada ao uso ou consumo do estabelecimento, cuja entrada tenha sido classificada no código 2.556 - compra de material para uso ou consumo –a partir 01.01.2004-  Decreto Nº 26.174 de 26/11/2003'),
	('6557', 'Transferência de material de uso ou consumo', 'Transferência de material de uso ou consumo para outro estabelecimento da mesma empresa. –a  partir 01.01.2004-  Decreto Nº 26.174 de 26/11/2003'),
	('6600', 'CRÉDITOS E RESSARCIMENTOS DE ICMS', NULL),
	('6603', 'Ressarcimento de ICMS retido por substituição tributária', 'Classificam-se neste código os lançamentos destinados ao registro de ressarcimento de ICMS retido por substituição tributária a contribuinte substituído, efetuado pelo contribuinte substituto, nas hipóteses previstas na legislação aplicável.'),
	('6650', 'SAÍDAS DE COMBUSTÍVEIS, DERIVADOS OU NÃO DE PETRÓLEO, E LUBRIFICANTE', '(ACR Ajuste SINIEF 9/2003 - a partir 01.01.2004) –  Decreto Nº 26.174 de 26/11/2003'),
	('6651', 'Venda de combustível ou lubrificante, de produção do estabelecimento, destinados à industrialização subseqüente', 'Venda de combustível ou lubrificante, industrializados no estabelecimento e destinados à industrialização do próprio produto, inclusive aquela decorrente de encomenda para entrega futura, cujo faturamento tenha sido classificado no código 6.922 – "Lançamento efetuado a título de simples faturamento decorrente de venda para entrega futura".(a partir 01.01.2004 -  Decreto Nº 26.174 de 26/11/2003)'),
	('6652', 'Venda de combustível ou lubrificante, de produção do estabelecimento, destinados à comercialização', 'Venda de combustível ou lubrificante, industrializados no estabelecimento e destinados à comercialização, inclusive aquela decorrente de encomenda para entrega futura, cujo faturamento tenha sido classificado no código 6.922 – "Lançamento efetuado a título de simples faturamento decorrente de venda para entrega futura".(a partir 01.01.2004 -  Decreto Nº 26.174 de 26/11/2003)'),
	('6653', 'Venda de combustível ou lubrificante, de produção do estabelecimento, destinados a consumidor ou usuário final', 'Venda de combustível ou lubrificante, industrializados no estabelecimento e destinados a consumo em processo de industrialização de outro produto, à prestação de serviço ou a usuário final, inclusive aquela decorrente de encomenda para entrega futura, cujo faturamento tenha sido classificado no código 6.922 – "Lançamento efetuado a título de simples faturamento decorrente de venda para entrega futura".(a partir 01.01.2004 -  Decreto Nº 26.174 de 26/11/2003)'),
	('6654', 'Venda de combustível ou lubrificante, adquiridos ou recebidos de terceiros, destinados à industrialização subseqüente', 'Venda de combustível ou lubrificante, adquiridos ou recebidos de terceiros, destinados à industrialização do próprio produto, inclusive aquela decorrente de encomenda para entrega futura, cujo faturamento tenha sido classificado no código 5.922 – "Lançamento efetuado a título de simples faturamento decorrente de venda para entrega futura".(a partir 01.01.2004 -  Decreto Nº 26.174 de 26/11/2003)'),
	('6655', 'Venda de combustível ou lubrificante, adquiridos ou recebidos de terceiros, destinados à comercialização', 'Venda de combustível ou lubrificante, adquiridos ou recebidos de terceiros, destinados à comercialização, inclusive aquela decorrente de encomenda para entrega futura, cujo faturamento tenha sido classificado no código 5.922 – "Lançamento efetuado a título de simples faturamento decorrente de venda para entrega futura".(a partir 01.01.2004 -  Decreto Nº 26.174 de 26/11/2003)'),
	('6656', 'Venda de combustível ou lubrificante, adquiridos ou recebidos de terceiros, destinados a consumidor ou usuário final', 'Venda de combustível ou lubrificante, adquiridos ou recebidos de terceiros, destinados a consumo em processo de industrialização de outro produto, à prestação de serviço ou a usuário final, inclusive aquela decorrente de encomenda para entrega futura, cujo faturamento tenha sido classificado no código 5.922 – "Lançamento efetuado a título de simples faturamento decorrente de venda para entrega futura".(a partir 01.01.2004 -  Decreto Nº 26.174 de 26/11/2003)'),
	('6657', 'Remessa de combustível ou lubrificante, adquiridos ou recebidos de terceiros, para venda fora do estabelecimento', 'Remessa de combustível ou lubrificante, adquiridos ou recebidos de terceiros, para ser vendidos fora do estabelecimento, inclusive por meio de veículos. (a partir 01.01.2004 -  Decreto Nº 26.174 de 26/11/2003)'),
	('6658', 'Transferência de combustível ou lubrificante de produção do estabelecimento', 'Transferência de combustível ou lubrificante, industrializados no estabelecimento, para outro estabelecimento da mesma empresa. (a partir 01.01.2004 -  Decreto Nº 26.174 de 26/11/2003)'),
	('6659', 'Transferência de combustível ou lubrificante adquiridos ou recebidos de terceiros', 'Transferência de combustível ou lubrificante, adquiridos ou recebidos de terceiros, para outro estabelecimento da mesma empresa. (a partir 01.01.2004 -  Decreto Nº 26.174 de 26/11/2003)'),
	('6660', 'Devolução de compra de combustível ou lubrificante adquiridos para industrialização subseqüente', 'Devolução de compra de combustível ou lubrificante, adquiridos para industrialização do próprio produto, cuja entrada tenha sido classificada como "Compra de combustível ou lubrificante para industrialização subseqüente".(a partir 01.01.2004 -  Decreto Nº 26.174 de 26/11/2003)'),
	('6661', 'Devolução de compra de combustível ou lubrificante adquiridos para comercialização', 'Devolução de compra de combustível ou lubrificante, adquiridos para comercialização, cuja entrada tenha sido classificada como "Compra de combustível ou lubrificante para comercialização".(a partir 01.01.2004 -  Decreto Nº 26.174 de 26/11/2003)'),
	('6662', 'Devolução de compra de combustível ou lubrificante adquiridos por consumidor ou usuário final', 'Devolução de compra de combustível ou lubrificante, adquiridos para consumo em processo de industrialização de outro produto, na prestação de serviço ou por usuário final, cuja entrada tenha sido classificada como "Compra de combustível ou lubrificante por consumidor ou usuário final".(a partir 01.01.2004 -  Decreto Nº 26.174 de 26/11/2003)'),
	('6663', 'Remessa para armazenagem de combustível ou lubrificante', 'Remessa para armazenagem de combustível ou lubrificante. (a partir 01.01.2004 -  Decreto Nº 26.174 de 26/11/2003)'),
	('6664', 'Retorno de combustível ou lubrificante recebidos para armazenagem', 'Remessa, em devolução, de combustível ou lubrificante, recebidos para armazenagem. (a partir 01.01.2004 -  Decreto Nº 26.174 de 26/11/2003)'),
	('6665', 'Retorno simbólico de combustível ou lubrificante recebidos para armazenagem', 'Retorno simbólico de combustível ou lubrificante, recebidos para armazenagem, quando a mercadoria armazenada tenha sido objeto de saída, a qualquer título, e não deva retornar ao estabelecimento depositante. (a partir 01.01.2004 -  Decreto Nº 26.174 de 26/11/2003)'),
	('6666', 'Remessa, por conta e ordem de terceiros, de combustível ou lubrificante recebidos para armazenagem', 'Saída, por conta e ordem de terceiros, de combustível ou lubrificante, recebidos anteriormente para armazenagem. (a partir 01.01.2004 -  Decreto Nº 26.174 de 26/11/2003)'),
	('6667', 'Venda de combustível ou lubrificante a consumidor ou usuário final estabelecido em outra Unidade da Federação diferente da que ocorrer o consumo', 'Venda de combustível ou lubrificante a consumidor ou a usuário final, cujo abastecimento tenha sido efetuado em Unidade da Federação diferente do remetente e do destinatário. ACR Ajuste SINIEF 05/2009 – a partir de 01.07.2009)(Decreto nº 34.490/2009)'),
	('6900', 'OUTRAS SAÍDAS DE MERCADORIAS OU PRESTAÇÕES DE SERVIÇOS', NULL),
	('6901', 'Remessa para industrialização por encomenda', 'Classificam-se neste código as remessas de insumos remetidos para industrialização por encomenda, a ser realizada em outra empresa ou em outro estabelecimento da mesma empresa.'),
	('6902', 'Retorno de mercadoria utilizada na industrialização por encomenda', 'Classificam-se neste código as remessas, pelo estabelecimento industrializador, dos insumos recebidos para industrialização e incorporados ao produto final, por encomenda de outra empresa ou de outro estabelecimento da mesma empresa. O valor dos insumos nesta operação deverá ser igual ao valor dos insumos recebidos para industrialização.'),
	('6903', 'Retorno de mercadoria recebida para industrialização e não aplicada no referido processo', 'Classificam-se neste código as remessas em devolução de insumos recebidos para industrialização e não aplicados no referido processo.'),
	('6904', 'Remessa para venda fora do estabelecimento', 'Classificam-se neste código as remessas de mercadorias para venda fora do estabelecimento, inclusive por meio de veículos.'),
	('6905', 'Remessa para depósito fechado ou armazém geral', 'Classificam-se neste código as remessas de mercadorias para depósito em depósito fechado ou armazém geral.'),
	('6906', 'Retorno de mercadoria depositada em depósito fechado ou armazém geral', 'Classificam-se neste código os retornos de mercadorias depositadas em depósito fechado ou armazém geral ao estabelecimento depositante.'),
	('6907', 'Retorno simbólico de mercadoria depositada em depósito fechado ou armazém geral', 'Classificam-se neste código os retornos simbólicos de mercadorias recebidas para depósito em depósito fechado ou armazém geral, quando as mercadorias depositadas tenham sido objeto de saída a qualquer título e que não devam retornar ao estabelecimento depositante.'),
	('6908', 'Remessa de bem por conta de contrato de comodato', 'Classificam-se neste código as remessas de bens para o cumprimento de contrato de comodato.'),
	('6909', 'Retorno de bem recebido por conta de contrato de comodato', 'Classificam-se neste código as remessas de bens em devolução após cumprido o contrato de comodato.'),
	('6910', 'Remessa em bonificação, doação ou brinde', 'Classificam-se neste código as remessas de mercadorias a título de bonificação, doação ou brinde.'),
	('6911', 'Remessa de amostra grátis', 'Classificam-se neste código as remessas de mercadorias a título de amostra grátis.'),
	('6912', 'Remessa de mercadoria ou bem para demonstração', 'Classificam-se neste código as remessas de mercadorias ou bens para demonstração.'),
	('6913', 'Retorno de mercadoria ou bem recebido para demonstração', 'Classificam-se neste código as remessas em devolução de mercadorias ou bens recebidos para demonstração.'),
	('6914', 'Remessa de mercadoria ou bem para exposição ou feira', 'Classificam-se neste código as remessas de mercadorias ou bens para exposição ou feira.'),
	('6915', 'Remessa de mercadoria ou bem para conserto ou reparo', 'Classificam-se neste código as remessas de mercadorias ou bens para conserto ou reparo.'),
	('6916', 'Retorno de mercadoria ou bem recebido para conserto ou reparo', 'Classificam-se neste código as remessas em devolução de mercadorias ou bens recebidos para conserto ou reparo.'),
	('6917', 'Remessa de mercadoria em consignação mercantil ou industrial', 'Classificam-se neste código as remessas de mercadorias a título de consignação mercantil ou industrial.'),
	('6918', 'Devolução de mercadoria recebida em consignação mercantil ou industrial', 'Classificam-se neste código as devoluções de mercadorias recebidas anteriormente a título de consignação mercantil ou industrial.'),
	('6919', 'Devolução simbólica de mercadoria vendida ou utilizada em processo industrial, recebida anteriormente em consignação mercantil ou industrial', 'Classificam-se neste código as devoluções simbólicas de mercadorias vendidas ou utilizadas em processo industrial, que tenham sido recebidas anteriormente a título de consignação mercantil ou industrial.'),
	('6920', 'Remessa de vasilhame ou sacaria', 'Classificam-se neste código as remessas de vasilhame ou sacaria.'),
	('6921', 'Devolução de vasilhame ou sacaria', 'Classificam-se neste código as saídas por devolução de vasilhame ou sacaria.'),
	('6922', 'Lançamento efetuado a título de simples faturamento decorrente de venda para entrega futura', 'Classificam-se neste código os registros efetuados a título de simples faturamento decorrente de venda para entrega futura.'),
	('6923', 'Remessa de mercadoria por conta e ordem de terceiros, em venda à ordem', 'Classificam-se neste código as saídas correspondentes à entrega de mercadorias por conta e ordem de terceiros, em vendas à ordem, cuja venda ao adquirente originário, foi classificada nos códigos 6.118 - Venda de produção do estabelecimento entregue ao destinatário por conta e ordem do adquirente originário, em venda à ordem ou 6.119 - Venda de mercadoria adquirida ou recebida de terceiros entregue ao destinatário por conta e ordem do adquirente originário, em venda à ordem.'),
	('6924', 'Remessa para industrialização por conta e ordem do adquirente da mercadoria, quando esta não transitar pelo estabelecimento do adquirente', 'Classificam-se neste código as saídas de insumos com destino a estabelecimento industrializador, para serem industrializados por conta e ordem do adquirente, nas hipóteses em que os insumos não tenham transitado pelo estabelecimento do adquirente dos mesmos.'),
	('6925', 'Retorno de mercadoria recebida para industrialização por conta e ordem do adquirente da mercadoria, quando aquela não transitar pelo estabelecimento do adquirente', 'Classificam-se neste código as remessas, pelo estabelecimento industrializador, dos insumos recebidos, por conta e ordem do adquirente, para industrialização e incorporados ao produto final, nas hipóteses em que os insumos não tenham transitado pelo estabelecimento do adquirente. O valor dos insumos nesta operação deverá ser igual ao valor dos insumos recebidos para industrialização.'),
	('6929', 'Lançamento efetuado em decorrência de emissão de documento fiscal relativo a operação ou prestação também registrada em equipamento Emissor de Cupom Fiscal - ECF', 'Classificam-se neste código os registros relativos aos documentos fiscais emitidos em operações ou prestações que também tenham sido registradas em equipamento Emissor de Cupom Fiscal - ECF.'),
	('6931', 'Lançamento efetuado em decorrência da responsabilidade de retenção do imposto por substituição tributária, atribuída ao remetente ou alienante da mercadoria, pelo serviço de transporte realizado por t', 'Classificam-se neste código exclusivamente os lançamentos efetuados pelo remetente ou alienante da mercadoria quando lhe for atribuída a responsabilidade pelo recolhimento do imposto devido pelo serviço de transporte realizado por transportador autônomo ou por transportador não inscrito na unidade da Federação onde iniciado o serviço.'),
	('6932', 'Prestação de serviço de transporte iniciada em unidade da Federação diversa daquela onde inscrito o prestador', 'Classificam-se neste código as prestações de serviço de transporte que tenham sido iniciadas em unidade da Federação diversa daquela onde o prestador está inscrito como contribuinte.'),
	('6933', 'Prestação de serviço tributado pelo Imposto Sobre Serviços de Qualquer Natureza', 'Prestação de serviço, cujo imposto   é de competência municipal, desde que informado em nota fiscal modelo 1 ou 1-A. (ACR Ajuste SINIEF 03/2004 e Ajuste SINIEF 06/2005) (DECRETO Nº 26.868/2006)'),
	('6949', 'Outra saída de mercadoria ou prestação de serviço não especificado', 'Classificam-se neste código as outras saídas de mercadorias ou prestações de serviços que não tenham sido especificados nos códigos anteriores.'),
	('7000', 'SAÍDAS OU PRESTAÇÕES DE SERVIÇOS PARA O EXTERIOR', 'Classificam-se, neste grupo, as operações ou prestações em que o destinatário esteja localizado em outro país'),
	('7100', 'VENDAS DE PRODUÇÃO PRÓPRIA OU DE TERCEIROS', NULL),
	('7101', 'Venda de produção do estabelecimento', 'Venda de produto industrializado ou produzido pelo estabelecimento, bem como a de mercadoria por estabelecimento industrial ou produtor rural de cooperativa destinada a seus cooperados ou a estabelecimento de outra cooperativa.\r\n\r\n(NR Ajuste SINIEF 05/2005) (Dec.28.868/2006 - Efeitos a partir de 01/01/2006, ficando facultada ao contribuinte a sua adoção para fatos geradores ocorridos no período de 01 de novembro a 31 de dezembro de 2005)'),
	('7102', 'Venda de mercadoria adquirida ou recebida de terceiros', 'Classificam-se neste código as vendas de mercadorias adquiridas ou recebidas de terceiros para industrialização ou comercialização, que não tenham sido objeto de qualquer processo industrial no estabelecimento. Também serão classificadas neste código as vendas de mercadorias por estabelecimento comercial de cooperativa.'),
	('7105', 'Venda de produção do estabelecimento, que não deva por ele transitar', 'Classificam-se neste código as vendas de produtos industrializados no estabelecimento, armazenados em depósito fechado, armazém geral ou outro sem que haja retorno ao estabelecimento depositante.'),
	('7106', 'Venda de mercadoria adquirida ou recebida de terceiros, que não deva por ele transitar', 'Classificam-se neste código as vendas de mercadorias adquiridas ou recebidas de terceiros para industrialização ou comercialização, armazenadas em depósito fechado, armazém geral ou outro, que não tenham sido objeto de qualquer processo industrial no estabelecimento sem que haja retorno ao estabelecimento depositante. Também serão classificadas neste código as vendas de mercadorias importadas, cuja saída ocorra do recinto alfandegado ou da repartição alfandegária onde se processou o desembaraço aduaneiro, com destino ao esta'),
	('7127', 'Venda de produção do estabelecimento sob o regime de drawback', 'Classificam-se neste código as vendas de produtos industrializados no estabelecimento sob o regime de drawback , cujas compras foram classificadas no código 3.127 - Compra para industrialização sob o regime de drawback.'),
	('7200', 'DEVOLUÇÕES DE COMPRAS PARA INDUSTRIALIZAÇÃO, COMERCIALIZAÇÃO OU ANULAÇÕES DE VALORES', '(NR Ajuste SINIEF 05/2005) (Dec.28.868/2006 - Efeitos a partir de 01/01/2006, ficando facultada ao contribuinte a sua adoção para fatos geradores ocorridos no período de 01 de novembro a 31 de dezembro de 2005)'),
	('7201', 'Devolução de compra para industrialização ou produção rural (NR Ajuste SINIEF 05/2005) (Decreto 28.868/2006)', 'Devolução de mercadoria adquirida para ser utilizada em processo de industrialização ou produção rural, cuja entrada tenha sido classificada como "1.101 - Compra para industrialização ou produção rural".\r\n\r\n(NR Ajuste SINIEF 05/2005) (Dec.28.868/2006 - Efeitos a partir de 01/01/2006, ficando facultada ao contribuinte a sua adoção para fatos geradores ocorridos no período de 01 de novembro a 31 de dezembro de 2005)'),
	('7202', 'Devolução de compra para comercialização', 'Classificam-se neste código as devoluções de mercadorias adquiridas para serem comercializadas, cujas entradas tenham sido classificadas como Compra para comercialização.'),
	('7205', 'Anulação de valor relativo à aquisição de serviço de comunicação', 'Classificam-se neste código as anulações correspondentes a valores faturados indevidamente, decorrentes das aquisições de serviços de comunicação.'),
	('7206', 'Anulação de valor relativo a aquisição de serviço de transporte', 'Classificam-se neste código as anulações correspondentes a valores faturados indevidamente, decorrentes das aquisições de serviços de transporte.'),
	('7207', 'Anulação de valor relativo à compra de energia elétrica', 'Classificam-se neste código as anulações correspondentes a valores faturados indevidamente, decorrentes da compra de energia elétrica.'),
	('7210', 'Devolução de compra para utilização na prestação de serviço', 'Classificam-se neste código as devoluções de mercadorias adquiridas para utilização na prestação de serviços, cujas entradas tenham sido classificadas no código 3.126 - Compra para utilização na prestação de serviço.'),
	('7211', 'Devolução de compras para industrialização sob o regime de drawback', 'Classificam-se neste código as devoluções de mercadorias adquiridas para serem utilizadas em processo de industrialização sob o regime de drawback e não utilizadas no referido processo, cujas entradas tenham sido classificadas no código 3.127 - Compra para industrialização sob o regime de drawback.'),
	('7250', 'VENDAS DE ENERGIA ELÉTRICA', NULL),
	('7251', 'Venda de energia elétrica para o exterior', 'Classificam-se neste código as vendas de energia elétrica para o exterior.'),
	('7300', 'PRESTAÇÕES DE SERVIÇOS DE COMUNICAÇÃO', NULL),
	('7301', 'Prestação de serviço de comunicação para execução de serviço da mesma natureza', 'Classificam-se neste código as prestações de serviços de comunicação destinados às prestações de serviços da mesma natureza.'),
	('7358', 'Prestação de serviço de transporte', 'Classificam-se neste código as prestações de serviços de transporte destinado a estabelecimento no exterior.'),
	('7500', 'EXPORTAÇÃO DE MERCADORIAS RECEBIDAS COM FIM ESPECÍFICO DE EXPORTAÇÃO', NULL),
	('7501', 'Exportação de mercadorias recebidas com fim específico de exportação', 'Classificam-se neste código as exportações das mercadorias recebidas anteriormente com finalidade específica de exportação, cujas entradas tenham sido classificadas nos códigos 1.501 - Entrada de mercadoria recebida com fim específico de exportação ou 2.501 - Entrada de mercadoria recebida com fim específico de exportação.'),
	('7550', 'OPERAÇÕES COM BENS DE ATIVO IMOBILIZADO E MATERIAIS PARA USO OU CONSUMO', NULL),
	('7551', 'Venda de bem do ativo imobilizado', 'Classificam-se neste código as vendas de bens integrantes do ativo imobilizado do estabelecimento.'),
	('7553', 'Devolução de compra de bem para o ativo imobilizado', 'Classificam-se neste código as devoluções de bens adquiridos para integrar o ativo imobilizado do estabelecimento, cuja entrada foi classificada no código 3.551 - Compra de bem para o ativo imobilizado.'),
	('7556', 'Devolução de compra de material de uso ou consumo', 'Classificam-se neste código as devoluções de mercadorias destinadas ao uso ou consumo do estabelecimento, cuja entrada tenha sido classificada no código 3.556 - Compra de material para uso ou consumo.'),
	('7650', 'SAÍDAS DE COMBUSTÍVEIS, DERIVADOS OU NÃO DE PETRÓLEO, E LUBRIFICANTES', '(a partir 01.01.2004 -  Decreto Nº 26.174 de 26/11/2003)'),
	('7651', 'Venda de combustível ou lubrificante de produção do estabelecimento', 'Venda de combustível ou lubrificante industrializados no estabelecimento e destinados ao exterior. (a partir 01.01.2004 -  Decreto Nº 26.174 de 26/11/2003)'),
	('7654', 'Venda de combustível ou lubrificante adquiridos ou recebidos de terceiros', 'Venda de combustível ou lubrificante, adquiridos ou recebidos de terceiros, destinados ao exterior. (a partir 01.01.2004 -  Decreto Nº 26.174 de 26/11/2003)'),
	('7667', 'Venda de combustível ou lubrificante a consumidor ou usuário final', 'Venda de combustível ou lubrificante a consumidor ou a usuário final, cuja operação tenha sido equiparada a uma exportação. ACR Ajuste SINIEF 05/2009 – a partir de 01.07.2009)(Decreto nº 34.490/2009)'),
	('7900', 'OUTRAS SAIDAS DE MERCADORIA OU PRESTAÇÕES DE SERVIÇOS', NULL),
	('7930', 'Lançamento efetuado a título de devolução de bem cuja entrada tenha ocorrido sob amparo de regime especial aduaneiro de admissão temporária', 'Classificam-se neste código os lançamentos efetuados a título de saída em devolução de bens cuja entrada tenha ocorrido sob amparo de regime especial aduaneiro de admissão temporária.'),
	('7949', 'Outra saída de mercadoria ou prestação de serviço não especificado', 'Classificam-se neste código as outras saídas de mercadorias ou prestações de serviços que não tenham sido especificados nos códigos anteriores.');
/*!40000 ALTER TABLE `cfop` ENABLE KEYS */;

-- Copiando estrutura para tabela sms.departamento
DROP TABLE IF EXISTS `departamento`;
CREATE TABLE IF NOT EXISTS `departamento` (
  `CODDEPARTAMENTO` int(11) NOT NULL AUTO_INCREMENT,
  `NOME` varchar(100) DEFAULT NULL,
  `TELEFONE` varchar(50) DEFAULT NULL,
  `EMAIL` varchar(50) DEFAULT NULL,
  `ATIVA` varchar(1) DEFAULT NULL,
  `RESPINCLUSAO` varchar(255) DEFAULT NULL,
  `DATAHORAINCLUSAO` datetime DEFAULT NULL,
  `RESPALTERACAO` varchar(255) DEFAULT NULL,
  `DATAHORAALTERACAO` datetime DEFAULT NULL,
  `EXCLUIDO` varchar(2) DEFAULT NULL,
  PRIMARY KEY (`CODDEPARTAMENTO`)
) ENGINE=InnoDB AUTO_INCREMENT=4 DEFAULT CHARSET=latin1 ROW_FORMAT=COMPACT;

-- Copiando dados para a tabela sms.departamento: ~3 rows (aproximadamente)
/*!40000 ALTER TABLE `departamento` DISABLE KEYS */;
INSERT INTO `departamento` (`CODDEPARTAMENTO`, `NOME`, `TELEFONE`, `EMAIL`, `ATIVA`, `RESPINCLUSAO`, `DATAHORAINCLUSAO`, `RESPALTERACAO`, `DATAHORAALTERACAO`, `EXCLUIDO`) VALUES
	(1, 'ODONTOLOGIA', '(62) 3506-4597', '', 'S', 'Renato Leandro', '2019-08-14 11:08:25', 'RODRIGO DIEGO', '2019-09-23 09:53:14', 'N'),
	(2, 'ATENÇÃO ASSISTIDA', '(11) 1111-1111', '', 'S', 'Renato Leandro', '2019-08-14 13:22:50', NULL, NULL, 'N'),
	(3, 'CAFTRIN', '(11) 1111-1111', '', 'S', 'Renato Leandro', '2019-09-11 08:06:09', NULL, NULL, 'N');
/*!40000 ALTER TABLE `departamento` ENABLE KEYS */;

-- Copiando estrutura para tabela sms.empresa
DROP TABLE IF EXISTS `empresa`;
CREATE TABLE IF NOT EXISTS `empresa` (
  `CODEMPRESA` int(11) NOT NULL AUTO_INCREMENT,
  `NOME` varchar(100) DEFAULT NULL,
  `ENDERECO` varchar(255) DEFAULT NULL,
  `BAIRRO` varchar(255) DEFAULT NULL,
  `CODESTADO` int(11) DEFAULT NULL,
  `CODCIDADE` int(11) DEFAULT NULL,
  `TELEFONE` varchar(50) DEFAULT NULL,
  `EMAIL` varchar(50) DEFAULT NULL,
  `CAMINHOLOGO` varchar(255) DEFAULT NULL,
  `OBS` varchar(255) DEFAULT NULL,
  `ATIVA` varchar(1) DEFAULT NULL,
  `RESPINCLUSAO` varchar(255) DEFAULT NULL,
  `DATAHORAINCLUSAO` datetime DEFAULT NULL,
  `RESPALTERACAO` varchar(255) DEFAULT NULL,
  `DATAHORAALTERACAO` datetime DEFAULT NULL,
  `EXCLUIDO` varchar(2) DEFAULT NULL,
  PRIMARY KEY (`CODEMPRESA`)
) ENGINE=InnoDB AUTO_INCREMENT=2 DEFAULT CHARSET=latin1;

-- Copiando dados para a tabela sms.empresa: ~1 rows (aproximadamente)
/*!40000 ALTER TABLE `empresa` DISABLE KEYS */;
INSERT INTO `empresa` (`CODEMPRESA`, `NOME`, `ENDERECO`, `BAIRRO`, `CODESTADO`, `CODCIDADE`, `TELEFONE`, `EMAIL`, `CAMINHOLOGO`, `OBS`, `ATIVA`, `RESPINCLUSAO`, `DATAHORAINCLUSAO`, `RESPALTERACAO`, `DATAHORAALTERACAO`, `EXCLUIDO`) VALUES
	(1, 'FUNDO MUNICIPAL DE SAUDE', 'RUA', 'BAIRRO', 1, 1, '31100010', 'a', 'a', 'S', '', NULL, NULL, 'Renato Leandro', '2019-07-17 07:48:45', 'N');
/*!40000 ALTER TABLE `empresa` ENABLE KEYS */;

-- Copiando estrutura para tabela sms.entrada
DROP TABLE IF EXISTS `entrada`;
CREATE TABLE IF NOT EXISTS `entrada` (
  `CODENTRADA` int(11) NOT NULL AUTO_INCREMENT,
  `CODEMPRESA` int(11) NOT NULL DEFAULT '0',
  `CODDEPARTAMENTO` int(11) DEFAULT NULL,
  `NUMERONOTA` varchar(50) DEFAULT NULL,
  `SERIE` varchar(50) DEFAULT NULL,
  `CFOP` varchar(50) DEFAULT NULL,
  `CODFORNECEDOR` int(11) DEFAULT NULL,
  `DATAEMISSAO` datetime DEFAULT NULL,
  `DATARECEBIMENTO` datetime DEFAULT NULL,
  `TIPOENTREGA` int(11) DEFAULT NULL,
  PRIMARY KEY (`CODENTRADA`)
) ENGINE=InnoDB DEFAULT CHARSET=latin1;

-- Copiando dados para a tabela sms.entrada: ~0 rows (aproximadamente)
/*!40000 ALTER TABLE `entrada` DISABLE KEYS */;
/*!40000 ALTER TABLE `entrada` ENABLE KEYS */;

-- Copiando estrutura para tabela sms.entrada_item
DROP TABLE IF EXISTS `entrada_item`;
CREATE TABLE IF NOT EXISTS `entrada_item` (
  `CODENTRADA` int(11) DEFAULT NULL,
  `NUMERONOTA` varchar(50) DEFAULT NULL,
  `SERIE` varchar(5) DEFAULT NULL,
  `CODPRODUTO` int(11) DEFAULT NULL,
  `LOTE` varchar(50) DEFAULT NULL,
  `VALIDADE` varchar(50) DEFAULT NULL,
  `QUANTIDADE` float DEFAULT NULL,
  `ANO` int(11) DEFAULT NULL,
  `MES` int(11) DEFAULT NULL
) ENGINE=InnoDB DEFAULT CHARSET=latin1;

-- Copiando dados para a tabela sms.entrada_item: ~0 rows (aproximadamente)
/*!40000 ALTER TABLE `entrada_item` DISABLE KEYS */;
/*!40000 ALTER TABLE `entrada_item` ENABLE KEYS */;

-- Copiando estrutura para tabela sms.entrada_item_vinculo
DROP TABLE IF EXISTS `entrada_item_vinculo`;
CREATE TABLE IF NOT EXISTS `entrada_item_vinculo` (
  `ID` int(11) NOT NULL AUTO_INCREMENT,
  `CODPRODUTO` int(11) DEFAULT NULL,
  `CODFORNECEDOR` int(11) DEFAULT NULL,
  `CODPRODUTOFORNECEDOR` varchar(50) DEFAULT NULL,
  `NOMEPRODUTOFORNECEDOR` varchar(200) DEFAULT NULL,
  PRIMARY KEY (`ID`)
) ENGINE=InnoDB DEFAULT CHARSET=latin1 ROW_FORMAT=COMPACT;

-- Copiando dados para a tabela sms.entrada_item_vinculo: ~0 rows (aproximadamente)
/*!40000 ALTER TABLE `entrada_item_vinculo` DISABLE KEYS */;
/*!40000 ALTER TABLE `entrada_item_vinculo` ENABLE KEYS */;

-- Copiando estrutura para tabela sms.estoque
DROP TABLE IF EXISTS `estoque`;
CREATE TABLE IF NOT EXISTS `estoque` (
  `ID` int(11) NOT NULL AUTO_INCREMENT,
  `CODEMPRESA` int(11) DEFAULT NULL,
  `CODDEPARTAMENTO` int(11) DEFAULT NULL,
  `MES` int(11) DEFAULT NULL,
  `ANO` int(11) DEFAULT NULL,
  `CODPRODUTO` int(11) DEFAULT NULL,
  `QTANTERIOR` float DEFAULT NULL,
  `ENTRADA` float DEFAULT NULL,
  `SAIDA` float DEFAULT NULL,
  `QTATUAL` float DEFAULT NULL,
  PRIMARY KEY (`ID`)
) ENGINE=InnoDB AUTO_INCREMENT=3926 DEFAULT CHARSET=latin1;

-- Copiando dados para a tabela sms.estoque: ~984 rows (aproximadamente)
/*!40000 ALTER TABLE `estoque` DISABLE KEYS */;
INSERT INTO `estoque` (`ID`, `CODEMPRESA`, `CODDEPARTAMENTO`, `MES`, `ANO`, `CODPRODUTO`, `QTANTERIOR`, `ENTRADA`, `SAIDA`, `QTATUAL`) VALUES
	(2172, 1, 3, 2, 2020, 321, 0, 4, 0, 4),
	(2173, 1, 3, 2, 2020, 322, 0, 44, 0, 44),
	(2174, 1, 3, 2, 2020, 323, 0, 78, 2, 76),
	(2175, 1, 3, 2, 2020, 324, 0, 70, 0, 70),
	(2176, 1, 3, 2, 2020, 325, 0, 16, 0, 16),
	(2177, 1, 3, 2, 2020, 326, 0, 6, 0, 6),
	(2178, 1, 3, 2, 2020, 327, 0, 7, 0, 7),
	(2179, 1, 3, 2, 2020, 328, 0, 5, 0, 5),
	(2180, 1, 3, 2, 2020, 329, 0, 29, 0, 29),
	(2181, 1, 3, 2, 2020, 330, 0, 23, 0, 23),
	(2182, 1, 3, 2, 2020, 331, 0, 2, 0, 2),
	(2183, 1, 3, 2, 2020, 332, 0, 8, 0, 8),
	(2184, 1, 3, 2, 2020, 333, 0, 59, 0, 59),
	(2185, 1, 3, 2, 2020, 335, 0, 12, 0, 12),
	(2186, 1, 3, 2, 2020, 336, 0, 28, 0, 28),
	(2187, 1, 3, 2, 2020, 337, 0, 4, 0, 4),
	(2188, 1, 3, 2, 2020, 338, 0, 11, 0, 11),
	(2189, 1, 3, 2, 2020, 339, 0, 17, 0, 17),
	(2190, 1, 3, 2, 2020, 340, 0, 9, 0, 9),
	(2191, 1, 3, 2, 2020, 341, 0, 11, 0, 11),
	(2192, 1, 3, 2, 2020, 342, 0, 0, 0, 0),
	(2193, 1, 3, 2, 2020, 343, 0, 0, 0, 0),
	(2194, 1, 3, 2, 2020, 344, 0, 4, 0, 4),
	(2195, 1, 3, 2, 2020, 345, 0, 71, 0, 71),
	(2196, 1, 3, 2, 2020, 346, 0, 5, 0, 5),
	(2197, 1, 3, 2, 2020, 347, 0, 9, 0, 9),
	(2198, 1, 3, 2, 2020, 348, 0, 5, 0, 5),
	(2199, 1, 3, 2, 2020, 349, 0, 17, 0, 17),
	(2200, 1, 3, 2, 2020, 350, 0, 0, 0, 0),
	(2201, 1, 3, 2, 2020, 351, 0, 0, 0, 0),
	(2202, 1, 3, 2, 2020, 352, 0, 6, 0, 6),
	(2203, 1, 3, 2, 2020, 353, 0, 6, 0, 6),
	(2204, 1, 3, 2, 2020, 354, 0, 4, 0, 4),
	(2205, 1, 3, 2, 2020, 355, 0, 0, 0, 0),
	(2206, 1, 3, 2, 2020, 356, 0, 10, 0, 10),
	(2207, 1, 3, 2, 2020, 357, 0, 48, 0, 48),
	(2208, 1, 3, 2, 2020, 358, 0, 59, 0, 59),
	(2209, 1, 3, 2, 2020, 359, 0, 68, 0, 68),
	(2210, 1, 3, 2, 2020, 360, 0, 14, 0, 14),
	(2211, 1, 3, 2, 2020, 361, 0, 0, 0, 0),
	(2212, 1, 3, 2, 2020, 362, 0, 0, 0, 0),
	(2213, 1, 3, 2, 2020, 363, 0, 1, 0, 1),
	(2214, 1, 3, 2, 2020, 364, 0, 0, 0, 0),
	(2215, 1, 3, 2, 2020, 365, 0, 1, 0, 1),
	(2216, 1, 3, 2, 2020, 366, 0, 4, 0, 4),
	(2217, 1, 3, 2, 2020, 367, 0, 20, 0, 20),
	(2218, 1, 3, 2, 2020, 368, 0, 18, 0, 18),
	(2219, 1, 3, 2, 2020, 369, 0, 0, 0, 0),
	(2220, 1, 3, 2, 2020, 370, 0, 0, 0, 0),
	(2221, 1, 3, 2, 2020, 371, 0, 0, 0, 0),
	(2222, 1, 3, 2, 2020, 372, 0, 1, 0, 1),
	(2223, 1, 3, 2, 2020, 373, 0, 27, 0, 27),
	(2224, 1, 3, 2, 2020, 374, 0, 14, 0, 14),
	(2225, 1, 3, 2, 2020, 375, 0, 9, 0, 9),
	(2226, 1, 3, 2, 2020, 376, 0, 9, 0, 9),
	(2227, 1, 3, 2, 2020, 377, 0, 111, 0, 111),
	(2228, 1, 3, 2, 2020, 378, 0, 12, 0, 12),
	(2229, 1, 3, 2, 2020, 379, 0, 5, 0, 5),
	(2230, 1, 3, 2, 2020, 380, 0, 11, 0, 11),
	(2231, 1, 3, 2, 2020, 381, 0, 38, 0, 38),
	(2232, 1, 3, 2, 2020, 382, 0, 19, 0, 19),
	(2233, 1, 3, 2, 2020, 383, 0, 5, 0, 5),
	(2234, 1, 3, 2, 2020, 384, 0, 7, 0, 7),
	(2235, 1, 3, 2, 2020, 385, 0, 5, 0, 5),
	(2236, 1, 3, 2, 2020, 386, 0, 4, 0, 4),
	(2237, 1, 3, 2, 2020, 387, 0, 0, 0, 0),
	(2238, 1, 3, 2, 2020, 388, 0, 0, 0, 0),
	(2239, 1, 3, 2, 2020, 389, 0, 0, 0, 0),
	(2240, 1, 3, 2, 2020, 390, 0, 6, 0, 6),
	(2241, 1, 3, 2, 2020, 391, 0, 0, 0, 0),
	(2242, 1, 3, 2, 2020, 392, 0, 0, 0, 0),
	(2243, 1, 3, 2, 2020, 393, 0, 0, 0, 0),
	(2244, 1, 3, 2, 2020, 394, 0, 0, 0, 0),
	(2245, 1, 3, 2, 2020, 395, 0, 2, 0, 2),
	(2246, 1, 3, 2, 2020, 396, 0, 0, 0, 0),
	(2247, 1, 3, 2, 2020, 397, 0, 1, 0, 1),
	(2248, 1, 3, 2, 2020, 398, 0, 1, 0, 1),
	(2249, 1, 3, 2, 2020, 399, 0, 0, 0, 0),
	(2250, 1, 3, 2, 2020, 400, 0, 0, 0, 0),
	(2251, 1, 3, 2, 2020, 401, 0, 1, 0, 1),
	(2252, 1, 3, 2, 2020, 402, 0, 1, 0, 1),
	(2253, 1, 3, 2, 2020, 404, 0, 2, 0, 2),
	(2254, 1, 3, 2, 2020, 405, 0, 0, 0, 0),
	(2255, 1, 3, 2, 2020, 406, 0, 1, 0, 1),
	(2256, 1, 3, 2, 2020, 407, 0, 0, 0, 0),
	(2257, 1, 3, 2, 2020, 408, 0, 1, 0, 1),
	(2258, 1, 3, 2, 2020, 409, 0, 5, 0, 5),
	(2259, 1, 3, 2, 2020, 410, 0, 4, 0, 4),
	(2260, 1, 3, 2, 2020, 411, 0, 2, 0, 2),
	(2261, 1, 3, 2, 2020, 412, 0, 1, 0, 1),
	(2262, 1, 3, 2, 2020, 413, 0, 0, 0, 0),
	(2263, 1, 3, 2, 2020, 414, 0, 40, 0, 40),
	(2264, 1, 3, 2, 2020, 415, 0, 1, 0, 1),
	(2265, 1, 3, 2, 2020, 416, 0, 58, 2, 56),
	(2266, 1, 3, 2, 2020, 417, 0, 4, 0, 4),
	(2267, 1, 3, 2, 2020, 418, 0, 0, 0, 0),
	(2268, 1, 3, 2, 2020, 419, 0, 40, 0, 40),
	(2269, 1, 3, 2, 2020, 420, 0, 40, 0, 40),
	(2270, 1, 3, 2, 2020, 421, 0, 10, 0, 10),
	(2271, 1, 3, 2, 2020, 422, 0, 27, 0, 27),
	(2272, 1, 3, 2, 2020, 423, 0, 0, 0, 0),
	(2273, 1, 3, 2, 2020, 424, 0, 8, 0, 8),
	(2274, 1, 3, 2, 2020, 425, 0, 5, 0, 5),
	(2275, 1, 3, 2, 2020, 426, 0, 21, 0, 21),
	(2276, 1, 3, 2, 2020, 427, 0, 69, 0, 69),
	(2277, 1, 3, 2, 2020, 428, 0, 58, 0, 58),
	(2278, 1, 3, 2, 2020, 429, 0, 0, 0, 0),
	(2279, 1, 3, 2, 2020, 430, 0, 0, 0, 0),
	(2280, 1, 3, 2, 2020, 431, 0, 25, 0, 25),
	(2281, 1, 3, 2, 2020, 432, 0, 9, 0, 9),
	(2282, 1, 3, 2, 2020, 433, 0, 0, 0, 0),
	(2283, 1, 3, 2, 2020, 434, 0, 0, 0, 0),
	(2284, 1, 3, 2, 2020, 435, 0, 0, 0, 0),
	(2285, 1, 3, 2, 2020, 436, 0, 0, 0, 0),
	(2286, 1, 3, 2, 2020, 437, 0, 0, 0, 0),
	(2287, 1, 3, 2, 2020, 438, 0, 0, 0, 0),
	(2288, 1, 3, 2, 2020, 439, 0, 0, 0, 0),
	(2289, 1, 3, 2, 2020, 440, 0, 5, 0, 5),
	(2290, 1, 3, 2, 2020, 441, 0, 2, 0, 2),
	(2291, 1, 3, 2, 2020, 442, 0, 0, 0, 0),
	(2292, 1, 3, 2, 2020, 443, 0, 1, 0, 1),
	(2293, 1, 3, 2, 2020, 444, 0, 7, 0, 7),
	(2294, 1, 3, 2, 2020, 445, 0, 0, 0, 0),
	(2296, 1, 3, 2, 2020, 447, 0, 0, 0, 0),
	(2297, 1, 3, 2, 2020, 448, 0, 0, 0, 0),
	(2298, 1, 3, 2, 2020, 449, 0, 2, 0, 2),
	(2299, 1, 3, 2, 2020, 450, 0, 82, 0, 82),
	(2300, 1, 3, 2, 2020, 451, 0, 0, 0, 0),
	(2301, 1, 3, 2, 2020, 452, 0, 0, 0, 0),
	(2302, 1, 3, 2, 2020, 453, 0, 4, 0, 4),
	(2303, 1, 3, 2, 2020, 454, 0, 20, 0, 20),
	(2304, 1, 3, 2, 2020, 455, 0, 1, 0, 1),
	(2305, 1, 3, 2, 2020, 456, 0, 0, 0, 0),
	(2306, 1, 3, 2, 2020, 457, 0, 0, 0, 0),
	(2307, 1, 3, 2, 2020, 458, 0, 1, 0, 1),
	(2308, 1, 3, 2, 2020, 459, 0, 14, 0, 14),
	(2309, 1, 3, 2, 2020, 460, 0, 27, 0, 27),
	(2310, 1, 3, 2, 2020, 461, 0, 29, 0, 29),
	(2311, 1, 3, 2, 2020, 462, 0, 48, 0, 48),
	(2312, 1, 3, 2, 2020, 463, 0, 64, 0, 64),
	(2313, 1, 3, 2, 2020, 464, 0, 18, 0, 18),
	(2314, 1, 3, 2, 2020, 465, 0, 8, 0, 8),
	(2315, 1, 3, 2, 2020, 466, 0, 0, 0, 0),
	(2316, 1, 3, 2, 2020, 467, 0, 0, 0, 0),
	(2317, 1, 3, 2, 2020, 468, 0, 0, 0, 0),
	(2318, 1, 3, 2, 2020, 469, 0, 19, 0, 19),
	(2319, 1, 3, 2, 2020, 470, 0, 158, 0, 158),
	(2320, 1, 3, 2, 2020, 471, 0, 92, 0, 92),
	(2321, 1, 3, 2, 2020, 472, 0, 36, 0, 36),
	(2322, 1, 3, 2, 2020, 473, 0, 69, 0, 69),
	(2323, 1, 3, 2, 2020, 474, 0, 7, 0, 7),
	(2324, 1, 3, 2, 2020, 475, 0, 18, 0, 18),
	(2325, 1, 3, 2, 2020, 476, 0, 55, 0, 55),
	(2326, 1, 3, 2, 2020, 477, 0, 27, 0, 27),
	(2327, 1, 3, 2, 2020, 478, 0, 24, 0, 24),
	(2328, 1, 3, 2, 2020, 479, 0, 19, 0, 19),
	(2329, 1, 3, 2, 2020, 480, 0, 0, 0, 0),
	(2330, 1, 3, 2, 2020, 481, 0, 0, 0, 0),
	(2331, 1, 3, 2, 2020, 482, 0, 0, 0, 0),
	(2332, 1, 3, 2, 2020, 483, 0, 0, 0, 0),
	(2333, 1, 3, 2, 2020, 484, 0, 0, 0, 0),
	(2334, 1, 3, 2, 2020, 485, 0, 0, 0, 0),
	(2335, 1, 3, 2, 2020, 486, 0, 47, 0, 47),
	(2336, 1, 3, 2, 2020, 487, 0, 52, 0, 52),
	(2337, 1, 3, 2, 2020, 488, 0, 23, 2, 21),
	(2338, 1, 3, 2, 2020, 489, 0, 0, 0, 0),
	(2339, 1, 3, 2, 2020, 490, 0, 0, 0, 0),
	(2340, 1, 3, 2, 2020, 491, 0, 0, 0, 0),
	(2341, 1, 3, 2, 2020, 492, 0, 0, 0, 0),
	(2342, 1, 3, 2, 2020, 493, 0, 0, 0, 0),
	(2343, 1, 3, 2, 2020, 494, 0, 2, 0, 2),
	(2344, 1, 3, 2, 2020, 495, 0, 0, 0, 0),
	(2345, 1, 3, 2, 2020, 496, 0, 4, 0, 4),
	(2346, 1, 3, 2, 2020, 497, 0, 2, 0, 2),
	(2347, 1, 3, 2, 2020, 498, 0, 0, 0, 0),
	(2348, 1, 3, 2, 2020, 499, 0, 0, 0, 0),
	(2349, 1, 3, 2, 2020, 500, 0, 0, 0, 0),
	(2350, 1, 3, 2, 2020, 501, 0, 0, 0, 0),
	(2351, 1, 3, 2, 2020, 502, 0, 0, 0, 0),
	(2352, 1, 3, 2, 2020, 503, 0, 0, 0, 0),
	(2353, 1, 3, 2, 2020, 504, 0, 0, 0, 0),
	(2354, 1, 3, 2, 2020, 505, 0, 0, 0, 0),
	(2355, 1, 3, 2, 2020, 506, 0, 0, 0, 0),
	(2356, 1, 3, 2, 2020, 507, 0, 0, 0, 0),
	(2357, 1, 3, 2, 2020, 508, 0, 0, 0, 0),
	(2358, 1, 3, 2, 2020, 509, 0, 0, 0, 0),
	(2359, 1, 3, 2, 2020, 510, 0, 8, 0, 8),
	(2360, 1, 3, 2, 2020, 511, 0, 6, 0, 6),
	(2361, 1, 3, 2, 2020, 512, 0, 0, 0, 0),
	(2362, 1, 3, 2, 2020, 513, 0, 19, 0, 19),
	(2363, 1, 3, 2, 2020, 514, 0, 0, 0, 0),
	(2364, 1, 3, 2, 2020, 515, 0, 1, 0, 1),
	(2365, 1, 3, 2, 2020, 516, 0, 3, 0, 3),
	(2366, 1, 3, 2, 2020, 517, 0, 0, 0, 0),
	(2367, 1, 3, 2, 2020, 518, 0, 15, 0, 15),
	(2368, 1, 3, 2, 2020, 519, 0, 13, 0, 13),
	(2369, 1, 3, 2, 2020, 520, 0, 0, 0, 0),
	(2370, 1, 3, 2, 2020, 521, 0, 0, 0, 0),
	(2371, 1, 3, 2, 2020, 522, 0, 0, 0, 0),
	(2372, 1, 3, 2, 2020, 523, 0, 6, 0, 6),
	(2373, 1, 3, 2, 2020, 524, 0, 8, 0, 8),
	(2374, 1, 3, 2, 2020, 525, 0, 0, 0, 0),
	(2375, 1, 3, 2, 2020, 526, 0, 2, 0, 2),
	(2376, 1, 3, 2, 2020, 527, 0, 8, 0, 8),
	(2377, 1, 3, 2, 2020, 528, 0, 0, 0, 0),
	(2378, 1, 3, 2, 2020, 529, 0, 0, 0, 0),
	(2379, 1, 3, 2, 2020, 530, 0, 0, 0, 0),
	(2380, 1, 3, 2, 2020, 531, 0, 0, 0, 0),
	(2381, 1, 3, 2, 2020, 532, 0, 0, 0, 0),
	(2382, 1, 3, 2, 2020, 533, 0, 0, 0, 0),
	(2383, 1, 3, 2, 2020, 534, 0, 7, 0, 7),
	(2384, 1, 3, 2, 2020, 535, 0, 17, 0, 17),
	(2385, 1, 3, 2, 2020, 536, 0, 23, 0, 23),
	(2386, 1, 3, 2, 2020, 537, 0, 1, 0, 1),
	(2387, 1, 3, 2, 2020, 538, 0, 18, 0, 18),
	(2388, 1, 3, 2, 2020, 539, 0, 43, 0, 43),
	(2389, 1, 3, 2, 2020, 540, 0, 5, 0, 5),
	(2390, 1, 3, 2, 2020, 541, 0, 5, 0, 5),
	(2391, 1, 3, 2, 2020, 542, 0, 1, 0, 1),
	(2392, 1, 3, 2, 2020, 543, 0, 31, 0, 31),
	(2393, 1, 3, 2, 2020, 544, 0, 4, 0, 4),
	(2394, 1, 3, 2, 2020, 545, 0, 62, 0, 62),
	(2395, 1, 3, 2, 2020, 546, 0, 8, 0, 8),
	(2397, 1, 3, 2, 2020, 548, 0, 5, 0, 5),
	(2398, 1, 3, 2, 2020, 549, 0, 7, 0, 7),
	(2399, 1, 3, 2, 2020, 550, 0, 7, 0, 7),
	(2400, 1, 3, 2, 2020, 551, 0, 1, 0, 1),
	(2401, 1, 3, 2, 2020, 552, 0, 18, 0, 18),
	(2402, 1, 3, 2, 2020, 553, 0, 15, 1, 14),
	(2403, 1, 3, 2, 2020, 554, 0, 5, 0, 5),
	(2404, 1, 3, 2, 2020, 555, 0, 10, 0, 10),
	(2405, 1, 3, 2, 2020, 556, 0, 14, 0, 14),
	(2406, 1, 3, 2, 2020, 557, 0, 2, 0, 2),
	(2407, 1, 3, 2, 2020, 558, 0, 1, 0, 1),
	(2408, 1, 3, 2, 2020, 559, 0, 2, 0, 2),
	(2409, 1, 3, 2, 2020, 560, 0, 8, 0, 8),
	(2410, 1, 3, 2, 2020, 561, 0, 1, 0, 1),
	(2411, 1, 3, 2, 2020, 562, 0, 1, 0, 1),
	(2412, 1, 3, 2, 2020, 563, 0, 20, 0, 20),
	(2413, 1, 3, 2, 2020, 564, 0, 12, 0, 12),
	(2414, 1, 3, 2, 2020, 565, 0, 1, 0, 1),
	(2415, 1, 3, 2, 2020, 566, 0, 44, 0, 44),
	(2416, 1, 3, 2, 2020, 567, 0, 3, 0, 3),
	(2417, 1, 3, 2, 2020, 568, 0, 1, 0, 1),
	(2418, 1, 3, 2, 2020, 569, 0, 16, 0, 16),
	(2419, 1, 3, 2, 2020, 570, 0, 24, 0, 24),
	(2420, 1, 3, 2, 2020, 571, 0, 91, 0, 91),
	(2421, 1, 3, 2, 2020, 572, 0, 23, 0, 23),
	(2422, 1, 3, 2, 2020, 573, 0, 10, 0, 10),
	(2423, 1, 3, 2, 2020, 574, 0, 2, 0, 2),
	(2424, 1, 3, 2, 2020, 575, 0, 1, 0, 1),
	(2425, 1, 3, 2, 2020, 576, 0, 3, 0, 3),
	(2426, 1, 3, 2, 2020, 577, 0, 11, 0, 11),
	(2427, 1, 3, 2, 2020, 578, 0, 2, 0, 2),
	(2428, 1, 3, 2, 2020, 579, 0, 42, 0, 42),
	(2429, 1, 3, 2, 2020, 580, 0, 364, 2, 362),
	(2430, 1, 3, 2, 2020, 581, 0, 450, 0, 450),
	(2431, 1, 3, 2, 2020, 582, 0, 353, 0, 353),
	(2432, 1, 3, 2, 2020, 583, 0, 55, 0, 55),
	(2433, 1, 3, 2, 2020, 584, 0, 26, 0, 26),
	(2434, 1, 3, 2, 2020, 585, 0, 38, 0, 38),
	(2435, 1, 3, 2, 2020, 586, 0, 337, 0, 337),
	(2436, 1, 3, 2, 2020, 587, 0, 7450, 0, 7450),
	(2437, 1, 3, 2, 2020, 588, 0, 1500, 50, 1450),
	(2438, 1, 3, 2, 2020, 589, 0, 2300, 0, 2300),
	(2439, 1, 3, 2, 2020, 590, 0, 1300, 0, 1300),
	(2440, 1, 3, 2, 2020, 591, 0, 757, 0, 757),
	(2441, 1, 3, 2, 2020, 592, 0, 122, 0, 122),
	(2442, 1, 3, 2, 2020, 593, 0, 44, 0, 44),
	(2443, 1, 3, 2, 2020, 594, 0, 2, 0, 2),
	(2444, 1, 3, 2, 2020, 595, 0, 146, 0, 146),
	(2445, 1, 3, 2, 2020, 596, 0, 5153, 0, 5153),
	(2446, 1, 3, 2, 2020, 597, 0, 8589, 0, 8589),
	(2447, 1, 3, 2, 2020, 598, 0, 3622, 6, 3616),
	(2448, 1, 3, 2, 2020, 599, 0, 300, 0, 300),
	(2449, 1, 3, 2, 2020, 600, 0, 1000, 0, 1000),
	(2450, 1, 3, 2, 2020, 601, 0, 56, 0, 56),
	(2451, 1, 3, 2, 2020, 602, 0, 28, 0, 28),
	(2452, 1, 3, 2, 2020, 603, 0, 198, 0, 198),
	(2453, 1, 3, 2, 2020, 604, 0, 387, 15, 372),
	(2454, 1, 3, 2, 2020, 605, 0, 192, 2, 190),
	(2455, 1, 3, 2, 2020, 606, 0, 78, 0, 78),
	(2456, 1, 3, 2, 2020, 607, 0, 3, 1, 2),
	(2457, 1, 3, 2, 2020, 608, 0, 135, 0, 135),
	(2458, 1, 3, 2, 2020, 609, 0, 94, 0, 94),
	(2459, 1, 3, 2, 2020, 610, 0, 240, 4, 236),
	(2460, 1, 3, 2, 2020, 611, 0, 570, 5, 565),
	(2461, 1, 3, 2, 2020, 612, 0, 11, 0, 11),
	(2462, 1, 3, 2, 2020, 613, 0, 380, 1, 379),
	(2463, 1, 3, 2, 2020, 614, 0, 320, 0, 320),
	(2464, 1, 3, 2, 2020, 615, 0, 289, 0, 289),
	(2465, 1, 3, 2, 2020, 616, 0, 335, 0, 335),
	(2466, 1, 3, 2, 2020, 617, 0, 743, 0, 743),
	(2467, 1, 3, 2, 2020, 618, 0, 3, 0, 3),
	(2468, 1, 3, 2, 2020, 619, 0, 426, 6, 420),
	(2469, 1, 3, 2, 2020, 620, 0, 57, 2, 55),
	(2470, 1, 3, 2, 2020, 621, 0, 223, 0, 223),
	(2471, 1, 3, 2, 2020, 622, 0, 147, 0, 147),
	(2472, 1, 3, 2, 2020, 623, 0, 105, 40, 65),
	(2473, 1, 3, 2, 2020, 624, 0, 12, 1, 11),
	(2474, 1, 3, 2, 2020, 625, 0, 0, 0, 0),
	(2475, 1, 3, 2, 2020, 626, 0, 20, 0, 20),
	(2476, 1, 3, 2, 2020, 627, 0, 28, 0, 28),
	(2477, 1, 3, 2, 2020, 628, 0, 6, 1, 5),
	(2478, 1, 3, 2, 2020, 629, 0, 132, 0, 132),
	(2479, 1, 3, 2, 2020, 630, 0, 16, 0, 16),
	(2480, 1, 3, 2, 2020, 631, 0, 198, 0, 198),
	(2481, 1, 3, 2, 2020, 632, 0, 42, 0, 42),
	(2482, 1, 3, 2, 2020, 633, 0, 38, 0, 38),
	(2483, 1, 3, 2, 2020, 634, 0, 7, 0, 7),
	(2484, 1, 3, 2, 2020, 635, 0, 13, 0, 13),
	(2485, 1, 3, 2, 2020, 636, 0, 19, 0, 19),
	(2486, 1, 3, 2, 2020, 637, 0, 15, 0, 15),
	(2487, 1, 3, 2, 2020, 638, 0, 82, 0, 82),
	(2488, 1, 3, 2, 2020, 639, 0, 70, 0, 70),
	(2489, 1, 3, 2, 2020, 640, 0, 16, 2, 14),
	(2490, 1, 3, 2, 2020, 641, 0, 66, 0, 66),
	(2491, 1, 3, 2, 2020, 642, 0, 40, 0, 40),
	(2492, 1, 3, 2, 2020, 643, 0, 0, 0, 0),
	(2493, 1, 3, 2, 2020, 644, 0, 69, 0, 69),
	(2494, 1, 3, 2, 2020, 645, 0, 900, 0, 900),
	(2495, 1, 3, 2, 2020, 646, 0, 900, 0, 900),
	(2496, 1, 3, 2, 2020, 647, 0, 145, 0, 145),
	(2497, 1, 3, 2, 2020, 648, 0, 120, 0, 120),
	(2498, 1, 3, 2, 2020, 649, 0, 240, 0, 240),
	(2499, 1, 3, 2, 2020, 650, 0, 100, 0, 100),
	(2500, 1, 3, 2, 2020, 651, 0, 109, 2, 107),
	(2501, 1, 3, 2, 2020, 652, 0, 6, 0, 6),
	(2502, 1, 3, 2, 2020, 653, 0, 5, 0, 5),
	(2503, 1, 3, 2, 2020, 654, 0, 3791, 0, 3791),
	(2504, 1, 3, 2, 2020, 655, 0, 104, 0, 104),
	(2505, 1, 3, 2, 2020, 656, 0, 52, 0, 52),
	(2506, 1, 3, 2, 2020, 657, 0, 70, 0, 70),
	(2507, 1, 3, 2, 2020, 658, 0, 4, 0, 4),
	(2508, 1, 3, 2, 2020, 659, 0, 5, 0, 5),
	(2509, 1, 3, 2, 2020, 660, 0, 27, 0, 27),
	(2510, 1, 3, 2, 2020, 661, 0, 2604, 600, 2004),
	(2511, 1, 3, 2, 2020, 662, 0, 23, 0, 23),
	(2512, 1, 3, 2, 2020, 663, 0, 57, 0, 57),
	(2513, 1, 3, 2, 2020, 664, 0, 190, 0, 190),
	(2514, 1, 3, 2, 2020, 665, 0, 1299, 0, 1299),
	(2515, 1, 3, 2, 2020, 666, 0, 1450, 0, 1450),
	(2516, 1, 3, 2, 2020, 667, 0, 38, 0, 38),
	(2517, 1, 3, 2, 2020, 668, 0, 57, 0, 57),
	(2518, 1, 3, 2, 2020, 669, 0, 123, 0, 123),
	(2519, 1, 3, 2, 2020, 670, 0, 190, 0, 190),
	(2520, 1, 3, 2, 2020, 671, 0, 48, 0, 48),
	(2521, 1, 3, 2, 2020, 672, 0, 40, 0, 40),
	(2522, 1, 3, 2, 2020, 673, 0, 56, 0, 56),
	(2523, 1, 3, 2, 2020, 674, 0, 60, 0, 60),
	(2524, 1, 3, 2, 2020, 675, 0, 6, 0, 6),
	(2525, 1, 3, 2, 2020, 676, 0, 46, 0, 46),
	(2526, 1, 3, 2, 2020, 677, 0, 47, 0, 47),
	(2527, 1, 3, 2, 2020, 678, 0, 68, 0, 68),
	(2528, 1, 3, 2, 2020, 679, 0, 44, 0, 44),
	(2529, 1, 3, 2, 2020, 680, 0, 18, 0, 18),
	(2530, 1, 3, 2, 2020, 681, 0, 42, 0, 42),
	(2531, 1, 3, 2, 2020, 682, 0, 36, 0, 36),
	(2532, 1, 3, 2, 2020, 683, 0, 109, 0, 109),
	(2533, 1, 3, 2, 2020, 684, 0, 400, 0, 400),
	(2534, 1, 3, 2, 2020, 685, 0, 24, 0, 24),
	(2536, 1, 3, 2, 2020, 687, 0, 328, 0, 328),
	(2537, 1, 3, 2, 2020, 688, 0, 32, 0, 32),
	(2538, 1, 3, 2, 2020, 689, 0, 420, 0, 420),
	(2539, 1, 3, 2, 2020, 690, 0, 487, 0, 487),
	(2540, 1, 3, 2, 2020, 691, 0, 174, 0, 174),
	(2542, 1, 3, 2, 2020, 693, 0, 292, 0, 292),
	(2543, 1, 3, 2, 2020, 694, 0, 63, 0, 63),
	(2544, 1, 3, 2, 2020, 695, 0, 118, 0, 118),
	(2545, 1, 3, 2, 2020, 696, 0, 276, 0, 276),
	(2546, 1, 3, 2, 2020, 697, 0, 84, 0, 84),
	(2547, 1, 3, 2, 2020, 698, 0, 229, 0, 229),
	(2548, 1, 3, 2, 2020, 699, 0, 251, 0, 251),
	(2549, 1, 3, 2, 2020, 700, 0, 1917, 0, 1917),
	(2550, 1, 3, 2, 2020, 701, 0, 6, 0, 6),
	(2551, 1, 3, 2, 2020, 702, 0, 342, 0, 342),
	(2552, 1, 3, 2, 2020, 703, 0, 3, 0, 3),
	(2553, 1, 3, 2, 2020, 704, 0, 31, 0, 31),
	(2554, 1, 3, 2, 2020, 705, 0, 0, 0, 0),
	(2555, 1, 3, 2, 2020, 706, 0, 0, 0, 0),
	(2556, 1, 3, 2, 2020, 707, 0, 10, 0, 10),
	(2557, 1, 3, 2, 2020, 708, 0, 19, 0, 19),
	(2558, 1, 3, 2, 2020, 709, 0, 0, 0, 0),
	(2559, 1, 3, 2, 2020, 710, 0, 258, 0, 258),
	(2560, 1, 3, 2, 2020, 711, 0, 26, 0, 26),
	(2561, 1, 3, 2, 2020, 712, 0, 54, 0, 54),
	(2562, 1, 3, 2, 2020, 713, 0, 480, 0, 480),
	(2563, 1, 3, 2, 2020, 714, 0, 23, 0, 23),
	(2564, 1, 3, 2, 2020, 715, 0, 17, 0, 17),
	(2565, 1, 3, 2, 2020, 716, 0, 170, 0, 170),
	(2566, 1, 3, 2, 2020, 717, 0, 78, 0, 78),
	(2567, 1, 3, 2, 2020, 718, 0, 534, 0, 534),
	(2568, 1, 3, 2, 2020, 719, 0, 31, 0, 31),
	(2569, 1, 3, 2, 2020, 720, 0, 152, 0, 152),
	(2570, 1, 3, 2, 2020, 721, 0, 47, 0, 47),
	(2571, 1, 3, 2, 2020, 722, 0, 3, 0, 3),
	(2572, 1, 3, 2, 2020, 723, 0, 92, 0, 92),
	(2573, 1, 3, 2, 2020, 724, 0, 75, 0, 75),
	(2574, 1, 3, 2, 2020, 725, 0, 115, 0, 115),
	(2575, 1, 3, 2, 2020, 726, 0, 27, 0, 27),
	(2576, 1, 3, 2, 2020, 727, 0, 318, 0, 318),
	(2577, 1, 3, 2, 2020, 728, 0, 224, 0, 224),
	(2578, 1, 3, 2, 2020, 729, 0, 16, 0, 16),
	(2579, 1, 3, 2, 2020, 730, 0, 2266, 0, 2266),
	(2580, 1, 3, 2, 2020, 731, 0, 180, 0, 180),
	(2581, 1, 3, 2, 2020, 732, 0, 108, 0, 108),
	(2582, 1, 3, 2, 2020, 733, 0, 23, 0, 23),
	(2583, 1, 3, 2, 2020, 734, 0, 123, 0, 123),
	(2584, 1, 3, 2, 2020, 735, 0, 173, 0, 173),
	(2589, 1, 3, 2, 2020, 740, 0, 45, 0, 45),
	(2590, 1, 3, 2, 2020, 741, 0, 65, 1, 64),
	(2591, 1, 3, 2, 2020, 742, 0, 26, 0, 26),
	(2592, 1, 3, 2, 2020, 743, 0, 67, 0, 67),
	(2593, 1, 3, 2, 2020, 744, 0, 56, 1, 55),
	(2594, 1, 3, 2, 2020, 745, 0, 30, 0, 30),
	(2595, 1, 3, 2, 2020, 746, 0, 0, 0, 0),
	(2596, 1, 3, 2, 2020, 747, 0, 67, 0, 67),
	(2597, 1, 3, 2, 2020, 748, 0, 285, 0, 285),
	(2598, 1, 3, 2, 2020, 749, 0, 333, 0, 333),
	(2599, 1, 3, 2, 2020, 750, 0, 25, 0, 25),
	(2600, 1, 3, 2, 2020, 751, 0, 200, 0, 200),
	(2601, 1, 3, 2, 2020, 752, 0, 29, 0, 29),
	(3033, 1, 3, 2, 2020, 736, 0, 208, 0, 208),
	(3037, 1, 3, 2, 2020, 737, 0, 186, 0, 186),
	(3039, 1, 3, 2, 2020, 738, 0, 108, 0, 108),
	(3041, 1, 3, 2, 2020, 686, 0, 130, 0, 130),
	(3043, 1, 3, 2, 2020, 739, 0, 179, 0, 179),
	(3045, 1, 3, 2, 2020, 692, 0, 4650, 0, 4650),
	(3474, 1, 3, 3, 2020, 748, 285, 0, 173, 112),
	(3480, 1, 3, 2, 2020, 547, 0, 5, 0, 5),
	(3482, 1, 3, 2, 2020, 446, 0, 4, 0, 4),
	(3485, 1, 3, 2, 2020, 753, 0, 0, 0, 0),
	(3491, 1, 3, 3, 2020, 684, 400, 0, 39, 361),
	(3492, 1, 3, 3, 2020, 685, 24, 0, 0, 24),
	(3493, 1, 3, 3, 2020, 686, 130, 0, 28, 102),
	(3494, 1, 3, 3, 2020, 687, 328, 0, 46, 282),
	(3495, 1, 3, 3, 2020, 688, 32, 0, 1, 31),
	(3497, 1, 3, 3, 2020, 690, 487, 0, 107, 380),
	(3498, 1, 3, 3, 2020, 691, 174, 0, 0, 174),
	(3499, 1, 3, 3, 2020, 692, 4650, 0, 160, 4490),
	(3500, 1, 3, 3, 2020, 693, 292, 0, 0, 292),
	(3501, 1, 3, 3, 2020, 694, 63, 0, 3, 60),
	(3502, 1, 3, 3, 2020, 695, 118, 0, 3, 115),
	(3503, 1, 3, 3, 2020, 696, 276, 0, 43, 233),
	(3504, 1, 3, 3, 2020, 697, 84, 0, 8, 76),
	(3505, 1, 3, 3, 2020, 698, 229, 0, 7, 222),
	(3506, 1, 3, 3, 2020, 699, 251, 0, 70, 181),
	(3507, 1, 3, 3, 2020, 700, 1917, 0, 0, 1917),
	(3508, 1, 3, 3, 2020, 701, 6, 0, 0, 6),
	(3509, 1, 3, 3, 2020, 702, 342, 0, 30, 312),
	(3510, 1, 3, 3, 2020, 703, 3, 0, 0, 3),
	(3511, 1, 3, 3, 2020, 704, 31, 0, 0, 31),
	(3512, 1, 3, 3, 2020, 705, 0, 0, 0, 0),
	(3513, 1, 3, 3, 2020, 706, 0, 0, 0, 0),
	(3514, 1, 3, 3, 2020, 707, 10, 0, 6, 4),
	(3515, 1, 3, 3, 2020, 708, 19, 0, 0, 19),
	(3516, 1, 3, 3, 2020, 709, 0, 0, 0, 0),
	(3517, 1, 3, 3, 2020, 710, 258, 0, 9, 249),
	(3518, 1, 3, 3, 2020, 711, 26, 0, 6, 20),
	(3519, 1, 3, 3, 2020, 712, 54, 0, 3, 51),
	(3520, 1, 3, 3, 2020, 713, 480, 0, 69, 411),
	(3521, 1, 3, 3, 2020, 714, 23, 0, 0, 23),
	(3522, 1, 3, 3, 2020, 715, 17, 0, 0, 17),
	(3523, 1, 3, 3, 2020, 716, 170, 0, 0, 170),
	(3524, 1, 3, 3, 2020, 717, 78, 0, 0, 78),
	(3525, 1, 3, 3, 2020, 718, 534, 0, 72, 462),
	(3526, 1, 3, 3, 2020, 719, 31, 0, 0, 31),
	(3527, 1, 3, 3, 2020, 720, 152, 0, 0, 152),
	(3528, 1, 3, 3, 2020, 721, 47, 0, 0, 47),
	(3529, 1, 3, 3, 2020, 722, 3, 0, 0, 3),
	(3530, 1, 3, 3, 2020, 723, 92, 0, 2, 90),
	(3531, 1, 3, 3, 2020, 724, 75, 0, 0, 75),
	(3532, 1, 3, 3, 2020, 725, 115, 0, 6, 109),
	(3533, 1, 3, 3, 2020, 726, 27, 0, 11, 16),
	(3534, 1, 3, 3, 2020, 727, 318, 0, 52, 266),
	(3535, 1, 3, 3, 2020, 728, 224, 0, 211, 13),
	(3536, 1, 3, 3, 2020, 729, 16, 0, 0, 16),
	(3537, 1, 3, 3, 2020, 730, 2266, 0, 39, 2227),
	(3538, 1, 3, 3, 2020, 731, 180, 0, 68, 112),
	(3539, 1, 3, 3, 2020, 732, 108, 0, 26, 82),
	(3540, 1, 3, 3, 2020, 733, 23, 0, 0, 23),
	(3541, 1, 3, 3, 2020, 734, 123, 0, 3, 120),
	(3542, 1, 3, 3, 2020, 735, 173, 0, 8, 165),
	(3543, 1, 3, 3, 2020, 736, 208, 0, 21, 187),
	(3544, 1, 3, 3, 2020, 737, 186, 0, 28, 158),
	(3545, 1, 3, 3, 2020, 738, 108, 0, 1, 107),
	(3546, 1, 3, 3, 2020, 739, 179, 0, 25, 154),
	(3547, 1, 3, 3, 2020, 740, 45, 0, 1, 44),
	(3548, 1, 3, 3, 2020, 741, 64, 0, 0, 64),
	(3549, 1, 3, 3, 2020, 742, 26, 0, 1, 25),
	(3550, 1, 3, 3, 2020, 743, 67, 0, 0, 67),
	(3551, 1, 3, 3, 2020, 744, 55, 0, 0, 55),
	(3552, 1, 3, 3, 2020, 745, 30, 0, 0, 30),
	(3553, 1, 3, 3, 2020, 746, 0, 0, 0, 0),
	(3554, 1, 3, 3, 2020, 747, 67, 0, 16, 51),
	(3555, 1, 3, 3, 2020, 749, 333, 0, 52, 281),
	(3556, 1, 3, 3, 2020, 750, 25, 0, 0, 25),
	(3557, 1, 3, 3, 2020, 768, 0, 0, 0, 0),
	(3558, 1, 3, 3, 2020, 351, 0, 0, 0, 0),
	(3559, 1, 3, 3, 2020, 398, 1, 0, 0, 1),
	(3560, 1, 3, 3, 2020, 416, 56, 0, 5, 51),
	(3561, 1, 3, 3, 2020, 753, 0, 1, 0, 1),
	(3562, 1, 3, 3, 2020, 754, 0, 4, 0, 4),
	(3563, 1, 3, 3, 2020, 321, 4, 0, 0, 4),
	(3564, 1, 3, 3, 2020, 322, 44, 0, 0, 44),
	(3565, 1, 3, 3, 2020, 323, 76, 0, 0, 76),
	(3566, 1, 3, 3, 2020, 324, 70, 0, 0, 70),
	(3567, 1, 3, 3, 2020, 325, 16, 0, 0, 16),
	(3568, 1, 3, 3, 2020, 326, 6, 0, 0, 6),
	(3569, 1, 3, 3, 2020, 327, 7, 0, 0, 7),
	(3570, 1, 3, 3, 2020, 328, 5, 0, 0, 5),
	(3571, 1, 3, 3, 2020, 329, 29, 0, 0, 29),
	(3572, 1, 3, 3, 2020, 330, 23, 0, 0, 23),
	(3573, 1, 3, 3, 2020, 331, 2, 0, 0, 2),
	(3574, 1, 3, 3, 2020, 332, 8, 0, 0, 8),
	(3575, 1, 3, 3, 2020, 333, 59, 0, 0, 59),
	(3576, 1, 3, 3, 2020, 335, 12, 0, 0, 12),
	(3577, 1, 3, 3, 2020, 336, 28, 0, 0, 28),
	(3578, 1, 3, 3, 2020, 337, 4, 0, 0, 4),
	(3579, 1, 3, 3, 2020, 338, 11, 0, 0, 11),
	(3580, 1, 3, 3, 2020, 339, 17, 0, 0, 17),
	(3581, 1, 3, 3, 2020, 340, 9, 0, 0, 9),
	(3582, 1, 3, 3, 2020, 341, 11, 0, 0, 11),
	(3583, 1, 3, 3, 2020, 342, 0, 0, 0, 0),
	(3584, 1, 3, 3, 2020, 343, 0, 0, 0, 0),
	(3585, 1, 3, 3, 2020, 344, 4, 0, 0, 4),
	(3586, 1, 3, 3, 2020, 345, 71, 0, 0, 71),
	(3587, 1, 3, 3, 2020, 346, 5, 0, 0, 5),
	(3588, 1, 3, 3, 2020, 347, 9, 0, 0, 9),
	(3589, 1, 3, 3, 2020, 348, 5, 0, 0, 5),
	(3590, 1, 3, 3, 2020, 349, 17, 0, 0, 17),
	(3591, 1, 3, 3, 2020, 350, 0, 0, 0, 0),
	(3592, 1, 3, 3, 2020, 352, 6, 0, 0, 6),
	(3593, 1, 3, 3, 2020, 353, 6, 0, 0, 6),
	(3594, 1, 3, 3, 2020, 354, 4, 0, 0, 4),
	(3595, 1, 3, 3, 2020, 355, 0, 0, 0, 0),
	(3596, 1, 3, 3, 2020, 356, 10, 0, 0, 10),
	(3597, 1, 3, 3, 2020, 357, 48, 0, 0, 48),
	(3598, 1, 3, 3, 2020, 358, 59, 0, 0, 59),
	(3599, 1, 3, 3, 2020, 359, 68, 0, 0, 68),
	(3600, 1, 3, 3, 2020, 360, 14, 0, 0, 14),
	(3601, 1, 3, 3, 2020, 361, 0, 0, 0, 0),
	(3602, 1, 3, 3, 2020, 362, 0, 0, 0, 0),
	(3603, 1, 3, 3, 2020, 363, 1, 0, 0, 1),
	(3604, 1, 3, 3, 2020, 364, 0, 0, 0, 0),
	(3605, 1, 3, 3, 2020, 365, 1, 0, 0, 1),
	(3606, 1, 3, 3, 2020, 366, 4, 0, 0, 4),
	(3607, 1, 3, 3, 2020, 367, 20, 0, 0, 20),
	(3608, 1, 3, 3, 2020, 368, 18, 0, 0, 18),
	(3609, 1, 3, 3, 2020, 369, 0, 0, 0, 0),
	(3610, 1, 3, 3, 2020, 370, 0, 0, 0, 0),
	(3611, 1, 3, 3, 2020, 371, 0, 0, 0, 0),
	(3612, 1, 3, 3, 2020, 372, 1, 0, 0, 1),
	(3613, 1, 3, 3, 2020, 373, 27, 0, 0, 27),
	(3614, 1, 3, 3, 2020, 374, 14, 0, 0, 14),
	(3615, 1, 3, 3, 2020, 375, 9, 0, 0, 9),
	(3616, 1, 3, 3, 2020, 376, 9, 0, 0, 9),
	(3617, 1, 3, 3, 2020, 377, 111, 0, 0, 111),
	(3618, 1, 3, 3, 2020, 378, 12, 0, 0, 12),
	(3619, 1, 3, 3, 2020, 379, 5, 0, 0, 5),
	(3620, 1, 3, 3, 2020, 380, 11, 0, 0, 11),
	(3621, 1, 3, 3, 2020, 381, 38, 0, 0, 38),
	(3622, 1, 3, 3, 2020, 382, 19, 0, 0, 19),
	(3623, 1, 3, 3, 2020, 383, 5, 0, 0, 5),
	(3624, 1, 3, 3, 2020, 384, 7, 0, 0, 7),
	(3625, 1, 3, 3, 2020, 385, 5, 0, 0, 5),
	(3626, 1, 3, 3, 2020, 386, 4, 0, 0, 4),
	(3627, 1, 3, 3, 2020, 387, 0, 0, 0, 0),
	(3628, 1, 3, 3, 2020, 388, 0, 0, 0, 0),
	(3629, 1, 3, 3, 2020, 389, 0, 0, 0, 0),
	(3630, 1, 3, 3, 2020, 390, 6, 0, 0, 6),
	(3631, 1, 3, 3, 2020, 391, 0, 0, 0, 0),
	(3632, 1, 3, 3, 2020, 392, 0, 0, 0, 0),
	(3633, 1, 3, 3, 2020, 393, 0, 0, 0, 0),
	(3634, 1, 3, 3, 2020, 394, 0, 0, 0, 0),
	(3635, 1, 3, 3, 2020, 395, 2, 0, 0, 2),
	(3636, 1, 3, 3, 2020, 396, 0, 0, 0, 0),
	(3637, 1, 3, 3, 2020, 397, 1, 0, 0, 1),
	(3638, 1, 3, 3, 2020, 399, 0, 0, 0, 0),
	(3639, 1, 3, 3, 2020, 400, 0, 0, 0, 0),
	(3640, 1, 3, 3, 2020, 401, 1, 0, 0, 1),
	(3641, 1, 3, 3, 2020, 402, 1, 0, 0, 1),
	(3642, 1, 3, 3, 2020, 404, 2, 0, 0, 2),
	(3643, 1, 3, 3, 2020, 405, 0, 0, 0, 0),
	(3644, 1, 3, 3, 2020, 406, 1, 0, 0, 1),
	(3645, 1, 3, 3, 2020, 407, 0, 0, 0, 0),
	(3646, 1, 3, 3, 2020, 408, 1, 0, 0, 1),
	(3647, 1, 3, 3, 2020, 409, 5, 0, 0, 5),
	(3648, 1, 3, 3, 2020, 410, 4, 0, 0, 4),
	(3649, 1, 3, 3, 2020, 411, 2, 0, 0, 2),
	(3650, 1, 3, 3, 2020, 412, 1, 0, 0, 1),
	(3651, 1, 3, 3, 2020, 413, 0, 0, 0, 0),
	(3652, 1, 3, 3, 2020, 414, 40, 0, 25, 15),
	(3653, 1, 3, 3, 2020, 415, 1, 0, 1, 0),
	(3654, 1, 3, 3, 2020, 417, 4, 0, 0, 4),
	(3655, 1, 3, 3, 2020, 418, 0, 0, 0, 0),
	(3656, 1, 3, 3, 2020, 419, 40, 0, 0, 40),
	(3657, 1, 3, 3, 2020, 420, 40, 0, 0, 40),
	(3658, 1, 3, 3, 2020, 421, 10, 0, 0, 10),
	(3659, 1, 3, 3, 2020, 422, 27, 0, 0, 27),
	(3660, 1, 3, 3, 2020, 423, 0, 0, 0, 0),
	(3661, 1, 3, 3, 2020, 424, 8, 0, 0, 8),
	(3662, 1, 3, 3, 2020, 425, 5, 0, 2, 3),
	(3663, 1, 3, 3, 2020, 426, 21, 0, 16, 5),
	(3664, 1, 3, 3, 2020, 427, 69, 0, 0, 69),
	(3665, 1, 3, 3, 2020, 428, 58, 0, 0, 58),
	(3666, 1, 3, 3, 2020, 429, 0, 0, 0, 0),
	(3667, 1, 3, 3, 2020, 430, 0, 0, 0, 0),
	(3668, 1, 3, 3, 2020, 431, 25, 0, 0, 25),
	(3669, 1, 3, 3, 2020, 432, 9, 0, 0, 9),
	(3670, 1, 3, 3, 2020, 433, 0, 0, 0, 0),
	(3671, 1, 3, 3, 2020, 434, 0, 0, 0, 0),
	(3672, 1, 3, 3, 2020, 435, 0, 0, 0, 0),
	(3673, 1, 3, 3, 2020, 436, 0, 0, 0, 0),
	(3674, 1, 3, 3, 2020, 437, 0, 0, 0, 0),
	(3675, 1, 3, 3, 2020, 438, 0, 0, 0, 0),
	(3676, 1, 3, 3, 2020, 439, 0, 0, 0, 0),
	(3677, 1, 3, 3, 2020, 440, 5, 0, 0, 5),
	(3678, 1, 3, 3, 2020, 441, 2, 0, 0, 2),
	(3679, 1, 3, 3, 2020, 442, 0, 0, 0, 0),
	(3680, 1, 3, 3, 2020, 443, 1, 0, 0, 1),
	(3681, 1, 3, 3, 2020, 444, 0, 10, 4, 6),
	(3682, 1, 3, 3, 2020, 445, 0, 0, 0, 0),
	(3683, 1, 3, 3, 2020, 446, 0, 4, 4, 0),
	(3684, 1, 3, 3, 2020, 447, 0, 0, 0, 0),
	(3685, 1, 3, 3, 2020, 448, 0, 0, 0, 0),
	(3686, 1, 3, 3, 2020, 449, 2, 0, 1, 1),
	(3687, 1, 3, 3, 2020, 450, 82, 0, 11, 71),
	(3688, 1, 3, 3, 2020, 451, 0, 0, 0, 0),
	(3689, 1, 3, 3, 2020, 452, 0, 0, 0, 0),
	(3690, 1, 3, 3, 2020, 453, 4, 0, 4, 0),
	(3691, 1, 3, 3, 2020, 454, 20, 0, 2, 18),
	(3692, 1, 3, 3, 2020, 455, 1, 0, 0, 1),
	(3693, 1, 3, 3, 2020, 456, 0, 0, 0, 0),
	(3694, 1, 3, 3, 2020, 457, 0, 0, 0, 0),
	(3695, 1, 3, 3, 2020, 458, 1, 0, 0, 1),
	(3696, 1, 3, 3, 2020, 459, 14, 0, 0, 14),
	(3697, 1, 3, 3, 2020, 460, 27, 0, 0, 27),
	(3698, 1, 3, 3, 2020, 461, 29, 0, 0, 29),
	(3699, 1, 3, 3, 2020, 462, 48, 0, 0, 48),
	(3700, 1, 3, 3, 2020, 463, 64, 0, 0, 64),
	(3701, 1, 3, 3, 2020, 464, 18, 0, 0, 18),
	(3702, 1, 3, 3, 2020, 465, 8, 0, 0, 8),
	(3703, 1, 3, 3, 2020, 466, 0, 0, 0, 0),
	(3704, 1, 3, 3, 2020, 467, 0, 0, 0, 0),
	(3705, 1, 3, 3, 2020, 468, 0, 10, 0, 10),
	(3706, 1, 3, 3, 2020, 469, 19, 0, 0, 19),
	(3707, 1, 3, 3, 2020, 470, 158, 0, 0, 158),
	(3708, 1, 3, 3, 2020, 471, 92, 0, 0, 92),
	(3709, 1, 3, 3, 2020, 472, 36, 0, 0, 36),
	(3710, 1, 3, 3, 2020, 473, 69, 0, 0, 69),
	(3711, 1, 3, 3, 2020, 474, 7, 0, 0, 7),
	(3712, 1, 3, 3, 2020, 475, 18, 0, 0, 18),
	(3713, 1, 3, 3, 2020, 476, 55, 0, 0, 55),
	(3714, 1, 3, 3, 2020, 477, 27, 0, 0, 27),
	(3715, 1, 3, 3, 2020, 478, 24, 0, 2, 22),
	(3716, 1, 3, 3, 2020, 479, 19, 0, 0, 19),
	(3717, 1, 3, 3, 2020, 480, 0, 0, 0, 0),
	(3718, 1, 3, 3, 2020, 481, 0, 0, 0, 0),
	(3719, 1, 3, 3, 2020, 482, 0, 0, 0, 0),
	(3720, 1, 3, 3, 2020, 483, 0, 0, 0, 0),
	(3721, 1, 3, 3, 2020, 484, 0, 0, 0, 0),
	(3722, 1, 3, 3, 2020, 485, 0, 0, 0, 0),
	(3723, 1, 3, 3, 2020, 486, 47, 0, 0, 47),
	(3724, 1, 3, 3, 2020, 487, 52, 0, 6, 46),
	(3725, 1, 3, 3, 2020, 488, 21, 0, 9, 12),
	(3726, 1, 3, 3, 2020, 489, 0, 0, 0, 0),
	(3727, 1, 3, 3, 2020, 490, 0, 0, 0, 0),
	(3728, 1, 3, 3, 2020, 491, 0, 0, 0, 0),
	(3729, 1, 3, 3, 2020, 492, 0, 0, 0, 0),
	(3730, 1, 3, 3, 2020, 493, 0, 0, 0, 0),
	(3731, 1, 3, 3, 2020, 494, 2, 0, 0, 2),
	(3732, 1, 3, 3, 2020, 495, 0, 0, 0, 0),
	(3733, 1, 3, 3, 2020, 496, 4, 0, 0, 4),
	(3734, 1, 3, 3, 2020, 497, 2, 0, 0, 2),
	(3735, 1, 3, 3, 2020, 498, 0, 0, 0, 0),
	(3736, 1, 3, 3, 2020, 499, 0, 0, 0, 0),
	(3737, 1, 3, 3, 2020, 500, 0, 0, 0, 0),
	(3738, 1, 3, 3, 2020, 501, 0, 0, 0, 0),
	(3739, 1, 3, 3, 2020, 502, 0, 0, 0, 0),
	(3740, 1, 3, 3, 2020, 503, 0, 0, 0, 0),
	(3741, 1, 3, 3, 2020, 504, 0, 0, 0, 0),
	(3742, 1, 3, 3, 2020, 505, 0, 0, 0, 0),
	(3743, 1, 3, 3, 2020, 506, 0, 0, 0, 0),
	(3744, 1, 3, 3, 2020, 507, 0, 0, 0, 0),
	(3745, 1, 3, 3, 2020, 508, 0, 0, 0, 0),
	(3746, 1, 3, 3, 2020, 509, 0, 0, 0, 0),
	(3747, 1, 3, 3, 2020, 510, 8, 0, 2, 6),
	(3748, 1, 3, 3, 2020, 511, 6, 0, 0, 6),
	(3749, 1, 3, 3, 2020, 512, 0, 0, 0, 0),
	(3750, 1, 3, 3, 2020, 513, 19, 0, 2, 17),
	(3751, 1, 3, 3, 2020, 514, 0, 0, 0, 0),
	(3752, 1, 3, 3, 2020, 515, 1, 0, 0, 1),
	(3753, 1, 3, 3, 2020, 516, 3, 0, 0, 3),
	(3754, 1, 3, 3, 2020, 517, 0, 0, 0, 0),
	(3755, 1, 3, 3, 2020, 518, 15, 0, 0, 15),
	(3756, 1, 3, 3, 2020, 519, 13, 0, 0, 13),
	(3757, 1, 3, 3, 2020, 520, 0, 0, 0, 0),
	(3758, 1, 3, 3, 2020, 521, 0, 0, 0, 0),
	(3759, 1, 3, 3, 2020, 522, 0, 0, 0, 0),
	(3760, 1, 3, 3, 2020, 523, 6, 0, 0, 6),
	(3761, 1, 3, 3, 2020, 524, 8, 0, 0, 8),
	(3762, 1, 3, 3, 2020, 525, 0, 0, 0, 0),
	(3763, 1, 3, 3, 2020, 526, 2, 0, 0, 2),
	(3764, 1, 3, 3, 2020, 527, 8, 0, 0, 8),
	(3765, 1, 3, 3, 2020, 528, 0, 0, 0, 0),
	(3766, 1, 3, 3, 2020, 529, 0, 0, 0, 0),
	(3767, 1, 3, 3, 2020, 530, 0, 0, 0, 0),
	(3768, 1, 3, 3, 2020, 531, 0, 0, 0, 0),
	(3769, 1, 3, 3, 2020, 532, 0, 0, 0, 0),
	(3770, 1, 3, 3, 2020, 533, 0, 0, 0, 0),
	(3771, 1, 3, 3, 2020, 534, 7, 0, 0, 7),
	(3772, 1, 3, 3, 2020, 535, 17, 0, 0, 17),
	(3773, 1, 3, 3, 2020, 536, 23, 0, 0, 23),
	(3774, 1, 3, 3, 2020, 537, 1, 0, 0, 1),
	(3775, 1, 3, 3, 2020, 538, 18, 0, 0, 18),
	(3776, 1, 3, 3, 2020, 539, 43, 0, 0, 43),
	(3777, 1, 3, 3, 2020, 540, 5, 0, 0, 5),
	(3778, 1, 3, 3, 2020, 541, 5, 0, 0, 5),
	(3779, 1, 3, 3, 2020, 542, 1, 0, 0, 1),
	(3780, 1, 3, 3, 2020, 543, 31, 0, 0, 31),
	(3781, 1, 3, 3, 2020, 544, 4, 0, 0, 4),
	(3782, 1, 3, 3, 2020, 545, 62, 0, 0, 62),
	(3783, 1, 3, 3, 2020, 546, 8, 0, 0, 8),
	(3784, 1, 3, 3, 2020, 547, 5, 0, 1, 4),
	(3785, 1, 3, 3, 2020, 548, 5, 0, 0, 5),
	(3786, 1, 3, 3, 2020, 549, 7, 0, 0, 7),
	(3787, 1, 3, 3, 2020, 550, 7, 0, 0, 7),
	(3788, 1, 3, 3, 2020, 551, 1, 0, 0, 1),
	(3789, 1, 3, 3, 2020, 552, 18, 0, 0, 18),
	(3790, 1, 3, 3, 2020, 553, 14, 0, 0, 14),
	(3791, 1, 3, 3, 2020, 554, 5, 0, 0, 5),
	(3792, 1, 3, 3, 2020, 555, 10, 0, 0, 10),
	(3793, 1, 3, 3, 2020, 556, 14, 0, 0, 14),
	(3794, 1, 3, 3, 2020, 557, 2, 0, 0, 2),
	(3795, 1, 3, 3, 2020, 558, 1, 0, 0, 1),
	(3796, 1, 3, 3, 2020, 559, 2, 0, 0, 2),
	(3797, 1, 3, 3, 2020, 560, 8, 0, 0, 8),
	(3798, 1, 3, 3, 2020, 561, 1, 0, 0, 1),
	(3799, 1, 3, 3, 2020, 562, 1, 0, 0, 1),
	(3800, 1, 3, 3, 2020, 563, 20, 0, 0, 20),
	(3801, 1, 3, 3, 2020, 564, 12, 0, 0, 12),
	(3802, 1, 3, 3, 2020, 565, 1, 0, 0, 1),
	(3803, 1, 3, 3, 2020, 566, 44, 0, 0, 44),
	(3804, 1, 3, 3, 2020, 567, 3, 0, 0, 3),
	(3805, 1, 3, 3, 2020, 568, 1, 0, 0, 1),
	(3806, 1, 3, 3, 2020, 569, 16, 0, 0, 16),
	(3807, 1, 3, 3, 2020, 570, 24, 0, 0, 24),
	(3808, 1, 3, 3, 2020, 571, 91, 0, 0, 91),
	(3809, 1, 3, 3, 2020, 572, 23, 0, 0, 23),
	(3810, 1, 3, 3, 2020, 573, 10, 0, 0, 10),
	(3811, 1, 3, 3, 2020, 574, 2, 0, 0, 2),
	(3812, 1, 3, 3, 2020, 575, 1, 0, 0, 1),
	(3813, 1, 3, 3, 2020, 576, 3, 0, 0, 3),
	(3814, 1, 3, 3, 2020, 577, 11, 0, 1, 10),
	(3815, 1, 3, 3, 2020, 578, 2, 0, 0, 2),
	(3816, 1, 3, 3, 2020, 579, 42, 0, 0, 42),
	(3817, 1, 3, 3, 2020, 580, 362, 0, 1, 361),
	(3818, 1, 3, 3, 2020, 581, 450, 0, 0, 450),
	(3819, 1, 3, 3, 2020, 582, 353, 0, 2, 351),
	(3820, 1, 3, 3, 2020, 583, 55, 0, 0, 55),
	(3821, 1, 3, 3, 2020, 584, 26, 0, 0, 26),
	(3822, 1, 3, 3, 2020, 585, 38, 0, 0, 38),
	(3823, 1, 3, 3, 2020, 586, 337, 0, 0, 337),
	(3824, 1, 3, 3, 2020, 587, 7450, 0, 56, 7394),
	(3825, 1, 3, 3, 2020, 588, 1450, 0, 0, 1450),
	(3826, 1, 3, 3, 2020, 589, 2300, 0, 0, 2300),
	(3827, 1, 3, 3, 2020, 590, 1300, 0, 0, 1300),
	(3828, 1, 3, 3, 2020, 591, 757, 0, 0, 757),
	(3829, 1, 3, 3, 2020, 592, 122, 0, 0, 122),
	(3830, 1, 3, 3, 2020, 593, 44, 0, 0, 44),
	(3831, 1, 3, 3, 2020, 594, 2, 0, 0, 2),
	(3832, 1, 3, 3, 2020, 595, 146, 0, 0, 146),
	(3833, 1, 3, 3, 2020, 596, 5153, 0, 0, 5153),
	(3834, 1, 3, 3, 2020, 597, 8589, 0, 0, 8589),
	(3835, 1, 3, 3, 2020, 598, 3616, 0, 100, 3516),
	(3836, 1, 3, 3, 2020, 599, 300, 0, 0, 300),
	(3837, 1, 3, 3, 2020, 600, 1000, 0, 100, 900),
	(3838, 1, 3, 3, 2020, 601, 56, 0, 0, 56),
	(3839, 1, 3, 3, 2020, 602, 28, 0, 2, 26),
	(3840, 1, 3, 3, 2020, 603, 198, 0, 0, 198),
	(3841, 1, 3, 3, 2020, 604, 372, 0, 0, 372),
	(3842, 1, 3, 3, 2020, 605, 190, 0, 2, 188),
	(3843, 1, 3, 3, 2020, 606, 78, 0, 0, 78),
	(3844, 1, 3, 3, 2020, 607, 2, 0, 1, 1),
	(3845, 1, 3, 3, 2020, 608, 135, 0, 3, 132),
	(3846, 1, 3, 3, 2020, 609, 94, 0, 0, 94),
	(3847, 1, 3, 3, 2020, 610, 236, 0, 3, 233),
	(3848, 1, 3, 3, 2020, 611, 565, 0, 1, 564),
	(3849, 1, 3, 3, 2020, 612, 11, 0, 0, 11),
	(3850, 1, 3, 3, 2020, 613, 379, 0, 0, 379),
	(3851, 1, 3, 3, 2020, 614, 320, 0, 0, 320),
	(3852, 1, 3, 3, 2020, 615, 289, 0, 0, 289),
	(3853, 1, 3, 3, 2020, 616, 335, 0, 0, 335),
	(3854, 1, 3, 3, 2020, 617, 743, 0, 0, 743),
	(3855, 1, 3, 3, 2020, 618, 3, 0, 0, 3),
	(3856, 1, 3, 3, 2020, 619, 420, 0, 0, 420),
	(3857, 1, 3, 3, 2020, 620, 55, 0, 0, 55),
	(3858, 1, 3, 3, 2020, 621, 223, 0, 0, 223),
	(3859, 1, 3, 3, 2020, 622, 147, 0, 0, 147),
	(3860, 1, 3, 3, 2020, 623, 65, 0, 5, 60),
	(3861, 1, 3, 3, 2020, 624, 11, 0, 0, 11),
	(3862, 1, 3, 3, 2020, 625, 0, 0, 0, 0),
	(3863, 1, 3, 3, 2020, 626, 20, 0, 0, 20),
	(3864, 1, 3, 3, 2020, 627, 28, 0, 0, 28),
	(3865, 1, 3, 3, 2020, 628, 5, 0, 0, 5),
	(3866, 1, 3, 3, 2020, 629, 132, 0, 0, 132),
	(3867, 1, 3, 3, 2020, 630, 16, 0, 0, 16),
	(3868, 1, 3, 3, 2020, 631, 198, 0, 0, 198),
	(3869, 1, 3, 3, 2020, 632, 42, 0, 0, 42),
	(3870, 1, 3, 3, 2020, 633, 38, 0, 0, 38),
	(3871, 1, 3, 3, 2020, 634, 7, 0, 0, 7),
	(3872, 1, 3, 3, 2020, 635, 13, 0, 0, 13),
	(3873, 1, 3, 3, 2020, 636, 19, 0, 0, 19),
	(3874, 1, 3, 3, 2020, 637, 15, 0, 0, 15),
	(3875, 1, 3, 3, 2020, 638, 82, 0, 0, 82),
	(3876, 1, 3, 3, 2020, 639, 70, 0, 0, 70),
	(3877, 1, 3, 3, 2020, 640, 14, 0, 0, 14),
	(3878, 1, 3, 3, 2020, 641, 66, 0, 0, 66),
	(3879, 1, 3, 3, 2020, 642, 40, 0, 0, 40),
	(3880, 1, 3, 3, 2020, 643, 0, 0, 0, 0),
	(3881, 1, 3, 3, 2020, 644, 69, 0, 0, 69),
	(3882, 1, 3, 3, 2020, 645, 900, 0, 0, 900),
	(3883, 1, 3, 3, 2020, 646, 900, 0, 400, 500),
	(3884, 1, 3, 3, 2020, 647, 145, 0, 0, 145),
	(3885, 1, 3, 3, 2020, 648, 120, 0, 0, 120),
	(3886, 1, 3, 3, 2020, 649, 240, 0, 0, 240),
	(3887, 1, 3, 3, 2020, 650, 100, 0, 0, 100),
	(3888, 1, 3, 3, 2020, 651, 107, 0, 0, 107),
	(3889, 1, 3, 3, 2020, 652, 6, 0, 0, 6),
	(3890, 1, 3, 3, 2020, 653, 5, 0, 0, 5),
	(3891, 1, 3, 3, 2020, 654, 3791, 0, 12, 3779),
	(3892, 1, 3, 3, 2020, 655, 104, 0, 0, 104),
	(3893, 1, 3, 3, 2020, 656, 52, 0, 0, 52),
	(3894, 1, 3, 3, 2020, 657, 70, 0, 1, 69),
	(3895, 1, 3, 3, 2020, 658, 4, 0, 0, 4),
	(3896, 1, 3, 3, 2020, 659, 5, 0, 0, 5),
	(3897, 1, 3, 3, 2020, 660, 27, 0, 0, 27),
	(3898, 1, 3, 3, 2020, 661, 2004, 0, 0, 2004),
	(3899, 1, 3, 3, 2020, 662, 23, 0, 0, 23),
	(3900, 1, 3, 3, 2020, 663, 57, 0, 0, 57),
	(3901, 1, 3, 3, 2020, 664, 190, 0, 0, 190),
	(3902, 1, 3, 3, 2020, 665, 1299, 0, 0, 1299),
	(3903, 1, 3, 3, 2020, 666, 1450, 0, 0, 1450),
	(3904, 1, 3, 3, 2020, 667, 38, 0, 0, 38),
	(3905, 1, 3, 3, 2020, 668, 57, 0, 0, 57),
	(3906, 1, 3, 3, 2020, 669, 123, 0, 0, 123),
	(3907, 1, 3, 3, 2020, 670, 190, 0, 0, 190),
	(3908, 1, 3, 3, 2020, 671, 48, 0, 0, 48),
	(3909, 1, 3, 3, 2020, 672, 40, 0, 0, 40),
	(3910, 1, 3, 3, 2020, 673, 56, 0, 0, 56),
	(3911, 1, 3, 3, 2020, 674, 60, 0, 0, 60),
	(3912, 1, 3, 3, 2020, 675, 6, 0, 0, 6),
	(3913, 1, 3, 3, 2020, 676, 46, 0, 0, 46),
	(3914, 1, 3, 3, 2020, 677, 47, 0, 1, 46),
	(3915, 1, 3, 3, 2020, 678, 68, 0, 0, 68),
	(3916, 1, 3, 3, 2020, 679, 44, 0, 0, 44),
	(3917, 1, 3, 3, 2020, 680, 18, 0, 0, 18),
	(3918, 1, 3, 3, 2020, 681, 42, 0, 0, 42),
	(3919, 1, 3, 3, 2020, 682, 36, 0, 0, 36),
	(3920, 1, 3, 3, 2020, 683, 109, 0, 0, 109),
	(3921, 1, 3, 3, 2020, 751, 200, 0, 0, 200),
	(3922, 1, 3, 3, 2020, 752, 29, 0, 0, 29),
	(3925, 1, 3, 3, 2020, 689, 420, 0, 0, 420);
/*!40000 ALTER TABLE `estoque` ENABLE KEYS */;

-- Copiando estrutura para tabela sms.estorno
DROP TABLE IF EXISTS `estorno`;
CREATE TABLE IF NOT EXISTS `estorno` (
  `ID` int(11) NOT NULL AUTO_INCREMENT,
  `OFICIOREQUISICAO` varchar(2) DEFAULT NULL,
  `CODIGO` int(11) DEFAULT NULL,
  `NUMOFCREQ` varchar(50) DEFAULT NULL,
  `DATAESTORNO` datetime DEFAULT NULL,
  `QUEMFEZ` varchar(255) DEFAULT NULL,
  `MOTIVO` varchar(255) DEFAULT NULL,
  PRIMARY KEY (`ID`)
) ENGINE=InnoDB AUTO_INCREMENT=5 DEFAULT CHARSET=latin1;

-- Copiando dados para a tabela sms.estorno: ~4 rows (aproximadamente)
/*!40000 ALTER TABLE `estorno` DISABLE KEYS */;
INSERT INTO `estorno` (`ID`, `OFICIOREQUISICAO`, `CODIGO`, `NUMOFCREQ`, `DATAESTORNO`, `QUEMFEZ`, `MOTIVO`) VALUES
	(1, 'R', 25, '17', '2020-03-03 09:14:35', 'Renato Leandro', 'ERRO NA DIGITAÇÃO DO ITEM'),
	(2, 'R', 72, '64', '2020-03-09 08:47:41', 'Renato Leandro', 'ERRO DE DIGITAÇÃO DO OPERADOR'),
	(3, 'R', 107, '99', '2020-03-18 09:13:05', 'Renato Leandro', 'ERRO NA DIGITAÇÃO DO PEDIDO'),
	(4, 'R', 107, '99', '2020-03-18 09:16:18', 'Renato Leandro', 'ERRO NA DIGITAÇÃO DO PEDIDO');
/*!40000 ALTER TABLE `estorno` ENABLE KEYS */;

-- Copiando estrutura para tabela sms.fornecedor
DROP TABLE IF EXISTS `fornecedor`;
CREATE TABLE IF NOT EXISTS `fornecedor` (
  `CODFORNECEDOR` int(11) NOT NULL AUTO_INCREMENT,
  `CNPJ` varchar(15) DEFAULT NULL,
  `NOME` varchar(255) DEFAULT NULL,
  `TELEFONE` varchar(50) DEFAULT NULL,
  `EMAIL` varchar(255) DEFAULT NULL,
  `ATIVA` varchar(1) DEFAULT NULL,
  `RESPINCLUSAO` varchar(255) DEFAULT NULL,
  `DATAINCLUSAO` datetime DEFAULT NULL,
  `RESPALTERACAO` varchar(255) DEFAULT NULL,
  `DATAALTERACAO` datetime DEFAULT NULL,
  `EXCLUIDO` varchar(2) DEFAULT NULL,
  `CODDEPARTAMENTO` int(11) DEFAULT NULL,
  PRIMARY KEY (`CODFORNECEDOR`)
) ENGINE=InnoDB AUTO_INCREMENT=5 DEFAULT CHARSET=latin1;

-- Copiando dados para a tabela sms.fornecedor: ~4 rows (aproximadamente)
/*!40000 ALTER TABLE `fornecedor` DISABLE KEYS */;
INSERT INTO `fornecedor` (`CODFORNECEDOR`, `CNPJ`, `NOME`, `TELEFONE`, `EMAIL`, `ATIVA`, `RESPINCLUSAO`, `DATAINCLUSAO`, `RESPALTERACAO`, `DATAALTERACAO`, `EXCLUIDO`, `CODDEPARTAMENTO`) VALUES
	(1, '23014390000154', 'FORNECEDOR 001', '(62) 3110-0010', 'renatolsouza@gmail.com', 'S', 'Renato Leandro', '2019-03-08 09:54:37', 'Renato Leandro', '2019-08-15 13:27:50', 'N', 1),
	(2, '00822602000124', 'FORNECEDOR 002', '(62) 3120-0020', 'renatolsouza@gmail.com', 'S', 'Renato Leandro', '2019-03-08 09:55:12', 'Renato Leandro', '2019-08-14 14:10:20', 'N', 1),
	(3, '33333333333333', 'FORNECEDOR 003', '(62) 0000-0000', 'TESTE DE EMAIL', 'S', 'Renato Leandro', '2019-08-14 13:53:29', 'Renato Leandro', '2019-08-14 14:10:23', 'N', 3),
	(4, '22222222222222', 'FORNECEDOR 004', '(11) 1111-1111', 'email@email.com', 'S', 'Renato Leandro', '2019-09-11 10:36:05', 'Renato Leandro', '2019-09-11 10:36:33', 'N', 3);
/*!40000 ALTER TABLE `fornecedor` ENABLE KEYS */;

-- Copiando estrutura para tabela sms.grupo
DROP TABLE IF EXISTS `grupo`;
CREATE TABLE IF NOT EXISTS `grupo` (
  `CODGRUPO` int(11) NOT NULL AUTO_INCREMENT,
  `DESCRICAO` varchar(255) DEFAULT NULL,
  PRIMARY KEY (`CODGRUPO`)
) ENGINE=InnoDB AUTO_INCREMENT=14 DEFAULT CHARSET=latin1;

-- Copiando dados para a tabela sms.grupo: ~13 rows (aproximadamente)
/*!40000 ALTER TABLE `grupo` DISABLE KEYS */;
INSERT INTO `grupo` (`CODGRUPO`, `DESCRICAO`) VALUES
	(1, 'LIMPEZA / ASSEPSIA'),
	(2, 'GENERO ALIMENTÍCIO'),
	(3, 'INSTRUMENTAL'),
	(4, 'MEDICAMENTO'),
	(5, 'GENERICO'),
	(6, 'UNIFORME'),
	(7, 'INFORMATICA'),
	(8, 'MATERIAL EXPEDIENTE'),
	(9, 'MOBILIÁRIO'),
	(10, 'ACADEMIA DA SAÚDE'),
	(11, 'MATERIAL HOSPITALAR'),
	(12, 'ALIMENTICIO'),
	(13, 'BLOCO');
/*!40000 ALTER TABLE `grupo` ENABLE KEYS */;

-- Copiando estrutura para tabela sms.marca
DROP TABLE IF EXISTS `marca`;
CREATE TABLE IF NOT EXISTS `marca` (
  `CODMARCA` int(11) NOT NULL AUTO_INCREMENT,
  `DESCRICAO` varchar(255) DEFAULT NULL,
  PRIMARY KEY (`CODMARCA`)
) ENGINE=InnoDB AUTO_INCREMENT=49 DEFAULT CHARSET=latin1 ROW_FORMAT=COMPACT;

-- Copiando dados para a tabela sms.marca: ~48 rows (aproximadamente)
/*!40000 ALTER TABLE `marca` DISABLE KEYS */;
INSERT INTO `marca` (`CODMARCA`, `DESCRICAO`) VALUES
	(1, '3M'),
	(2, 'AAF DO BRASIL'),
	(3, 'ABC'),
	(4, 'ALVEOLEX'),
	(5, 'ANGELUS'),
	(6, 'ASUS '),
	(7, 'BANPACK'),
	(8, 'BIODINAMICA'),
	(9, 'CRISTALIA'),
	(10, 'DANNY'),
	(11, 'DENTSPLY'),
	(12, 'DFL'),
	(13, 'DHPRO'),
	(14, 'DLA'),
	(15, 'DX'),
	(16, 'FAMI'),
	(17, 'FAVA'),
	(18, 'FGM'),
	(19, 'FQM'),
	(20, 'HOLDENT'),
	(21, 'INDUSBELO'),
	(22, 'INJEX'),
	(23, 'IODONTOSUL'),
	(24, 'JON'),
	(25, 'KAVO'),
	(26, 'KELLDRIN'),
	(27, 'LM'),
	(28, 'MAQUIRA'),
	(29, 'METALMS'),
	(30, 'MICRODONT'),
	(31, 'PHARMAINOX'),
	(32, 'PRATA'),
	(33, 'PREVDENT'),
	(34, 'PREVEN'),
	(35, 'PRIMA'),
	(36, 'REYMER'),
	(37, 'RIOQUIMICA'),
	(38, 'SOLIDOR'),
	(39, 'SR'),
	(40, 'SSPLUS'),
	(41, 'TDV'),
	(42, 'TECHNEW'),
	(43, 'THEOTO'),
	(44, 'VM DESCARTAVEIS '),
	(45, 'WILCOS'),
	(46, 'ZERMATT'),
	(47, 'GENERICO'),
	(48, 'ALLQUIMICA');
/*!40000 ALTER TABLE `marca` ENABLE KEYS */;

-- Copiando estrutura para tabela sms.pedido
DROP TABLE IF EXISTS `pedido`;
CREATE TABLE IF NOT EXISTS `pedido` (
  `CODPEDIDO` int(11) NOT NULL AUTO_INCREMENT,
  `CODEMPRESA` int(11) NOT NULL DEFAULT '0',
  `TIPO` int(11) NOT NULL DEFAULT '0' COMMENT '0 = REQUISICAO, 1 = OFICIO',
  `APROVADO` int(11) NOT NULL DEFAULT '0' COMMENT '0 = NAO, 1 = SIM',
  `CODUNIDADE` int(11) DEFAULT NULL,
  `CODDEPARTAMENTO` int(11) DEFAULT NULL,
  `SOLICITANTE` varchar(100) DEFAULT NULL,
  `NUMEROPEDIDO` varchar(50) DEFAULT NULL,
  `DATAPEDIDO` datetime DEFAULT NULL,
  `STATUS` varchar(50) DEFAULT NULL,
  `RESPINCLUSAO` varchar(255) DEFAULT NULL,
  `DATAINCLUSAO` datetime DEFAULT NULL,
  `RESPALTERACAO` varchar(255) DEFAULT NULL,
  `DATAALTERACAO` datetime DEFAULT NULL,
  `EXCLUIDO` varchar(2) DEFAULT NULL,
  PRIMARY KEY (`CODPEDIDO`)
) ENGINE=InnoDB AUTO_INCREMENT=108 DEFAULT CHARSET=latin1 ROW_FORMAT=COMPACT;

-- Copiando dados para a tabela sms.pedido: ~105 rows (aproximadamente)
/*!40000 ALTER TABLE `pedido` DISABLE KEYS */;
INSERT INTO `pedido` (`CODPEDIDO`, `CODEMPRESA`, `TIPO`, `APROVADO`, `CODUNIDADE`, `CODDEPARTAMENTO`, `SOLICITANTE`, `NUMEROPEDIDO`, `DATAPEDIDO`, `STATUS`, `RESPINCLUSAO`, `DATAINCLUSAO`, `RESPALTERACAO`, `DATAALTERACAO`, `EXCLUIDO`) VALUES
	(1, 1, 1, 1, 29, 3, 'JOAO RICARDO P. SIQUEIRA LOPES', '1', '2019-10-29 00:00:00', 'FECHADO', 'JOAO RICARDO P. SIQUEIRA LOPES', '2019-10-29 15:30:14', NULL, NULL, 'N'),
	(2, 1, 1, 1, 29, 3, 'JOAO RICARDO P. SIQUEIRA LOPES', '2', '2019-10-29 00:00:00', 'FECHADO', 'JOAO RICARDO P. SIQUEIRA LOPES', '2019-10-29 15:33:34', NULL, NULL, 'N'),
	(3, 1, 1, 1, 1, 3, 'KATIA CRISTINA RODRIGUES ALVES', '3', '2019-10-30 00:00:00', 'FECHADO', 'KATIA CRISTINA RODRIGUES ALVES', '2019-10-30 08:59:06', NULL, NULL, 'N'),
	(4, 1, 1, 1, 29, 3, 'JOAO RICARDO P. SIQUEIRA LOPES', '4', '2019-11-01 00:00:00', 'FECHADO', 'JOAO RICARDO P. SIQUEIRA LOPES', '2019-11-01 09:03:00', NULL, NULL, 'N'),
	(5, 1, 1, 1, 1, 3, 'LUCIANA', '5', '2019-11-01 00:00:00', 'FECHADO', 'LUCIANA', '2019-11-01 09:35:56', NULL, NULL, 'N'),
	(6, 1, 1, 1, 1, 3, 'ELVIS', '6', '2019-11-01 00:00:00', 'FECHADO', 'ELVIS', '2019-11-01 13:25:55', NULL, NULL, 'N'),
	(7, 1, 1, 1, 1, 3, 'KATIA CRISTINA RODRIGUES ALVES', '7', '2019-11-01 00:00:00', 'FECHADO', 'KATIA CRISTINA RODRIGUES ALVES', '2019-11-01 13:37:21', NULL, NULL, 'N'),
	(8, 1, 0, 0, 1, 3, NULL, '8', '2019-11-18 00:00:00', 'FECHADO', 'Renato Leandro', '2019-11-18 10:02:17', NULL, NULL, 'N'),
	(9, 1, 0, 1, 0, 3, 'KÁTIA', '1', '2019-11-27 00:00:00', 'ABERTO', 'RODRIGO DIEGO', '2019-11-27 09:43:42', NULL, NULL, 'N'),
	(10, 1, 0, 1, 31, 3, 'JOAO RICARDO ', '2', '2020-02-10 00:00:00', 'FECHADO', 'Ingrid Gondin', '2020-02-10 14:51:46', NULL, NULL, 'N'),
	(11, 1, 0, 1, 31, 3, 'JOAO RICARDO', '3', '2020-02-10 00:00:00', 'FECHADO', 'Ingrid Gondin', '2020-02-10 14:53:28', NULL, NULL, 'N'),
	(12, 1, 0, 1, 29, 3, 'JOAO RICARDO', '4', '2020-02-12 00:00:00', 'FECHADO', 'Ingrid Gondin', '2020-02-12 10:35:52', NULL, NULL, 'N'),
	(15, 1, 0, 1, 32, 3, 'JOSEANE FERNANDA M. LEITE', '7', '2020-02-19 00:00:00', 'FECHADO', 'RODRIGO DIEGO', '2020-02-19 10:14:18', NULL, NULL, 'N'),
	(16, 1, 0, 1, 30, 3, '', '8', '2020-02-28 00:00:00', 'FECHADO', 'Ingrid Gondin', '2020-02-28 14:11:03', NULL, NULL, 'N'),
	(17, 1, 0, 1, 3, 3, '', '9', '2020-02-28 00:00:00', 'FECHADO', 'Ingrid Gondin', '2020-02-28 14:47:25', NULL, NULL, 'N'),
	(18, 1, 0, 1, 619, 3, '', '10', '2020-02-28 00:00:00', 'ABERTO', 'Ingrid Gondin', '2020-02-28 15:04:47', NULL, NULL, 'N'),
	(19, 1, 0, 1, 36, 3, '', '11', '2020-02-28 00:00:00', 'FECHADO', 'Ingrid Gondin', '2020-02-28 15:13:45', NULL, NULL, 'N'),
	(20, 1, 0, 1, 35, 3, '', '12', '2020-02-28 00:00:00', 'FECHADO', 'Ingrid Gondin', '2020-02-28 15:16:18', NULL, NULL, 'N'),
	(21, 1, 0, 1, 34, 3, '', '13', '2020-02-28 00:00:00', 'FECHADO', 'Ingrid Gondin', '2020-02-28 15:17:55', NULL, NULL, 'N'),
	(22, 1, 0, 1, 35, 3, '', '14', '2020-02-28 00:00:00', 'FECHADO', 'Ingrid Gondin', '2020-02-28 15:27:24', NULL, NULL, 'N'),
	(23, 1, 0, 1, 32, 3, '', '15', '2020-02-28 00:00:00', 'FECHADO', 'Ingrid Gondin', '2020-02-28 15:33:13', NULL, NULL, 'N'),
	(24, 1, 0, 1, 27, 3, '', '16', '2020-02-28 00:00:00', 'FECHADO', 'Ingrid Gondin', '2020-02-28 15:42:08', NULL, NULL, 'N'),
	(25, 1, 0, 1, 39, 3, '', '17', '2020-03-03 00:00:00', 'FECHADO', 'Ingrid Gondin', '2020-03-03 08:11:54', 'Ingrid Gondin', '2020-03-03 09:21:30', 'N'),
	(26, 1, 0, 1, 36, 3, '', '18', '2020-03-03 00:00:00', 'FECHADO', 'Ingrid Gondin', '2020-03-03 08:21:14', NULL, NULL, 'N'),
	(27, 1, 0, 1, 35, 3, '', '19', '2020-03-03 00:00:00', 'FECHADO', 'Ingrid Gondin', '2020-03-03 09:11:01', NULL, NULL, 'N'),
	(28, 1, 0, 1, 30, 3, '', '20', '2020-03-03 00:00:00', 'FECHADO', 'Ingrid Gondin', '2020-03-03 10:43:58', NULL, NULL, 'N'),
	(29, 1, 0, 1, 30, 3, '', '21', '2020-03-03 00:00:00', 'FECHADO', 'Ingrid Gondin', '2020-03-03 10:44:41', NULL, NULL, 'N'),
	(30, 1, 0, 1, 29, 3, '', '22', '2020-03-03 00:00:00', 'FECHADO', 'Ingrid Gondin', '2020-03-03 10:47:12', NULL, NULL, 'N'),
	(31, 1, 0, 1, 37, 3, '', '23', '2020-03-03 00:00:00', 'FECHADO', 'Ingrid Gondin', '2020-03-03 10:48:44', NULL, NULL, 'N'),
	(32, 1, 0, 1, 1, 3, '', '24', '2020-03-03 00:00:00', 'FECHADO', 'Ingrid Gondin', '2020-03-03 10:49:53', NULL, NULL, 'N'),
	(33, 1, 0, 1, 7, 3, '', '25', '2020-03-03 00:00:00', 'FECHADO', 'Ingrid Gondin', '2020-03-03 13:15:17', NULL, NULL, 'N'),
	(34, 1, 0, 1, 6, 3, '', '26', '2020-03-03 00:00:00', 'FECHADO', 'Ingrid Gondin', '2020-03-03 14:01:11', NULL, NULL, 'N'),
	(35, 1, 0, 1, 5, 3, '', '27', '2020-03-03 00:00:00', 'FECHADO', 'Ingrid Gondin', '2020-03-03 14:23:05', NULL, NULL, 'N'),
	(36, 1, 0, 1, 17, 3, '', '28', '2020-03-03 00:00:00', 'FECHADO', 'Ingrid Gondin', '2020-03-03 14:44:22', NULL, NULL, 'N'),
	(37, 1, 0, 1, 3, 3, '', '29', '2020-03-03 00:00:00', 'FECHADO', 'Ingrid Gondin', '2020-03-03 14:48:57', NULL, NULL, 'N'),
	(38, 1, 0, 1, 16, 3, '', '30', '2020-03-03 00:00:00', 'FECHADO', 'Ingrid Gondin', '2020-03-03 14:57:51', NULL, NULL, 'N'),
	(39, 1, 0, 1, 8, 3, '', '31', '2020-03-03 00:00:00', 'FECHADO', 'Ingrid Gondin', '2020-03-03 15:39:45', NULL, NULL, 'N'),
	(40, 1, 0, 1, 20, 3, '', '32', '2020-03-03 00:00:00', 'FECHADO', 'Ingrid Gondin', '2020-03-03 15:42:44', NULL, NULL, 'N'),
	(41, 1, 0, 1, 9, 3, '', '33', '2020-03-04 00:00:00', 'FECHADO', 'Ingrid Gondin', '2020-03-04 09:00:26', NULL, NULL, 'N'),
	(42, 1, 0, 1, 19, 3, '', '34', '2020-03-04 00:00:00', 'ABERTO', 'Ingrid Gondin', '2020-03-04 09:11:03', NULL, NULL, 'N'),
	(43, 1, 0, 1, 31, 3, '', '35', '2020-03-04 00:00:00', 'FECHADO', 'Ingrid Gondin', '2020-03-04 09:19:51', NULL, NULL, 'N'),
	(44, 1, 0, 1, 29, 3, '', '36', '2020-03-04 00:00:00', 'FECHADO', 'Ingrid Gondin', '2020-03-04 10:55:16', NULL, NULL, 'N'),
	(45, 1, 0, 1, 29, 3, '', '37', '2020-03-04 00:00:00', 'FECHADO', 'Ingrid Gondin', '2020-03-04 10:56:11', NULL, NULL, 'N'),
	(46, 1, 0, 1, 35, 3, '', '38', '2020-03-04 00:00:00', 'FECHADO', 'Ingrid Gondin', '2020-03-04 10:57:15', NULL, NULL, 'N'),
	(47, 1, 0, 1, 35, 3, '', '39', '2020-03-04 00:00:00', 'FECHADO', 'Ingrid Gondin', '2020-03-04 10:58:26', NULL, NULL, 'N'),
	(48, 1, 0, 1, 33, 3, '', '40', '2020-03-04 00:00:00', 'FECHADO', 'Ingrid Gondin', '2020-03-04 11:24:02', NULL, NULL, 'N'),
	(49, 1, 0, 1, 36, 3, '', '41', '2020-03-04 00:00:00', 'FECHADO', 'Ingrid Gondin', '2020-03-04 11:25:38', NULL, NULL, 'N'),
	(50, 1, 0, 1, 1, 3, '', '42', '2020-03-04 00:00:00', 'FECHADO', 'Ingrid Gondin', '2020-03-04 11:43:08', NULL, NULL, 'N'),
	(51, 1, 0, 1, 31, 3, '', '43', '2020-03-04 00:00:00', 'FECHADO', 'Ingrid Gondin', '2020-03-04 11:45:01', NULL, NULL, 'N'),
	(52, 1, 0, 1, 19, 3, '', '44', '2020-03-04 00:00:00', 'FECHADO', 'Ingrid Gondin', '2020-03-04 11:46:09', NULL, NULL, 'N'),
	(53, 1, 0, 1, 9, 3, '', '45', '2020-03-04 00:00:00', 'FECHADO', 'Ingrid Gondin', '2020-03-04 11:46:56', NULL, NULL, 'N'),
	(54, 1, 0, 1, 20, 3, '', '46', '2020-03-04 00:00:00', 'FECHADO', 'Ingrid Gondin', '2020-03-04 11:47:43', NULL, NULL, 'N'),
	(55, 1, 0, 1, 8, 3, '', '47', '2020-03-04 00:00:00', 'FECHADO', 'Ingrid Gondin', '2020-03-04 11:48:21', NULL, NULL, 'N'),
	(56, 1, 0, 1, 16, 3, '', '48', '2020-03-04 00:00:00', 'FECHADO', 'Ingrid Gondin', '2020-03-04 11:50:07', NULL, NULL, 'N'),
	(57, 1, 0, 1, 3, 3, '', '49', '2020-03-04 00:00:00', 'FECHADO', 'Ingrid Gondin', '2020-03-04 11:50:55', NULL, NULL, 'N'),
	(58, 1, 0, 1, 17, 3, '', '50', '2020-03-04 00:00:00', 'FECHADO', 'Ingrid Gondin', '2020-03-04 11:51:47', NULL, NULL, 'N'),
	(59, 1, 0, 1, 6, 3, '', '51', '2020-03-04 00:00:00', 'FECHADO', 'Ingrid Gondin', '2020-03-04 11:53:03', NULL, NULL, 'N'),
	(60, 1, 0, 1, 7, 3, '', '52', '2020-03-04 00:00:00', 'FECHADO', 'Ingrid Gondin', '2020-03-04 11:53:37', NULL, NULL, 'N'),
	(61, 1, 0, 1, 5, 3, '', '53', '2020-03-04 00:00:00', 'FECHADO', 'Ingrid Gondin', '2020-03-04 11:54:09', NULL, NULL, 'N'),
	(62, 1, 0, 1, 21, 3, '', '54', '2020-03-04 00:00:00', 'FECHADO', 'Ingrid Gondin', '2020-03-04 13:15:00', NULL, NULL, 'N'),
	(63, 1, 0, 1, 30, 3, '', '55', '2020-03-04 00:00:00', 'ABERTO', 'Ingrid Gondin', '2020-03-04 13:37:50', NULL, NULL, 'N'),
	(64, 1, 0, 1, 29, 3, 'MARIA FERNANDA PIRES MIRANDA- CAPS CORAÇÃO DE MÃE', '56', '2020-03-04 00:00:00', 'FECHADO', 'Ingrid Gondin', '2020-03-04 14:16:58', NULL, NULL, 'N'),
	(65, 1, 0, 1, 29, 3, 'LUDIMILA RAIS BATISTA DE OLIVEIRA- SMS- TELEATENDIMENTO', '57', '2020-03-04 00:00:00', 'FECHADO', 'Ingrid Gondin', '2020-03-04 14:18:14', NULL, NULL, 'N'),
	(66, 1, 0, 1, 25, 3, '', '58', '2020-03-04 00:00:00', 'FECHADO', 'Ingrid Gondin', '2020-03-04 14:26:12', NULL, NULL, 'N'),
	(67, 1, 0, 1, 29, 3, 'GIOVANA CAROLINA MARUCCI PEIXOTO- CIRURGIÃ DENTISTA', '59', '2020-03-05 00:00:00', 'FECHADO', 'Ingrid Gondin', '2020-03-05 09:38:11', NULL, NULL, 'N'),
	(68, 1, 0, 1, 33, 3, 'SMS-TIRAGEM DE MODELO PARA AMOSTRA', '60', '2020-03-05 00:00:00', 'FECHADO', 'Ingrid Gondin', '2020-03-05 10:13:00', NULL, NULL, 'N'),
	(69, 1, 0, 1, 29, 3, 'SUELENE MARIA DOS ANJOS- AUXILIAR DE SAÚDE BUCAL', '61', '2020-03-05 00:00:00', 'FECHADO', 'Ingrid Gondin', '2020-03-05 10:21:16', NULL, NULL, 'N'),
	(70, 1, 0, 1, 29, 3, 'SERGIO SIQUEIRA DE SOUZA', '62', '2020-03-05 00:00:00', 'FECHADO', 'Ingrid Gondin', '2020-03-05 16:53:44', NULL, NULL, 'N'),
	(71, 1, 0, 1, 29, 3, '', '63', '2020-03-05 00:00:00', 'FECHADO', 'Ingrid Gondin', '2020-03-05 16:54:38', NULL, NULL, 'N'),
	(72, 1, 0, 1, 29, 3, 'ALESSANDRA VASCONCELOS DA SILVA PAIVA-ATENÇÃO BÁSICA- JD. SALVADOR', '64', '2020-03-09 00:00:00', 'ABERTO', 'Ingrid Gondin', '2020-03-09 08:20:40', NULL, NULL, 'N'),
	(73, 1, 0, 1, 29, 3, 'ALESSANDRA VASCONCELOS DA SILVA PAIVA- ATENÇÃO BÁSICA- JD SALVADOR', '65', '2020-03-09 00:00:00', 'FECHADO', 'Ingrid Gondin', '2020-03-09 08:58:00', NULL, NULL, 'N'),
	(74, 1, 0, 1, 29, 3, 'EDUARDA VERONICA OLIVEIRA MARTINS-ESTAGIÁRIA- TELE ATENDIMENTO', '66', '2020-03-09 00:00:00', 'FECHADO', 'Ingrid Gondin', '2020-03-09 09:32:01', NULL, NULL, 'N'),
	(75, 1, 0, 1, 33, 3, 'FMS-', '67', '2020-03-09 00:00:00', 'FECHADO', 'Ingrid Gondin', '2020-03-09 11:30:29', NULL, NULL, 'N'),
	(76, 1, 0, 1, 33, 3, 'FMS-FUNDO MUNICIPAL DE SAÚDE', '68', '2020-03-09 00:00:00', 'FECHADO', 'Ingrid Gondin', '2020-03-09 13:41:56', NULL, NULL, 'N'),
	(77, 1, 0, 1, 43, 3, 'PAULIANA MENDONÇA ', '69', '2020-03-09 00:00:00', 'FECHADO', 'Ingrid Gondin', '2020-03-09 15:00:55', NULL, NULL, 'N'),
	(78, 1, 0, 1, 40, 3, 'MANUTENÇÃO- JOÃO HELIO', '70', '2020-03-09 00:00:00', 'FECHADO', 'Ingrid Gondin', '2020-03-09 15:05:44', NULL, NULL, 'N'),
	(79, 1, 0, 1, 35, 3, 'ATENÇÃO BÁSICA', '71', '2020-03-09 00:00:00', 'FECHADO', 'Ingrid Gondin', '2020-03-09 15:07:16', NULL, NULL, 'N'),
	(80, 1, 0, 1, 15, 3, 'DOMINGOS', '72', '2020-03-09 00:00:00', 'FECHADO', 'Ingrid Gondin', '2020-03-09 15:08:21', NULL, NULL, 'N'),
	(81, 1, 0, 1, 32, 3, 'MANUTENÇÃO- DOMINGOS', '73', '2020-03-09 00:00:00', 'FECHADO', 'Ingrid Gondin', '2020-03-09 15:11:10', NULL, NULL, 'N'),
	(82, 1, 0, 1, 44, 3, 'ROSANA ROSLYN', '74', '2020-03-09 00:00:00', 'FECHADO', 'Ingrid Gondin', '2020-03-09 15:34:40', NULL, NULL, 'N'),
	(83, 1, 0, 1, 44, 3, 'ROSANA ROSLIN', '75', '2020-03-09 00:00:00', 'FECHADO', 'Ingrid Gondin', '2020-03-09 15:42:25', NULL, NULL, 'N'),
	(84, 1, 0, 1, 24, 3, 'LETICIA PARREIRA ', '76', '2020-03-09 00:00:00', 'FECHADO', 'Ingrid Gondin', '2020-03-09 15:59:18', NULL, NULL, 'N'),
	(85, 1, 0, 1, 29, 3, 'JOÃO RICARDO', '77', '2020-03-09 00:00:00', 'FECHADO', 'Ingrid Gondin', '2020-03-09 16:17:41', NULL, NULL, 'N'),
	(86, 1, 0, 1, 29, 3, 'SIMARIA DE SOUSA ARAUJO MIRANDA- TÉC. DE ENFERMAGEM ', '78', '2020-03-09 00:00:00', 'FECHADO', 'Ingrid Gondin', '2020-03-09 16:23:40', NULL, NULL, 'N'),
	(87, 1, 0, 1, 37, 3, 'LUANA CRISTINA ', '79', '2020-03-10 00:00:00', 'FECHADO', 'Ingrid Gondin', '2020-03-10 09:14:08', NULL, NULL, 'N'),
	(88, 1, 0, 1, 45, 3, 'MURILO BARCELOS ', '80', '2020-03-10 00:00:00', 'FECHADO', 'Ingrid Gondin', '2020-03-10 09:22:55', NULL, NULL, 'N'),
	(89, 1, 0, 1, 29, 3, 'ZILDA ARRUDA MACHADO SANTOS- AUXILIAR DE SAÚDE BUCAL', '81', '2020-03-10 00:00:00', 'FECHADO', 'Ingrid Gondin', '2020-03-10 11:16:58', NULL, NULL, 'N'),
	(90, 1, 0, 1, 32, 3, 'JOSEANE FERNANDA M. O. LEITE- UPA ', '82', '2020-03-10 00:00:00', 'FECHADO', 'Ingrid Gondin', '2020-03-10 14:10:31', NULL, NULL, 'N'),
	(91, 1, 0, 1, 46, 3, 'PAULIANA MENDONÇA ', '83', '2020-03-10 00:00:00', 'FECHADO', 'Ingrid Gondin', '2020-03-10 14:39:08', NULL, NULL, 'N'),
	(92, 1, 0, 1, 40, 3, 'JENNIFER LORRANE A DA ROCHA', '84', '2020-03-10 00:00:00', 'FECHADO', 'Ingrid Gondin', '2020-03-10 14:42:34', NULL, NULL, 'N'),
	(93, 1, 0, 1, 41, 3, 'ADRIANA MENDES DE O. SOARES', '85', '2020-03-10 00:00:00', 'FECHADO', 'Ingrid Gondin', '2020-03-10 14:53:46', NULL, NULL, 'N'),
	(94, 1, 0, 1, 26, 3, 'CRISTIANE FONSECA VALADÃO', '86', '2020-03-10 00:00:00', 'FECHADO', 'Ingrid Gondin', '2020-03-10 15:04:31', NULL, NULL, 'N'),
	(95, 1, 0, 1, 2, 3, 'KATIA NUBIA A MORAIS', '87', '2020-03-10 00:00:00', 'FECHADO', 'Ingrid Gondin', '2020-03-10 16:03:34', NULL, NULL, 'N'),
	(96, 1, 0, 1, 4, 3, 'ANA LÚCIA DE O. DOMINGUES', '88', '2020-03-10 00:00:00', 'FECHADO', 'Ingrid Gondin', '2020-03-10 16:08:39', NULL, NULL, 'N'),
	(97, 1, 0, 1, 38, 3, 'LUANA CRISTINA ', '89', '2020-03-10 00:00:00', 'FECHADO', 'Ingrid Gondin', '2020-03-10 16:12:38', NULL, NULL, 'N'),
	(98, 1, 0, 1, 14, 3, 'AUGUSTINHA DA SILVA', '90', '2020-03-10 00:00:00', 'FECHADO', 'Ingrid Gondin', '2020-03-10 16:15:12', NULL, NULL, 'N'),
	(99, 1, 0, 1, 22, 3, 'VANESSA BORGES ALMEIDA', '91', '2020-03-10 00:00:00', 'FECHADO', 'Ingrid Gondin', '2020-03-10 16:20:32', NULL, NULL, 'N'),
	(100, 1, 0, 1, 48, 3, 'YARA LIMA POVOA', '92', '2020-03-10 00:00:00', 'FECHADO', 'Ingrid Gondin', '2020-03-10 16:26:13', NULL, NULL, 'N'),
	(101, 1, 0, 1, 29, 3, 'RAFAEL MOREIRA MACIEL ', '93', '2020-03-12 00:00:00', 'FECHADO', 'Ingrid Gondin', '2020-03-12 16:21:00', NULL, NULL, 'N'),
	(102, 1, 0, 1, 29, 3, 'ALESSANDRA CARLA', '94', '2020-03-13 00:00:00', 'FECHADO', 'Ingrid Gondin', '2020-03-13 15:02:04', NULL, NULL, 'N'),
	(103, 1, 0, 1, 50, 3, 'PREFEITURA-SECRETÁRIA DA SÁUDE- GERCILENE BRANCA', '95', '2020-03-17 00:00:00', 'FECHADO', 'Ingrid Gondin', '2020-03-17 10:09:24', NULL, NULL, 'N'),
	(104, 1, 0, 1, 33, 3, 'DENIZE ALVES GOMES', '96', '2020-03-17 00:00:00', 'FECHADO', 'Ingrid Gondin', '2020-03-17 13:09:48', NULL, NULL, 'N'),
	(105, 1, 0, 1, 33, 3, 'ADRIELLY KELLY ALVES LOPES', '97', '2020-03-17 00:00:00', 'FECHADO', 'Ingrid Gondin', '2020-03-17 13:11:26', NULL, NULL, 'N'),
	(106, 1, 0, 1, 51, 3, 'ALESSANDRA MARQUES BARBOSA', '98', '2020-03-17 00:00:00', 'FECHADO', 'Ingrid Gondin', '2020-03-17 13:13:57', NULL, NULL, 'N'),
	(107, 1, 0, 1, 1, 3, 'RENATO LEANDRO', '99', '2020-03-18 00:00:00', 'ABERTO', 'Renato Leandro', '2020-03-18 08:21:10', NULL, NULL, 'N');
/*!40000 ALTER TABLE `pedido` ENABLE KEYS */;

-- Copiando estrutura para tabela sms.pedido_item
DROP TABLE IF EXISTS `pedido_item`;
CREATE TABLE IF NOT EXISTS `pedido_item` (
  `CODPEDIDO` int(11) DEFAULT NULL,
  `NUMEROPEDIDO` varchar(50) DEFAULT NULL,
  `CODPRODUTO` int(11) DEFAULT NULL,
  `LOTE` varchar(50) DEFAULT NULL,
  `QUANTIDADE` decimal(10,0) DEFAULT NULL,
  `ESTOQUEUBS` varchar(50) DEFAULT NULL,
  `PARAQUEM` varchar(255) DEFAULT NULL
) ENGINE=InnoDB DEFAULT CHARSET=latin1 ROW_FORMAT=COMPACT;

-- Copiando dados para a tabela sms.pedido_item: ~581 rows (aproximadamente)
/*!40000 ALTER TABLE `pedido_item` DISABLE KEYS */;
INSERT INTO `pedido_item` (`CODPEDIDO`, `NUMEROPEDIDO`, `CODPRODUTO`, `LOTE`, `QUANTIDADE`, `ESTOQUEUBS`, `PARAQUEM`) VALUES
	(1, '1', 488, '0', 2, '0', 'Lara Gabriela Silva Romão'),
	(2, '2', 452, '0', 2, '0', 'Aline Christina Mendanha Medeiros'),
	(3, '3', 516, '0', 2, '', 'ISMAEL MAIONE DA SILVA'),
	(4, '4', 453, '0', 2, '', 'Elaine Maria de Paula Xavier'),
	(5, '5', 451, '0', 1, '', 'Veronica Chaves'),
	(5, '5', 451, '0', 1, '', 'Carolini Rodrigues'),
	(5, '5', 488, '0', 1, '', 'Madalena Fernandes'),
	(5, '5', 488, '0', 1, '', 'Bruna Manrique '),
	(5, '5', 487, '0', 1, '', 'Joyce Rodrigues'),
	(6, '6', 497, '0', 1, '', 'ELVYS'),
	(6, '6', 499, '0', 1, '', 'ELVYS'),
	(6, '6', 503, '0', 1, '', 'ELVYS'),
	(6, '6', 505, '0', 1, '', 'ELVYS'),
	(6, '6', 506, '0', 1, '', 'ELVYS '),
	(6, '6', 507, '0', 1, '', 'ELVYS'),
	(6, '6', 508, '0', 4, '', 'ELVYS'),
	(6, '6', 487, '0', 1, '', 'Aline'),
	(6, '6', 528, '0', 1, '', 'ELVYS'),
	(6, '6', 529, '0', 3, '', 'ELVYS'),
	(6, '6', 530, '0', 9, '', 'ELVYS'),
	(6, '6', 532, '0', 3, '', 'ELVYS'),
	(6, '6', 523, '0', 5, '', 'ELVYS'),
	(6, '6', 524, '0', 8, '', 'ELVYS'),
	(6, '6', 526, '0', 2, '', 'ELVYS'),
	(7, '7', 515, '0', 2, '', 'Marcos Paulo de Souza Alves'),
	(10, '2', 323, '0', 2, '0', NULL),
	(11, '3', 416, '0', 2, '0', NULL),
	(12, '4', 488, '0', 2, '0', NULL),
	(15, '7', 553, '0', 1, '0', NULL),
	(16, '8', 613, '0', 1, '0', NULL),
	(16, '8', 610, '0', 4, '0', NULL),
	(16, '8', 620, '0', 2, '0', NULL),
	(16, '8', 744, '0', 1, '0', NULL),
	(16, '8', 741, '0', 1, '0', NULL),
	(16, '8', 628, '0', 1, '0', NULL),
	(17, '9', 619, '0', 1, '0', NULL),
	(19, '11', 619, '0', 5, '0', NULL),
	(20, '12', 623, '0', 40, '0', NULL),
	(21, '13', 651, '0', 1, '0', NULL),
	(22, '14', 605, '0', 2, '0', NULL),
	(22, '14', 604, '0', 1, '0', NULL),
	(23, '15', 611, '0', 5, '0', NULL),
	(23, '15', 588, '0', 50, '0', NULL),
	(23, '15', 619, '0', 20, '0', NULL),
	(24, '16', 580, '0', 2, '0', NULL),
	(24, '16', 661, '0', 600, '0', NULL),
	(24, '16', 598, '0', 6, '0', NULL),
	(24, '16', 651, '0', 2, '0', NULL),
	(24, '16', 604, '0', 15, '0', NULL),
	(24, '16', 619, '0', 6, '0', NULL),
	(24, '16', 624, '0', 1, '0', NULL),
	(24, '16', 640, '0', 2, '0', NULL),
	(24, '16', 607, '0', 1, '0', NULL),
	(26, '18', 598, '0', 100, '0', NULL),
	(26, '18', 623, '0', 5, '0', NULL),
	(26, '18', 610, '0', 3, '0', NULL),
	(26, '18', 742, '0', 1, '0', NULL),
	(26, '18', 740, '0', 1, '0', NULL),
	(26, '18', 677, '0', 1, '0', NULL),
	(26, '18', 587, '0', 50, '0', NULL),
	(26, '18', 654, '0', 12, '0', NULL),
	(26, '18', 580, '0', 1, '0', NULL),
	(27, '19', 646, '0', 200, '0', NULL),
	(27, '19', 646, '0', 200, '0', NULL),
	(27, '19', 600, '0', 100, '0', NULL),
	(25, '17', 450, '0', 5, '0', NULL),
	(28, '20', 608, '0', 1, '0', NULL),
	(29, '21', 607, '0', 1, '0', NULL),
	(30, '22', 713, '0', 5, '0', NULL),
	(31, '23', 587, '0', 6, '0', NULL),
	(32, '24', 657, '0', 1, '0', NULL),
	(33, '25', 684, '0', 2, '0', NULL),
	(33, '25', 690, '0', 2, '0', NULL),
	(33, '25', 749, '0', 2, '0', NULL),
	(33, '25', 730, '0', 1, '0', NULL),
	(33, '25', 718, '0', 2, '0', NULL),
	(33, '25', 731, '0', 2, '0', NULL),
	(33, '25', 699, '0', 2, '0', NULL),
	(33, '25', 713, '0', 2, '0', NULL),
	(33, '25', 727, '0', 1, '0', NULL),
	(33, '25', 732, '0', 1, '0', NULL),
	(33, '25', 728, '0', 8, '0', NULL),
	(33, '25', 702, '0', 1, '0', NULL),
	(33, '25', 737, '0', 1, '0', NULL),
	(33, '25', 686, '0', 1, '0', NULL),
	(33, '25', 736, '0', 1, '0', NULL),
	(33, '25', 739, '0', 1, '0', NULL),
	(33, '25', 696, '0', 2, '0', NULL),
	(33, '25', 692, '0', 20, '0', NULL),
	(34, '26', 684, '0', 2, '0', NULL),
	(34, '26', 690, '0', 2, '0', NULL),
	(34, '26', 687, '0', 2, '0', NULL),
	(34, '26', 749, '0', 2, '0', NULL),
	(34, '26', 730, '0', 1, '0', NULL),
	(34, '26', 718, '0', 2, '0', NULL),
	(34, '26', 699, '0', 2, '0', NULL),
	(34, '26', 713, '0', 2, '0', NULL),
	(34, '26', 727, '0', 1, '0', NULL),
	(34, '26', 732, '0', 1, '0', NULL),
	(34, '26', 728, '0', 8, '0', NULL),
	(34, '26', 702, '0', 1, '0', NULL),
	(34, '26', 737, '0', 1, '0', NULL),
	(34, '26', 686, '0', 1, '0', NULL),
	(34, '26', 736, '0', 1, '0', NULL),
	(34, '26', 739, '0', 1, '0', NULL),
	(34, '26', 696, '0', 2, '0', NULL),
	(34, '26', 692, '0', 20, '0', NULL),
	(35, '27', 684, '0', 2, '0', NULL),
	(35, '27', 690, '0', 2, '0', NULL),
	(35, '27', 687, '0', 2, '0', NULL),
	(35, '27', 749, '0', 2, '0', NULL),
	(35, '27', 730, '0', 1, '0', NULL),
	(35, '27', 718, '0', 2, '0', NULL),
	(35, '27', 699, '0', 2, '0', NULL),
	(35, '27', 713, '0', 2, '0', NULL),
	(35, '27', 727, '0', 1, '0', NULL),
	(35, '27', 732, '0', 1, '0', NULL),
	(35, '27', 728, '0', 8, '10', NULL),
	(35, '27', 702, '0', 1, '0', NULL),
	(35, '27', 737, '0', 1, '0', NULL),
	(35, '27', 686, '0', 1, '0', NULL),
	(35, '27', 736, '0', 1, '0', NULL),
	(35, '27', 739, '0', 1, '0', NULL),
	(35, '27', 696, '0', 2, '0', NULL),
	(35, '27', 692, '0', 20, '0', NULL),
	(36, '28', 684, '0', 6, '0', NULL),
	(36, '28', 690, '0', 6, '0', NULL),
	(36, '28', 687, '0', 6, '0', NULL),
	(36, '28', 749, '0', 6, '0', NULL),
	(36, '28', 730, '0', 3, '0', NULL),
	(36, '28', 718, '0', 6, '0', NULL),
	(36, '28', 731, '0', 6, '0', NULL),
	(36, '28', 699, '0', 6, '0', NULL),
	(36, '28', 713, '0', 6, '0', NULL),
	(36, '28', 727, '0', 3, '0', NULL),
	(36, '28', 732, '0', 3, '0', NULL),
	(36, '28', 728, '0', 20, '0', NULL),
	(36, '28', 702, '0', 3, '0', NULL),
	(36, '28', 737, '0', 2, '0', NULL),
	(36, '28', 686, '0', 2, '0', NULL),
	(36, '28', 736, '0', 1, '0', NULL),
	(36, '28', 739, '0', 1, '0', NULL),
	(36, '28', 696, '0', 6, '0', NULL),
	(36, '28', 692, '0', 60, '0', NULL),
	(37, '29', 684, '0', 2, '0', NULL),
	(37, '29', 690, '0', 2, '0', NULL),
	(37, '29', 725, '0', 1, '0', NULL),
	(37, '29', 687, '0', 2, '0', NULL),
	(37, '29', 749, '0', 2, '0', NULL),
	(37, '29', 730, '0', 1, '0', NULL),
	(37, '29', 718, '0', 2, '0', NULL),
	(37, '29', 731, '0', 2, '0', NULL),
	(37, '29', 699, '0', 2, '0', NULL),
	(37, '29', 713, '0', 2, '0', NULL),
	(37, '29', 727, '0', 1, '0', NULL),
	(37, '29', 732, '0', 1, '0', NULL),
	(37, '29', 728, '0', 8, '0', NULL),
	(37, '29', 702, '0', 1, '0', NULL),
	(37, '29', 737, '0', 1, '0', NULL),
	(37, '29', 686, '0', 1, '0', NULL),
	(37, '29', 736, '0', 1, '0', NULL),
	(37, '29', 739, '0', 1, '0', NULL),
	(37, '29', 696, '0', 2, '0', NULL),
	(37, '29', 692, '0', 20, '0', NULL),
	(38, '30', 684, '0', 2, '0', NULL),
	(38, '30', 690, '0', 2, '0', NULL),
	(38, '30', 687, '0', 2, '0', NULL),
	(38, '30', 725, '0', 1, '0', NULL),
	(38, '30', 687, '0', 2, '0', NULL),
	(38, '30', 749, '0', 2, '0', NULL),
	(38, '30', 730, '0', 1, '0', NULL),
	(38, '30', 718, '0', 2, '0', NULL),
	(38, '30', 731, '0', 2, '0', NULL),
	(38, '30', 699, '0', 2, '0', NULL),
	(38, '30', 713, '0', 2, '0', NULL),
	(38, '30', 727, '0', 1, '0', NULL),
	(38, '30', 732, '0', 1, '0', NULL),
	(38, '30', 728, '0', 8, '0', NULL),
	(38, '30', 702, '0', 1, '0', NULL),
	(38, '30', 737, '0', 1, '0', NULL),
	(38, '30', 686, '0', 1, '0', NULL),
	(38, '30', 736, '0', 1, '0', NULL),
	(38, '30', 696, '0', 2, '0', NULL),
	(38, '30', 692, '0', 20, '0', NULL),
	(39, '31', 684, '0', 2, '0', NULL),
	(39, '31', 690, '0', 2, '0', NULL),
	(39, '31', 687, '0', 2, '0', NULL),
	(39, '31', 749, '0', 2, '0', NULL),
	(39, '31', 730, '0', 1, '0', NULL),
	(39, '31', 718, '0', 2, '0', NULL),
	(39, '31', 731, '0', 2, '0', NULL),
	(39, '31', 699, '0', 2, '0', NULL),
	(39, '31', 713, '0', 2, '0', NULL),
	(39, '31', 727, '0', 1, '0', NULL),
	(39, '31', 732, '0', 1, '0', NULL),
	(39, '31', 728, '0', 8, '0', NULL),
	(39, '31', 702, '0', 1, '0', NULL),
	(39, '31', 737, '0', 1, '0', NULL),
	(39, '31', 686, '0', 1, '0', NULL),
	(39, '31', 736, '0', 1, '0', NULL),
	(39, '31', 739, '0', 1, '0', NULL),
	(39, '31', 696, '0', 2, '0', NULL),
	(40, '32', 684, '0', 2, '0', NULL),
	(40, '32', 690, '0', 2, '0', NULL),
	(40, '32', 687, '0', 2, '0', NULL),
	(40, '32', 749, '0', 2, '0', NULL),
	(40, '32', 730, '0', 1, '0', NULL),
	(40, '32', 718, '0', 2, '0', NULL),
	(40, '32', 731, '0', 2, '0', NULL),
	(40, '32', 699, '0', 2, '0', NULL),
	(40, '32', 713, '0', 2, '0', NULL),
	(40, '32', 727, '0', 1, '0', NULL),
	(40, '32', 732, '0', 1, '0', NULL),
	(40, '32', 728, '0', 8, '0', NULL),
	(40, '32', 702, '0', 1, '0', NULL),
	(40, '32', 737, '0', 1, '0', NULL),
	(40, '32', 686, '0', 1, '0', NULL),
	(40, '32', 736, '0', 1, '0', NULL),
	(40, '32', 739, '0', 1, '0', NULL),
	(40, '32', 696, '0', 2, '0', NULL),
	(41, '33', 684, '0', 2, '0', NULL),
	(41, '33', 690, '0', 2, '0', NULL),
	(41, '33', 687, '0', 2, '0', NULL),
	(41, '33', 749, '0', 2, '0', NULL),
	(41, '33', 730, '0', 1, '0', NULL),
	(41, '33', 718, '0', 2, '0', NULL),
	(41, '33', 731, '0', 2, '0', NULL),
	(41, '33', 699, '0', 2, '0', NULL),
	(41, '33', 713, '0', 2, '0', NULL),
	(41, '33', 727, '0', 1, '0', NULL),
	(41, '33', 732, '0', 1, '0', NULL),
	(41, '33', 728, '0', 8, '0', NULL),
	(41, '33', 702, '0', 1, '0', NULL),
	(41, '33', 737, '0', 1, '0', NULL),
	(41, '33', 686, '0', 1, '0', NULL),
	(41, '33', 736, '0', 1, '0', NULL),
	(41, '33', 739, '0', 1, '0', NULL),
	(41, '33', 696, '0', 2, '0', NULL),
	(42, '34', 684, '0', 2, '0', NULL),
	(42, '34', 690, '0', 2, '0', NULL),
	(42, '34', 687, '0', 2, '0', NULL),
	(42, '34', 749, '0', 2, '0', NULL),
	(42, '34', 730, '0', 1, '0', NULL),
	(42, '34', 718, '0', 2, '0', NULL),
	(42, '34', 731, '0', 2, '0', NULL),
	(42, '34', 699, '0', 2, '0', NULL),
	(42, '34', 713, '0', 2, '0', NULL),
	(42, '34', 727, '0', 1, '0', NULL),
	(42, '34', 732, '0', 1, '0', NULL),
	(42, '34', 728, '0', 8, '0', NULL),
	(42, '34', 702, '0', 1, '0', NULL),
	(42, '34', 737, '0', 1, '0', NULL),
	(42, '34', 686, '0', 1, '0', NULL),
	(42, '34', 736, '0', 1, '0', NULL),
	(42, '34', 739, '0', 1, '0', NULL),
	(42, '34', 696, '0', 2, '0', NULL),
	(43, '35', 684, '0', 5, '0', NULL),
	(43, '35', 690, '0', 2, '0', NULL),
	(43, '35', 687, '0', 5, '0', NULL),
	(43, '35', 749, '0', 1, '0', NULL),
	(43, '35', 730, '0', 3, '0', NULL),
	(43, '35', 718, '0', 4, '0', NULL),
	(43, '35', 731, '0', 5, '0', NULL),
	(43, '35', 699, '0', 6, '0', NULL),
	(43, '35', 713, '0', 5, '0', NULL),
	(43, '35', 727, '0', 5, '0', NULL),
	(43, '35', 732, '0', 2, '0', NULL),
	(43, '35', 728, '0', 21, '0', NULL),
	(43, '35', 702, '0', 2, '0', NULL),
	(43, '35', 737, '0', 2, '0', NULL),
	(43, '35', 698, '0', 2, '0', NULL),
	(43, '35', 695, '0', 1, '0', NULL),
	(43, '35', 734, '0', 2, '0', NULL),
	(43, '35', 735, '0', 1, '0', NULL),
	(44, '36', 450, '0', 2, '0', NULL),
	(45, '37', 487, '0', 2, '0', NULL),
	(46, '38', 444, '0', 2, '0', NULL),
	(47, '39', 450, '0', 2, '0', NULL),
	(48, '40', 748, '0', 10, '0', NULL),
	(49, '41', 748, '0', 12, '0', NULL),
	(50, '42', 748, '0', 10, '0', NULL),
	(50, '42', 735, '0', 2, '0', NULL),
	(50, '42', 713, '0', 5, '0', NULL),
	(50, '42', 718, '0', 6, '0', NULL),
	(50, '42', 730, '0', 2, '0', NULL),
	(50, '42', 696, '0', 2, '0', NULL),
	(50, '42', 728, '0', 20, '0', NULL),
	(50, '42', 727, '0', 4, '0', NULL),
	(50, '42', 690, '0', 4, '0', NULL),
	(50, '42', 731, '0', 4, '0', NULL),
	(50, '42', 737, '0', 2, '0', NULL),
	(50, '42', 686, '0', 3, '0', NULL),
	(50, '42', 726, '0', 3, '0', NULL),
	(50, '42', 710, '0', 5, '0', NULL),
	(50, '42', 608, '0', 2, '0', NULL),
	(50, '42', 611, '0', 1, '0', NULL),
	(50, '42', 602, '0', 2, '0', NULL),
	(51, '43', 748, '0', 10, '0', NULL),
	(52, '44', 748, '0', 4, '0', NULL),
	(53, '45', 748, '0', 4, '0', NULL),
	(54, '46', 748, '0', 4, '0', NULL),
	(55, '47', 748, '0', 4, '0', NULL),
	(56, '48', 748, '0', 4, '0', NULL),
	(57, '49', 748, '0', 4, '0', NULL),
	(58, '50', 748, '0', 12, '0', NULL),
	(59, '51', 748, '0', 4, '0', NULL),
	(60, '52', 748, '0', 4, '0', NULL),
	(61, '53', 748, '0', 4, '0', NULL),
	(62, '54', 684, '0', 2, '0', NULL),
	(62, '54', 690, '0', 2, '0', NULL),
	(62, '54', 687, '0', 2, '0', NULL),
	(62, '54', 749, '0', 2, '0', NULL),
	(62, '54', 730, '0', 1, '0', NULL),
	(62, '54', 718, '0', 2, '0', NULL),
	(62, '54', 731, '0', 2, '0', NULL),
	(62, '54', 699, '0', 2, '0', NULL),
	(62, '54', 713, '0', 2, '0', NULL),
	(62, '54', 727, '0', 1, '0', NULL),
	(62, '54', 732, '0', 1, '0', NULL),
	(62, '54', 728, '0', 8, '0', NULL),
	(62, '54', 702, '0', 1, '0', NULL),
	(62, '54', 737, '0', 1, '0', NULL),
	(62, '54', 686, '0', 1, '0', NULL),
	(62, '54', 736, '0', 1, '0', NULL),
	(62, '54', 739, '0', 1, '0', NULL),
	(62, '54', 696, '0', 2, '0', NULL),
	(62, '54', 748, '0', 4, '0', NULL),
	(63, '55', 690, '0', 1, '0', NULL),
	(64, '56', 487, '0', 2, '0', NULL),
	(65, '57', 488, '0', 2, '0', NULL),
	(66, '58', 684, '0', 3, '0', NULL),
	(66, '58', 690, '0', 2, '0', NULL),
	(66, '58', 687, '0', 3, '0', NULL),
	(66, '58', 749, '0', 2, '0', NULL),
	(66, '58', 730, '0', 3, '0', NULL),
	(66, '58', 718, '0', 5, '0', NULL),
	(66, '58', 731, '0', 5, '0', NULL),
	(66, '58', 699, '0', 6, '0', NULL),
	(66, '58', 713, '0', 5, '0', NULL),
	(66, '58', 727, '0', 8, '0', NULL),
	(66, '58', 732, '0', 2, '0', NULL),
	(66, '58', 728, '0', 32, '0', NULL),
	(66, '58', 702, '0', 1, '0', NULL),
	(66, '58', 737, '0', 2, '0', NULL),
	(66, '58', 686, '0', 3, '0', NULL),
	(66, '58', 739, '0', 3, '0', NULL),
	(66, '58', 696, '0', 1, '0', NULL),
	(66, '58', 697, '0', 2, '0', NULL),
	(66, '58', 698, '0', 5, '0', NULL),
	(66, '58', 695, '0', 1, '0', NULL),
	(66, '58', 694, '0', 2, '0', NULL),
	(66, '58', 710, '0', 1, '0', NULL),
	(66, '58', 726, '0', 4, '0', NULL),
	(66, '58', 748, '0', 12, '0', NULL),
	(67, '59', 444, '0', 2, '0', NULL),
	(68, '60', 449, '0', 1, '0', NULL),
	(69, '61', 446, '0', 2, '0', NULL),
	(70, '62', 510, '0', 2, '0', NULL),
	(71, '63', 487, '0', 2, '0', NULL),
	(72, '64', 412, '0', 2, '0', NULL),
	(73, '65', 450, '0', 2, '0', NULL),
	(74, '66', 478, '0', 2, '0', NULL),
	(75, '67', 547, '0', 1, '0', NULL),
	(76, '68', 577, '0', 1, '0', NULL),
	(77, '69', 739, '0', 1, '0', NULL),
	(78, '70', 748, '0', 2, '0', NULL),
	(79, '71', 690, '0', 3, '0', NULL),
	(79, '71', 605, '0', 2, '0', NULL),
	(80, '72', 727, '0', 2, '0', NULL),
	(81, '73', 707, '0', 6, '0', NULL),
	(82, '74', 690, '0', 1, '0', NULL),
	(82, '74', 687, '0', 1, '0', NULL),
	(82, '74', 725, '0', 1, '0', NULL),
	(82, '74', 749, '0', 1, '0', NULL),
	(82, '74', 730, '0', 1, '0', NULL),
	(82, '74', 718, '0', 2, '0', NULL),
	(82, '74', 731, '0', 2, '0', NULL),
	(82, '74', 699, '0', 1, '0', NULL),
	(82, '74', 713, '0', 1, '0', NULL),
	(82, '74', 727, '0', 1, '0', NULL),
	(82, '74', 732, '0', 1, '0', NULL),
	(82, '74', 728, '0', 5, '0', NULL),
	(82, '74', 702, '0', 1, '0', NULL),
	(82, '74', 737, '0', 1, '0', NULL),
	(82, '74', 686, '0', 1, '0', NULL),
	(82, '74', 736, '0', 1, '0', NULL),
	(82, '74', 739, '0', 1, '0', NULL),
	(82, '74', 696, '0', 1, '0', NULL),
	(82, '74', 723, '0', 1, '0', NULL),
	(82, '74', 747, '0', 8, '0', NULL),
	(83, '75', 748, '0', 10, '0', NULL),
	(83, '75', 711, '0', 3, '0', NULL),
	(84, '76', 690, '0', 3, '0', NULL),
	(84, '76', 725, '0', 1, '0', NULL),
	(84, '76', 687, '0', 1, '0', NULL),
	(84, '76', 749, '0', 2, '0', NULL),
	(84, '76', 730, '0', 3, '0', NULL),
	(84, '76', 718, '0', 4, '0', NULL),
	(84, '76', 731, '0', 3, '0', NULL),
	(84, '76', 712, '0', 1, '0', NULL),
	(84, '76', 699, '0', 5, '0', NULL),
	(84, '76', 713, '0', 3, '0', NULL),
	(84, '76', 727, '0', 3, '0', NULL),
	(84, '76', 728, '0', 10, '0', NULL),
	(84, '76', 734, '0', 1, '0', NULL),
	(84, '76', 735, '0', 3, '0', NULL),
	(84, '76', 702, '0', 2, '0', NULL),
	(84, '76', 737, '0', 1, '0', NULL),
	(84, '76', 738, '0', 1, '0', NULL),
	(84, '76', 697, '0', 2, '0', NULL),
	(84, '76', 695, '0', 1, '0', NULL),
	(84, '76', 726, '0', 1, '0', NULL),
	(84, '76', 748, '0', 10, '0', NULL),
	(84, '76', 711, '0', 3, '0', NULL),
	(84, '76', 747, '0', 8, '0', NULL),
	(85, '77', 453, '0', 2, '0', NULL),
	(86, '78', 453, '0', 2, '0', NULL),
	(87, '79', 582, '0', 1, '0', NULL),
	(87, '79', 582, '0', 1, '0', NULL),
	(88, '80', 684, '0', 2, '0', NULL),
	(88, '80', 690, '0', 3, '0', NULL),
	(88, '80', 688, '0', 1, '0', NULL),
	(88, '80', 687, '0', 2, '0', NULL),
	(88, '80', 749, '0', 2, '0', NULL),
	(88, '80', 730, '0', 2, '0', NULL),
	(88, '80', 718, '0', 4, '0', NULL),
	(88, '80', 731, '0', 4, '0', NULL),
	(88, '80', 699, '0', 6, '0', NULL),
	(88, '80', 713, '0', 4, '0', NULL),
	(88, '80', 727, '0', 3, '0', NULL),
	(88, '80', 728, '0', 10, '0', NULL),
	(88, '80', 702, '0', 1, '0', NULL),
	(88, '80', 737, '0', 1, '0', NULL),
	(88, '80', 694, '0', 1, '0', NULL),
	(88, '80', 710, '0', 3, '0', NULL),
	(88, '80', 726, '0', 3, '0', NULL),
	(88, '80', 748, '0', 6, '0', NULL),
	(89, '81', 446, '0', 2, '0', NULL),
	(90, '82', 414, '0', 1, '0', NULL),
	(90, '82', 414, '0', 1, '0', NULL),
	(90, '82', 426, '0', 2, '0', NULL),
	(90, '82', 414, '0', 1, '0', NULL),
	(90, '82', 414, '0', 1, '0', NULL),
	(90, '82', 414, '0', 1, '0', NULL),
	(90, '82', 414, '0', 1, '0', NULL),
	(90, '82', 414, '0', 1, '0', NULL),
	(90, '82', 414, '0', 1, '0', NULL),
	(90, '82', 414, '0', 1, '0', NULL),
	(90, '82', 426, '0', 2, '0', NULL),
	(90, '82', 416, '0', 1, '0', NULL),
	(90, '82', 414, '0', 1, '0', NULL),
	(90, '82', 416, '0', 1, '0', NULL),
	(90, '82', 415, '0', 1, '0', NULL),
	(90, '82', 414, '0', 2, '0', NULL),
	(90, '82', 416, '0', 1, '0', NULL),
	(90, '82', 414, '0', 1, '0', NULL),
	(90, '82', 414, '0', 1, '0', NULL),
	(90, '82', 426, '0', 2, '0', NULL),
	(90, '82', 426, '0', 2, '0', NULL),
	(90, '82', 414, '0', 2, '0', NULL),
	(90, '82', 426, '0', 2, '0', NULL),
	(90, '82', 416, '0', 2, '0', NULL),
	(90, '82', 414, '0', 2, '0', NULL),
	(90, '82', 425, '0', 2, '0', NULL),
	(90, '82', 426, '0', 2, '0', NULL),
	(90, '82', 414, '0', 1, '0', NULL),
	(90, '82', 426, '0', 2, '0', NULL),
	(90, '82', 513, '0', 2, '0', NULL),
	(90, '82', 414, '0', 1, '0', NULL),
	(90, '82', 414, '0', 2, '0', NULL),
	(90, '82', 414, '0', 1, '0', NULL),
	(90, '82', 414, '0', 1, '0', NULL),
	(90, '82', 414, '0', 1, '0', NULL),
	(90, '82', 426, '0', 2, '0', NULL),
	(91, '83', 684, '0', 2, '0', NULL),
	(91, '83', 725, '0', 1, '0', NULL),
	(91, '83', 687, '0', 4, '0', NULL),
	(91, '83', 749, '0', 3, '0', NULL),
	(91, '83', 730, '0', 4, '0', NULL),
	(91, '83', 718, '0', 5, '0', NULL),
	(91, '83', 731, '0', 5, '0', NULL),
	(91, '83', 712, '0', 2, '0', NULL),
	(91, '83', 699, '0', 5, '0', NULL),
	(91, '83', 727, '0', 3, '0', NULL),
	(91, '83', 728, '0', 8, '0', NULL),
	(91, '83', 735, '0', 2, '0', NULL),
	(91, '83', 702, '0', 2, '0', NULL),
	(91, '83', 686, '0', 2, '0', NULL),
	(91, '83', 736, '0', 2, '0', NULL),
	(91, '83', 739, '0', 2, '0', NULL),
	(91, '83', 697, '0', 4, '0', NULL),
	(91, '83', 748, '0', 7, '0', NULL),
	(92, '84', 684, '0', 2, '0', NULL),
	(92, '84', 690, '0', 2, '0', NULL),
	(92, '84', 687, '0', 2, '0', NULL),
	(92, '84', 749, '0', 2, '0', NULL),
	(92, '84', 730, '0', 1, '0', NULL),
	(92, '84', 718, '0', 2, '0', NULL),
	(92, '84', 731, '0', 2, '0', NULL),
	(92, '84', 699, '0', 2, '0', NULL),
	(92, '84', 713, '0', 2, '0', NULL),
	(92, '84', 727, '0', 1, '0', NULL),
	(92, '84', 732, '0', 1, '0', NULL),
	(92, '84', 728, '0', 8, '0', NULL),
	(92, '84', 702, '0', 1, '0', NULL),
	(92, '84', 737, '0', 1, '0', NULL),
	(92, '84', 686, '0', 1, '0', NULL),
	(92, '84', 736, '0', 1, '0', NULL),
	(92, '84', 739, '0', 1, '0', NULL),
	(92, '84', 696, '0', 2, '0', NULL),
	(92, '84', 748, '0', 4, '0', NULL),
	(93, '85', 684, '0', 1, '0', NULL),
	(93, '85', 690, '0', 1, '0', NULL),
	(93, '85', 725, '0', 1, '0', NULL),
	(93, '85', 687, '0', 1, '0', NULL),
	(93, '85', 749, '0', 1, '0', NULL),
	(93, '85', 730, '0', 1, '0', NULL),
	(93, '85', 718, '0', 2, '0', NULL),
	(93, '85', 731, '0', 2, '0', NULL),
	(93, '85', 699, '0', 1, '0', NULL),
	(93, '85', 713, '0', 1, '0', NULL),
	(93, '85', 727, '0', 1, '0', NULL),
	(93, '85', 732, '0', 1, '0', NULL),
	(93, '85', 728, '0', 5, '0', NULL),
	(93, '85', 702, '0', 1, '0', NULL),
	(93, '85', 737, '0', 1, '0', NULL),
	(93, '85', 686, '0', 1, '0', NULL),
	(93, '85', 736, '0', 1, '0', NULL),
	(93, '85', 739, '0', 1, '0', NULL),
	(93, '85', 723, '0', 1, '0', NULL),
	(93, '85', 696, '0', 1, '0', NULL),
	(93, '85', 748, '0', 2, '0', NULL),
	(94, '86', 690, '0', 2, '0', NULL),
	(94, '86', 687, '0', 2, '0', NULL),
	(94, '86', 749, '0', 2, '0', NULL),
	(94, '86', 730, '0', 1, '0', NULL),
	(94, '86', 718, '0', 2, '0', NULL),
	(94, '86', 731, '0', 2, '0', NULL),
	(94, '86', 699, '0', 2, '0', NULL),
	(94, '86', 713, '0', 2, '0', NULL),
	(94, '86', 727, '0', 1, '0', NULL),
	(94, '86', 732, '0', 1, '0', NULL),
	(94, '86', 702, '0', 1, '0', NULL),
	(94, '86', 737, '0', 1, '0', NULL),
	(94, '86', 686, '0', 1, '0', NULL),
	(94, '86', 736, '0', 1, '0', NULL),
	(94, '86', 739, '0', 1, '0', NULL),
	(94, '86', 696, '0', 2, '0', NULL),
	(94, '86', 748, '0', 4, '0', NULL),
	(95, '87', 690, '0', 4, '0', NULL),
	(95, '87', 749, '0', 4, '0', NULL),
	(95, '87', 730, '0', 2, '0', NULL),
	(95, '87', 718, '0', 4, '0', NULL),
	(95, '87', 731, '0', 4, '0', NULL),
	(95, '87', 699, '0', 4, '0', NULL),
	(95, '87', 713, '0', 4, '0', NULL),
	(95, '87', 727, '0', 2, '0', NULL),
	(95, '87', 732, '0', 2, '0', NULL),
	(95, '87', 702, '0', 2, '0', NULL),
	(95, '87', 737, '0', 2, '0', NULL),
	(95, '87', 686, '0', 2, '0', NULL),
	(95, '87', 736, '0', 2, '0', NULL),
	(95, '87', 739, '0', 2, '0', NULL),
	(95, '87', 696, '0', 4, '0', NULL),
	(95, '87', 748, '0', 8, '0', NULL),
	(96, '88', 690, '0', 2, '0', NULL),
	(96, '88', 749, '0', 2, '0', NULL),
	(96, '88', 730, '0', 1, '0', NULL),
	(96, '88', 718, '0', 2, '0', NULL),
	(96, '88', 731, '0', 2, '0', NULL),
	(96, '88', 699, '0', 2, '0', NULL),
	(96, '88', 713, '0', 2, '0', NULL),
	(96, '88', 727, '0', 1, '0', NULL),
	(96, '88', 732, '0', 1, '0', NULL),
	(96, '88', 702, '0', 1, '0', NULL),
	(96, '88', 737, '0', 1, '0', NULL),
	(96, '88', 686, '0', 1, '0', NULL),
	(96, '88', 736, '0', 1, '0', NULL),
	(96, '88', 739, '0', 1, '0', NULL),
	(96, '88', 696, '0', 2, '0', NULL),
	(96, '88', 748, '0', 4, '0', NULL),
	(97, '89', 687, '0', 1, '0', NULL),
	(97, '89', 731, '0', 2, '0', NULL),
	(97, '89', 727, '0', 2, '0', NULL),
	(97, '89', 748, '0', 2, '0', NULL),
	(98, '90', 690, '0', 2, '0', NULL),
	(98, '90', 749, '0', 2, '0', NULL),
	(98, '90', 730, '0', 1, '0', NULL),
	(98, '90', 718, '0', 2, '0', NULL),
	(98, '90', 731, '0', 2, '0', NULL),
	(98, '90', 699, '0', 2, '0', NULL),
	(98, '90', 713, '0', 2, '0', NULL),
	(98, '90', 727, '0', 1, '0', NULL),
	(98, '90', 732, '0', 1, '0', NULL),
	(98, '90', 702, '0', 1, '0', NULL),
	(98, '90', 737, '0', 1, '0', NULL),
	(98, '90', 686, '0', 1, '0', NULL),
	(98, '90', 736, '0', 1, '0', NULL),
	(98, '90', 739, '0', 1, '0', NULL),
	(98, '90', 696, '0', 2, '0', NULL),
	(98, '90', 748, '0', 2, '0', NULL),
	(99, '91', 690, '0', 2, '0', NULL),
	(99, '91', 749, '0', 2, '0', NULL),
	(99, '91', 730, '0', 1, '0', NULL),
	(99, '91', 718, '0', 2, '0', NULL),
	(99, '91', 731, '0', 2, '0', NULL),
	(99, '91', 699, '0', 2, '0', NULL),
	(99, '91', 713, '0', 2, '0', NULL),
	(99, '91', 727, '0', 1, '0', NULL),
	(99, '91', 732, '0', 1, '0', NULL),
	(99, '91', 702, '0', 1, '0', NULL),
	(99, '91', 739, '0', 1, '0', NULL),
	(99, '91', 696, '0', 2, '0', NULL),
	(99, '91', 748, '0', 4, '0', NULL),
	(100, '92', 690, '0', 2, '0', NULL),
	(100, '92', 749, '0', 2, '0', NULL),
	(100, '92', 730, '0', 1, '0', NULL),
	(100, '92', 718, '0', 2, '0', NULL),
	(100, '92', 731, '0', 2, '0', NULL),
	(100, '92', 699, '0', 2, '0', NULL),
	(100, '92', 713, '0', 2, '0', NULL),
	(100, '92', 727, '0', 1, '0', NULL),
	(100, '92', 732, '0', 1, '0', NULL),
	(100, '92', 702, '0', 1, '0', NULL),
	(100, '92', 737, '0', 1, '0', NULL),
	(100, '92', 686, '0', 1, '0', NULL),
	(100, '92', 736, '0', 1, '0', NULL),
	(100, '92', 739, '0', 1, '0', NULL),
	(100, '92', 748, '0', 4, '0', NULL),
	(101, '93', 454, '0', 2, '0', NULL),
	(102, '94', 488, '0', 2, '0', NULL),
	(103, '95', 690, '0', 48, '0', NULL),
	(104, '96', 488, '0', 2, '0', NULL),
	(105, '97', 488, '0', 2, '0', NULL),
	(106, '98', 488, '0', 1, '0', NULL),
	(107, '99', 689, '0', 10, '0', NULL);
/*!40000 ALTER TABLE `pedido_item` ENABLE KEYS */;

-- Copiando estrutura para tabela sms.produtos
DROP TABLE IF EXISTS `produtos`;
CREATE TABLE IF NOT EXISTS `produtos` (
  `CODPRODUTO` int(11) NOT NULL AUTO_INCREMENT,
  `NOME` varchar(500) DEFAULT ' ',
  `DESCRICAO` varchar(500) DEFAULT ' ',
  `CODGRUPO` int(11) DEFAULT NULL,
  `CODMARCA` int(11) DEFAULT NULL,
  `UNIDADE` varchar(50) DEFAULT NULL,
  `ATIVO` varchar(2) DEFAULT NULL,
  `RESPINCLUSAO` varchar(255) DEFAULT NULL,
  `DATAINCLUSAO` datetime DEFAULT NULL,
  `RESPALTERACAO` varchar(255) DEFAULT NULL,
  `DATAALTERACAO` datetime DEFAULT NULL,
  `EXCLUIDO` varchar(2) DEFAULT NULL,
  `CODDEPARTAMENTO` int(11) DEFAULT NULL,
  PRIMARY KEY (`CODPRODUTO`)
) ENGINE=InnoDB AUTO_INCREMENT=785 DEFAULT CHARSET=latin1;

-- Copiando dados para a tabela sms.produtos: ~839 rows (aproximadamente)
/*!40000 ALTER TABLE `produtos` DISABLE KEYS */;
INSERT INTO `produtos` (`CODPRODUTO`, `NOME`, `DESCRICAO`, `CODGRUPO`, `CODMARCA`, `UNIDADE`, `ATIVO`, `RESPINCLUSAO`, `DATAINCLUSAO`, `RESPALTERACAO`, `DATAALTERACAO`, `EXCLUIDO`, `CODDEPARTAMENTO`) VALUES
	(1, 'Abridor de Boca ', ' ', 5, 47, 'UNIDADE', '1', 'RODRIGO DIEGO', '2019-01-10 00:00:00', '', '0000-00-00 00:00:00', 'N', 1),
	(2, 'Acido fosforico 37%', ' ', 5, 47, 'UNIDADE', '1', 'RODRIGO DIEGO', '2019-01-10 00:00:00', '', '0000-00-00 00:00:00', 'N', 1),
	(3, 'Adaptador Alta/Baixa Rotação', ' ', 5, 47, 'UNIDADE', '1', 'RODRIGO DIEGO', '2019-01-10 00:00:00', '', '0000-00-00 00:00:00', 'N', 1),
	(4, 'Adesivo Single Bond', ' ', 5, 47, 'UNIDADE', '1', 'RODRIGO DIEGO', '2019-01-10 00:00:00', '', '0000-00-00 00:00:00', 'N', 1),
	(5, 'Afastador de Minesota', ' ', 5, 47, 'UNIDADE', '1', 'RODRIGO DIEGO', '2019-01-10 00:00:00', '', '0000-00-00 00:00:00', 'N', 1),
	(6, 'Água Oxigenada', ' ', 5, 47, 'UNIDADE', '1', 'RODRIGO DIEGO', '2019-01-10 00:00:00', '', '0000-00-00 00:00:00', 'N', 1),
	(7, 'Agulha Gengival Curta', ' ', 5, 47, 'CX', '1', 'RODRIGO DIEGO', '2019-01-10 00:00:00', '', '0000-00-00 00:00:00', 'N', 1),
	(8, 'Agulha Gengival Longa', ' ', 5, 47, 'CX', '1', 'RODRIGO DIEGO', '2019-01-10 00:00:00', '', '0000-00-00 00:00:00', 'N', 1),
	(9, 'Alavanca Apical DIREITA', ' ', 5, 47, 'UNIDADE', '1', 'RODRIGO DIEGO', '2019-01-10 00:00:00', '', '0000-00-00 00:00:00', 'N', 1),
	(10, 'Alavanca Apical ESQUERDA', ' ', 5, 47, 'UNIDADE', '1', 'RODRIGO DIEGO', '2019-01-10 00:00:00', '', '0000-00-00 00:00:00', 'N', 1),
	(11, 'Alavanca Apical RETA', ' ', 5, 47, 'UNIDADE', '1', 'RODRIGO DIEGO', '2019-01-10 00:00:00', '', '0000-00-00 00:00:00', 'N', 1),
	(12, 'Alavanca Seldim DIREITA', ' ', 5, 47, 'UNIDADE', '1', 'RODRIGO DIEGO', '2019-01-10 00:00:00', '', '0000-00-00 00:00:00', 'N', 1),
	(13, 'Alavanca seldim ESQUERDA', ' ', 5, 47, 'UNIDADE', '1', 'RODRIGO DIEGO', '2019-01-10 00:00:00', '', '0000-00-00 00:00:00', 'N', 1),
	(14, 'Alavanca Seldim RETA', ' ', 5, 47, 'UNIDADE', '1', 'RODRIGO DIEGO', '2019-01-10 00:00:00', '', '0000-00-00 00:00:00', 'N', 1),
	(15, 'Alveolotomo infantil', ' ', 5, 47, 'UNIDADE', '1', 'RODRIGO DIEGO', '2019-01-10 00:00:00', '', '0000-00-00 00:00:00', 'N', 1),
	(16, 'Amálgama', ' ', 5, 47, 'CP', '1', 'RODRIGO DIEGO', '2019-01-10 00:00:00', '', '0000-00-00 00:00:00', 'N', 1),
	(17, 'Anestesico CITANEST 3%', ' ', 5, 47, 'CX', '1', 'RODRIGO DIEGO', '2019-01-10 00:00:00', '', '0000-00-00 00:00:00', 'N', 1),
	(18, 'Anestesico COM vaso LIDOCAÍNA 2%', ' ', 5, 47, 'CX', '1', 'RODRIGO DIEGO', '2019-01-10 00:00:00', '', '0000-00-00 00:00:00', 'N', 1),
	(19, 'Anestesico MEPVALEM', ' ', 5, 47, 'CX', '1', 'RODRIGO DIEGO', '2019-01-10 00:00:00', '', '0000-00-00 00:00:00', 'N', 1),
	(20, 'Anestésico Tópico BENZOTOP', ' ', 5, 47, 'FRASCO', '1', 'RODRIGO DIEGO', '2019-01-10 00:00:00', '', '0000-00-00 00:00:00', 'N', 1),
	(21, 'Anestesico Xylestesin 2% SEM vaso', ' ', 5, 47, 'CX', '1', 'RODRIGO DIEGO', '2019-01-10 00:00:00', '', '0000-00-00 00:00:00', 'N', 1),
	(22, 'Antisseptico Bucal', ' ', 5, 47, 'FRASCO', '1', 'RODRIGO DIEGO', '2019-01-10 00:00:00', '', '0000-00-00 00:00:00', 'N', 1),
	(23, 'Aplicador de Hidroxido de Calcio', ' ', 5, 47, 'UNIDADE', '1', 'RODRIGO DIEGO', '2019-01-10 00:00:00', '', '0000-00-00 00:00:00', 'N', 1),
	(24, 'Arco p/ isolamento', ' ', 5, 47, 'UNIDADE', '1', 'RODRIGO DIEGO', '2019-01-10 00:00:00', '', '0000-00-00 00:00:00', 'N', 1),
	(25, 'Aveolex', ' ', 5, 47, 'UNIDADE', '1', 'RODRIGO DIEGO', '2019-01-10 00:00:00', '', '0000-00-00 00:00:00', 'N', 1),
	(26, 'Babador Odontológico', ' ', 5, 47, 'PACOTE', '1', 'RODRIGO DIEGO', '2019-01-10 00:00:00', '', '0000-00-00 00:00:00', 'N', 1),
	(27, 'Bandeija Odontologica 22x12 10cm', ' ', 5, 47, 'UNIDADE', '1', 'RODRIGO DIEGO', '2019-01-10 00:00:00', '', '0000-00-00 00:00:00', 'N', 1),
	(28, 'Bandeija p/ Ultrassom', ' ', 5, 47, 'UNIDADE', '1', 'RODRIGO DIEGO', '2019-01-10 00:00:00', '', '0000-00-00 00:00:00', 'N', 1),
	(29, 'Bandeijas odontologicas 24x18 1,5 cm', ' ', 5, 47, 'UNIDADE', '1', 'RODRIGO DIEGO', '2019-01-10 00:00:00', '', '0000-00-00 00:00:00', 'N', 1),
	(30, 'Bicarbonato de Sódio', ' ', 5, 47, 'FRASCO', '1', 'RODRIGO DIEGO', '2019-01-10 00:00:00', '', '0000-00-00 00:00:00', 'N', 1),
	(31, 'Broca 1/4', ' ', 5, 47, 'UNIDADE', '1', 'RODRIGO DIEGO', '2019-01-10 00:00:00', '', '0000-00-00 00:00:00', 'N', 1),
	(32, 'Broca 1019 HL', ' ', 5, 47, 'UNIDADE', '1', 'RODRIGO DIEGO', '2019-01-10 00:00:00', '', '0000-00-00 00:00:00', 'N', 1),
	(33, 'Broca Carbide 1112F', ' ', 5, 47, 'UNIDADE', '1', 'RODRIGO DIEGO', '2019-01-10 00:00:00', '', '0000-00-00 00:00:00', 'N', 1),
	(34, 'Broca Carbide Longa', ' ', 5, 47, 'UNIDADE', '1', 'RODRIGO DIEGO', '2019-01-10 00:00:00', '', '0000-00-00 00:00:00', 'N', 1),
	(35, 'Broca Carbide Longa', ' ', 5, 47, 'UNIDADE', '1', 'RODRIGO DIEGO', '2019-01-10 00:00:00', '', '0000-00-00 00:00:00', 'N', 1),
	(36, 'Broca diamanatada 1015', ' ', 5, 47, 'UNIDADE', '1', 'RODRIGO DIEGO', '2019-01-10 00:00:00', '', '0000-00-00 00:00:00', 'N', 1),
	(37, 'Broca diamantada 1011', ' ', 5, 47, 'UNIDADE', '1', 'RODRIGO DIEGO', '2019-01-10 00:00:00', '', '0000-00-00 00:00:00', 'N', 1),
	(38, 'Broca diamantada 1011 HL', ' ', 5, 47, 'UNIDADE', '1', 'RODRIGO DIEGO', '2019-01-10 00:00:00', '', '0000-00-00 00:00:00', 'N', 1),
	(39, 'Broca diamantada 1012', ' ', 5, 47, 'UNIDADE', '1', 'RODRIGO DIEGO', '2019-01-10 00:00:00', '', '0000-00-00 00:00:00', 'N', 1),
	(40, 'Broca diamantada 1013', ' ', 5, 47, 'UNIDADE', '1', 'RODRIGO DIEGO', '2019-01-10 00:00:00', '', '0000-00-00 00:00:00', 'N', 1),
	(41, 'Broca diamantada 1014 HL', ' ', 5, 47, 'UNIDADE', '1', 'RODRIGO DIEGO', '2019-01-10 00:00:00', '', '0000-00-00 00:00:00', 'N', 1),
	(42, 'Broca diamantada 1016', ' ', 5, 47, 'UNIDADE', '1', 'RODRIGO DIEGO', '2019-01-10 00:00:00', '', '0000-00-00 00:00:00', 'N', 1),
	(43, 'Broca diamantada 1016 HL', ' ', 5, 47, 'UNIDADE', '1', 'RODRIGO DIEGO', '2019-01-10 00:00:00', '', '0000-00-00 00:00:00', 'N', 1),
	(44, 'Broca diamantada 1018 HL', ' ', 5, 47, 'UNIDADE', '1', 'RODRIGO DIEGO', '2019-01-10 00:00:00', '', '0000-00-00 00:00:00', 'N', 1),
	(45, 'Broca diamantada 1031', ' ', 5, 47, 'UNIDADE', '1', 'RODRIGO DIEGO', '2019-01-10 00:00:00', '', '0000-00-00 00:00:00', 'N', 1),
	(46, 'Broca diamantada 1032', ' ', 5, 47, 'UNIDADE', '1', 'RODRIGO DIEGO', '2019-01-10 00:00:00', '', '0000-00-00 00:00:00', 'N', 1),
	(47, 'Broca diamantada 1033', ' ', 5, 47, 'UNIDADE', '1', 'RODRIGO DIEGO', '2019-01-10 00:00:00', '', '0000-00-00 00:00:00', 'N', 1),
	(48, 'Broca diamantada 1034', ' ', 5, 47, 'UNIDADE', '1', 'RODRIGO DIEGO', '2019-01-10 00:00:00', '', '0000-00-00 00:00:00', 'N', 1),
	(49, 'Broca diamantada 1042', ' ', 5, 47, 'UNIDADE', '1', 'RODRIGO DIEGO', '2019-01-10 00:00:00', '', '0000-00-00 00:00:00', 'N', 1),
	(50, 'Broca diamantada 1043', ' ', 5, 47, 'UNIDADE', '1', 'RODRIGO DIEGO', '2019-01-10 00:00:00', '', '0000-00-00 00:00:00', 'N', 1),
	(51, 'Broca diamantada 1090', ' ', 5, 47, 'UNIDADE', '1', 'RODRIGO DIEGO', '2019-01-10 00:00:00', '', '0000-00-00 00:00:00', 'N', 1),
	(52, 'Broca diamantada 1091', ' ', 5, 47, 'UNIDADE', '1', 'RODRIGO DIEGO', '2019-01-10 00:00:00', '', '0000-00-00 00:00:00', 'N', 1),
	(53, 'Broca diamantada 1092', ' ', 5, 47, 'UNIDADE', '1', 'RODRIGO DIEGO', '2019-01-10 00:00:00', '', '0000-00-00 00:00:00', 'N', 1),
	(54, 'Broca diamantada 1190', ' ', 5, 47, 'UNIDADE', '1', 'RODRIGO DIEGO', '2019-01-10 00:00:00', '', '0000-00-00 00:00:00', 'N', 1),
	(55, 'Broca diamantada 1190 F', ' ', 5, 47, 'UNIDADE', '1', 'RODRIGO DIEGO', '2019-01-10 00:00:00', '', '0000-00-00 00:00:00', 'N', 1),
	(56, 'Broca diamantada 2134', ' ', 5, 47, 'UNIDADE', '1', 'RODRIGO DIEGO', '2019-01-10 00:00:00', '', '0000-00-00 00:00:00', 'N', 1),
	(57, 'Broca diamantada 2200', ' ', 5, 47, 'UNIDADE', '1', 'RODRIGO DIEGO', '2019-01-10 00:00:00', '', '0000-00-00 00:00:00', 'N', 1),
	(58, 'Broca diamantada 3017', ' ', 5, 47, 'UNIDADE', '1', 'RODRIGO DIEGO', '2019-01-10 00:00:00', '', '0000-00-00 00:00:00', 'N', 1),
	(59, 'Broca diamantada 3082', ' ', 5, 47, 'UNIDADE', '1', 'RODRIGO DIEGO', '2019-01-10 00:00:00', '', '0000-00-00 00:00:00', 'N', 1),
	(60, 'Broca diamantada 3118', ' ', 5, 47, 'UNIDADE', '1', 'RODRIGO DIEGO', '2019-01-10 00:00:00', '', '0000-00-00 00:00:00', 'N', 1),
	(61, 'Broca diamantada 3159', ' ', 5, 47, 'UNIDADE', '1', 'RODRIGO DIEGO', '2019-01-10 00:00:00', '', '0000-00-00 00:00:00', 'N', 1),
	(62, 'Broca diamantada 3168', ' ', 5, 47, 'UNIDADE', '1', 'RODRIGO DIEGO', '2019-01-10 00:00:00', '', '0000-00-00 00:00:00', 'N', 1),
	(63, 'Broca diamantada 3195', ' ', 5, 47, 'UNIDADE', '1', 'RODRIGO DIEGO', '2019-01-10 00:00:00', '', '0000-00-00 00:00:00', 'N', 1),
	(64, 'Broca diamantada 3200', ' ', 5, 47, 'UNIDADE', '1', 'RODRIGO DIEGO', '2019-01-10 00:00:00', '', '0000-00-00 00:00:00', 'N', 1),
	(65, 'Broca Diamantada Curta', ' ', 5, 47, 'UNIDADE', '1', 'RODRIGO DIEGO', '2019-01-10 00:00:00', '', '0000-00-00 00:00:00', 'N', 1),
	(66, 'Broca Diamantada Longa', ' ', 5, 47, 'UNIDADE', '1', 'RODRIGO DIEGO', '2019-01-10 00:00:00', '', '0000-00-00 00:00:00', 'N', 1),
	(67, 'Broca diamantada1012', ' ', 5, 47, 'UNIDADE', '1', 'RODRIGO DIEGO', '2019-01-10 00:00:00', '', '0000-00-00 00:00:00', 'N', 1),
	(68, 'Broca diamantada1014', ' ', 5, 47, 'UNIDADE', '1', 'RODRIGO DIEGO', '2019-01-10 00:00:00', '', '0000-00-00 00:00:00', 'N', 1),
	(69, 'Broca diamantada1093', ' ', 5, 47, 'UNIDADE', '1', 'RODRIGO DIEGO', '2019-01-10 00:00:00', '', '0000-00-00 00:00:00', 'N', 1),
	(70, 'Broca FG 07', ' ', 5, 47, 'UNIDADE', '1', 'RODRIGO DIEGO', '2019-01-10 00:00:00', '', '0000-00-00 00:00:00', 'N', 1),
	(71, 'Broca FG 08', ' ', 5, 47, 'UNIDADE', '1', 'RODRIGO DIEGO', '2019-01-10 00:00:00', '', '0000-00-00 00:00:00', 'N', 1),
	(72, 'Broca FG 1', ' ', 5, 47, 'UNIDADE', '1', 'RODRIGO DIEGO', '2019-01-10 00:00:00', '', '0000-00-00 00:00:00', 'N', 1),
	(73, 'Broca FG 1/2', ' ', 5, 47, 'UNIDADE', '1', 'RODRIGO DIEGO', '2019-01-10 00:00:00', '', '0000-00-00 00:00:00', 'N', 1),
	(74, 'Broca FG 3098', ' ', 5, 47, 'UNIDADE', '1', 'RODRIGO DIEGO', '2019-01-10 00:00:00', '', '0000-00-00 00:00:00', 'N', 1),
	(75, 'Broca FG 4', ' ', 5, 47, 'UNIDADE', '1', 'RODRIGO DIEGO', '2019-01-10 00:00:00', '', '0000-00-00 00:00:00', 'N', 1),
	(76, 'Broca FG 5', ' ', 5, 47, 'UNIDADE', '1', 'RODRIGO DIEGO', '2019-01-10 00:00:00', '', '0000-00-00 00:00:00', 'N', 1),
	(77, 'Broca FG 700', ' ', 5, 47, 'UNIDADE', '1', 'RODRIGO DIEGO', '2019-01-10 00:00:00', '', '0000-00-00 00:00:00', 'N', 1),
	(78, 'Broca FG 701', ' ', 5, 47, 'UNIDADE', '1', 'RODRIGO DIEGO', '2019-01-10 00:00:00', '', '0000-00-00 00:00:00', 'N', 1),
	(79, 'Broca FG 703', ' ', 5, 47, 'UNIDADE', '1', 'RODRIGO DIEGO', '2019-01-10 00:00:00', '', '0000-00-00 00:00:00', 'N', 1),
	(80, 'Broca FG1011', ' ', 5, 47, 'UNIDADE', '1', 'RODRIGO DIEGO', '2019-01-10 00:00:00', '', '0000-00-00 00:00:00', 'N', 1),
	(81, 'Broca FG1012', ' ', 5, 47, 'UNIDADE', '1', 'RODRIGO DIEGO', '2019-01-10 00:00:00', '', '0000-00-00 00:00:00', 'N', 1),
	(82, 'Broca FG1013', ' ', 5, 47, 'UNIDADE', '1', 'RODRIGO DIEGO', '2019-01-10 00:00:00', '', '0000-00-00 00:00:00', 'N', 1),
	(83, 'Broca FG1015', ' ', 5, 47, 'UNIDADE', '1', 'RODRIGO DIEGO', '2019-01-10 00:00:00', '', '0000-00-00 00:00:00', 'N', 1),
	(84, 'Broca FG1019', ' ', 5, 47, 'UNIDADE', '1', 'RODRIGO DIEGO', '2019-01-10 00:00:00', '', '0000-00-00 00:00:00', 'N', 1),
	(85, 'Broca FG1032', ' ', 5, 47, 'UNIDADE', '1', 'RODRIGO DIEGO', '2019-01-10 00:00:00', '', '0000-00-00 00:00:00', 'N', 1),
	(86, 'Broca FG1033', ' ', 5, 47, 'UNIDADE', '1', 'RODRIGO DIEGO', '2019-01-10 00:00:00', '', '0000-00-00 00:00:00', 'N', 1),
	(87, 'Broca FG1112', ' ', 5, 47, 'UNIDADE', '1', 'RODRIGO DIEGO', '2019-01-10 00:00:00', '', '0000-00-00 00:00:00', 'N', 1),
	(88, 'Broca FG2', ' ', 5, 47, 'UNIDADE', '1', 'RODRIGO DIEGO', '2019-01-10 00:00:00', '', '0000-00-00 00:00:00', 'N', 1),
	(89, 'Broca FG6', ' ', 5, 47, 'UNIDADE', '1', 'RODRIGO DIEGO', '2019-01-10 00:00:00', '', '0000-00-00 00:00:00', 'N', 1),
	(90, 'Broca FG702', ' ', 5, 47, 'UNIDADE', '1', 'RODRIGO DIEGO', '2019-01-10 00:00:00', '', '0000-00-00 00:00:00', 'N', 1),
	(91, 'Broca Lentulo 25mm', ' ', 5, 47, 'UNIDADE', '1', 'RODRIGO DIEGO', '2019-01-10 00:00:00', '', '0000-00-00 00:00:00', 'N', 1),
	(92, 'Broca zecrya FG curta ', ' ', 5, 47, 'UNIDADE', '1', 'RODRIGO DIEGO', '2019-01-10 00:00:00', '', '0000-00-00 00:00:00', 'N', 1),
	(93, 'Brocas carbide 1190F', ' ', 5, 47, 'UNIDADE', '1', 'RODRIGO DIEGO', '2019-01-10 00:00:00', '', '0000-00-00 00:00:00', 'N', 1),
	(94, 'Brocas Gates nº 2', ' ', 5, 47, 'UNIDADE', '1', 'RODRIGO DIEGO', '2019-01-10 00:00:00', '', '0000-00-00 00:00:00', 'N', 1),
	(95, 'Brocas Gates nº 3', ' ', 5, 47, 'UNIDADE', '1', 'RODRIGO DIEGO', '2019-01-10 00:00:00', '', '0000-00-00 00:00:00', 'N', 1),
	(96, 'Brocas Largo n°1', ' ', 5, 47, 'UNIDADE', '1', 'RODRIGO DIEGO', '2019-01-10 00:00:00', '', '0000-00-00 00:00:00', 'N', 1),
	(97, 'Brocas Lecrya 10x5', ' ', 5, 47, 'UNIDADE', '1', 'RODRIGO DIEGO', '2019-01-10 00:00:00', '', '0000-00-00 00:00:00', 'N', 1),
	(98, 'Brocas Vulcanite', ' ', 5, 47, 'UNIDADE', '1', 'RODRIGO DIEGO', '2019-01-10 00:00:00', '', '0000-00-00 00:00:00', 'N', 1),
	(99, 'Broqueiro 15 furos', ' ', 5, 47, 'UNIDADE', '1', 'RODRIGO DIEGO', '2019-01-10 00:00:00', '', '0000-00-00 00:00:00', 'N', 1),
	(100, 'Broqueiro 60 furos', ' ', 5, 47, 'UNIDADE', '1', 'RODRIGO DIEGO', '2019-01-10 00:00:00', '', '0000-00-00 00:00:00', 'N', 1),
	(101, 'Brunidor de Amalgama N° 3', ' ', 5, 47, 'UNIDADE', '1', 'RODRIGO DIEGO', '2019-01-10 00:00:00', '', '0000-00-00 00:00:00', 'N', 1),
	(102, 'Brunidor de Amalgama Nº 33 ', ' ', 5, 47, 'UNIDADE', '1', 'RODRIGO DIEGO', '2019-01-10 00:00:00', '', '0000-00-00 00:00:00', 'N', 1),
	(103, 'Brunidor de Amalgama Nº 4', ' ', 5, 47, 'UNIDADE', '1', 'RODRIGO DIEGO', '2019-01-10 00:00:00', '', '0000-00-00 00:00:00', 'N', 1),
	(104, 'Cabo de Bisturi Nº 3', ' ', 5, 47, 'UNIDADE', '1', 'RODRIGO DIEGO', '2019-01-10 00:00:00', '', '0000-00-00 00:00:00', 'N', 1),
	(105, 'Cabo para Espelho Odontologico', ' ', 5, 47, 'UNIDADE', '1', 'RODRIGO DIEGO', '2019-01-10 00:00:00', '', '0000-00-00 00:00:00', 'N', 1),
	(106, 'Calcador de Paiva nº 01', ' ', 5, 47, 'UNIDADE', '1', 'RODRIGO DIEGO', '2019-01-10 00:00:00', '', '0000-00-00 00:00:00', 'N', 1),
	(107, 'Calcador de Paiva nº 02', ' ', 5, 47, 'UNIDADE', '1', 'RODRIGO DIEGO', '2019-01-10 00:00:00', '', '0000-00-00 00:00:00', 'N', 1),
	(108, 'Calcador de Paiva nº 03', ' ', 5, 47, 'UNIDADE', '1', 'RODRIGO DIEGO', '2019-01-10 00:00:00', '', '0000-00-00 00:00:00', 'N', 1),
	(109, 'Caneta de alta rotação', ' ', 5, 47, 'UNIDADE', '1', 'RODRIGO DIEGO', '2019-01-10 00:00:00', '', '0000-00-00 00:00:00', 'N', 1),
	(110, 'Canula de sucção', ' ', 5, 47, 'UNIDADE', '1', 'RODRIGO DIEGO', '2019-01-10 00:00:00', '', '0000-00-00 00:00:00', 'N', 1),
	(111, 'Capa pra Ultrassom', ' ', 5, 47, 'UNIDADE', '1', 'RODRIGO DIEGO', '2019-01-10 00:00:00', '', '0000-00-00 00:00:00', 'N', 1),
	(112, 'Carpule', ' ', 5, 47, 'UNIDADE', '1', 'RODRIGO DIEGO', '2019-01-10 00:00:00', '', '0000-00-00 00:00:00', 'N', 1),
	(113, 'Cimento á base de oxifosfato de zinco', ' ', 5, 47, 'UNIDADE', '1', 'RODRIGO DIEGO', '2019-01-10 00:00:00', '', '0000-00-00 00:00:00', 'N', 1),
	(114, 'Cimento cirurgico kit base + catalizador', ' ', 5, 47, 'UNIDADE', '1', 'RODRIGO DIEGO', '2019-01-10 00:00:00', '', '0000-00-00 00:00:00', 'N', 1),
	(115, 'Cimento restaurador temporario provisório ', ' ', 5, 47, 'UNIDADE', '1', 'RODRIGO DIEGO', '2019-01-10 00:00:00', '', '0000-00-00 00:00:00', 'N', 1),
	(116, 'Clorexidine 0,12%', ' ', 5, 47, 'FRASCO', '1', 'RODRIGO DIEGO', '2019-01-10 00:00:00', '', '0000-00-00 00:00:00', 'N', 1),
	(117, 'Clorexidine 2%', ' ', 5, 47, 'FRASCO', '1', 'RODRIGO DIEGO', '2019-01-10 00:00:00', '', '0000-00-00 00:00:00', 'N', 1),
	(118, 'Conj.escova/esponja c/ clorexidina ', ' ', 5, 47, 'UNIDADE', '1', 'RODRIGO DIEGO', '2019-01-10 00:00:00', '', '0000-00-00 00:00:00', 'N', 1),
	(119, 'Contra ângulo', ' ', 5, 47, 'UNIDADE', '1', 'RODRIGO DIEGO', '2019-01-10 00:00:00', '', '0000-00-00 00:00:00', 'N', 1),
	(120, 'Creme Dental Buble Kit Escolar', ' ', 5, 47, 'UNIDADE', '1', 'RODRIGO DIEGO', '2019-01-10 00:00:00', '', '0000-00-00 00:00:00', 'N', 1),
	(121, 'Cuba odontologica', ' ', 5, 47, 'UNIDADE', '1', 'RODRIGO DIEGO', '2019-01-10 00:00:00', '', '0000-00-00 00:00:00', 'N', 1),
	(122, 'Cunha Anatômica', ' ', 5, 47, 'UNIDADE', '1', 'RODRIGO DIEGO', '2019-01-10 00:00:00', '', '0000-00-00 00:00:00', 'N', 1),
	(123, 'Cunha de madeira', ' ', 5, 47, 'UNIDADE', '1', 'RODRIGO DIEGO', '2019-01-10 00:00:00', '', '0000-00-00 00:00:00', 'N', 1),
	(124, 'Cureta de Dentina n° 02', ' ', 5, 47, 'UNIDADE', '1', 'RODRIGO DIEGO', '2019-01-10 00:00:00', '', '0000-00-00 00:00:00', 'N', 1),
	(125, 'Cureta de Dentina nº 11', ' ', 5, 47, 'UNIDADE', '1', 'RODRIGO DIEGO', '2019-01-10 00:00:00', '', '0000-00-00 00:00:00', 'N', 1),
	(126, 'Cureta de Dentina nº 14', ' ', 5, 47, 'UNIDADE', '1', 'RODRIGO DIEGO', '2019-01-10 00:00:00', '', '0000-00-00 00:00:00', 'N', 1),
	(127, 'Cureta de Dentina nº 19', ' ', 5, 47, 'UNIDADE', '1', 'RODRIGO DIEGO', '2019-01-10 00:00:00', '', '0000-00-00 00:00:00', 'N', 1),
	(128, 'Cureta de Lucas 85', ' ', 5, 47, 'UNIDADE', '1', 'RODRIGO DIEGO', '2019-01-10 00:00:00', '', '0000-00-00 00:00:00', 'N', 1),
	(129, 'Cureta de Lucas 86', ' ', 5, 47, 'UNIDADE', '1', 'RODRIGO DIEGO', '2019-01-10 00:00:00', '', '0000-00-00 00:00:00', 'N', 1),
	(130, 'Cureta Gracey 11-12', ' ', 5, 47, 'UNIDADE', '1', 'RODRIGO DIEGO', '2019-01-10 00:00:00', '', '0000-00-00 00:00:00', 'N', 1),
	(131, 'Cureta Gracey 15-16', ' ', 5, 47, 'UNIDADE', '1', 'RODRIGO DIEGO', '2019-01-10 00:00:00', '', '0000-00-00 00:00:00', 'N', 1),
	(132, 'Cureta Gracey 17-18', ' ', 5, 47, 'UNIDADE', '1', 'RODRIGO DIEGO', '2019-01-10 00:00:00', '', '0000-00-00 00:00:00', 'N', 1),
	(133, 'Cureta Gracey 5-6', ' ', 5, 47, 'UNIDADE', '1', 'RODRIGO DIEGO', '2019-01-10 00:00:00', '', '0000-00-00 00:00:00', 'N', 1),
	(134, 'Cureta Gracey 7-8', ' ', 5, 47, 'UNIDADE', '1', 'RODRIGO DIEGO', '2019-01-10 00:00:00', '', '0000-00-00 00:00:00', 'N', 1),
	(135, 'Cureta Gracey 9-10', ' ', 5, 47, 'UNIDADE', '1', 'RODRIGO DIEGO', '2019-01-10 00:00:00', '', '0000-00-00 00:00:00', 'N', 1),
	(136, 'Cureta Gracey13-14', ' ', 5, 47, 'UNIDADE', '1', 'RODRIGO DIEGO', '2019-01-10 00:00:00', '', '0000-00-00 00:00:00', 'N', 1),
	(137, 'Cureta longa de pulpotomia 2', ' ', 5, 47, 'UNIDADE', '1', 'RODRIGO DIEGO', '2019-01-10 00:00:00', '', '0000-00-00 00:00:00', 'N', 1),
	(138, 'Cureta Longa n°2', ' ', 5, 47, 'UNIDADE', '1', 'RODRIGO DIEGO', '2019-01-10 00:00:00', '', '0000-00-00 00:00:00', 'N', 1),
	(139, 'Cureta McCall 10', ' ', 5, 47, 'UNIDADE', '1', 'RODRIGO DIEGO', '2019-01-10 00:00:00', '', '0000-00-00 00:00:00', 'N', 1),
	(140, 'Cureta McCall 17-18', ' ', 5, 47, 'UNIDADE', '1', 'RODRIGO DIEGO', '2019-01-10 00:00:00', '', '0000-00-00 00:00:00', 'N', 1),
	(141, 'Dente artificiais TRILUX A3', ' ', 5, 47, 'UNIDADE', '1', 'RODRIGO DIEGO', '2019-01-10 00:00:00', '', '0000-00-00 00:00:00', 'N', 1),
	(142, 'Dentes artificiais TRILUX A2', ' ', 5, 47, 'UNIDADE', '1', 'RODRIGO DIEGO', '2019-01-10 00:00:00', '', '0000-00-00 00:00:00', 'N', 1),
	(143, 'Descolador de Molt', ' ', 5, 47, 'UNIDADE', '1', 'RODRIGO DIEGO', '2019-01-10 00:00:00', '', '0000-00-00 00:00:00', 'N', 1),
	(144, 'Dical ou Hidro c (Hidróxido de Cálcio)', ' ', 5, 47, 'UNIDADE', '1', 'RODRIGO DIEGO', '2019-01-10 00:00:00', '', '0000-00-00 00:00:00', 'N', 1),
	(145, 'Disco de carburundum', ' ', 5, 47, 'UNIDADE', '1', 'RODRIGO DIEGO', '2019-01-10 00:00:00', '', '0000-00-00 00:00:00', 'N', 1),
	(146, 'Disco de Lixa Diamantado 1,2 \'\'', ' ', 5, 47, 'UNIDADE', '1', 'RODRIGO DIEGO', '2019-01-10 00:00:00', '', '0000-00-00 00:00:00', 'N', 1),
	(147, 'Disco de Lixa Diamantado 1,4 \'\'', ' ', 5, 47, 'UNIDADE', '1', 'RODRIGO DIEGO', '2019-01-10 00:00:00', '', '0000-00-00 00:00:00', 'N', 1),
	(148, 'Disco de Lixa Diamantado 3,8 \'\'', ' ', 5, 47, 'UNIDADE', '1', 'RODRIGO DIEGO', '2019-01-10 00:00:00', '', '0000-00-00 00:00:00', 'N', 1),
	(149, 'Disco sof-lex-pop-On', ' ', 5, 47, 'UNIDADE', '1', 'RODRIGO DIEGO', '2019-01-10 00:00:00', '', '0000-00-00 00:00:00', 'N', 1),
	(150, 'Endo-Ice', ' ', 5, 47, 'UNIDADE', '1', 'RODRIGO DIEGO', '2019-01-10 00:00:00', '', '0000-00-00 00:00:00', 'N', 1),
	(151, 'Enhance KIT DE POLIMENTO', ' ', 5, 47, 'CX', '1', 'RODRIGO DIEGO', '2019-01-10 00:00:00', '', '0000-00-00 00:00:00', 'N', 1),
	(152, 'Escavador n°11', ' ', 5, 47, 'UNIDADE', '1', 'RODRIGO DIEGO', '2019-01-10 00:00:00', '', '0000-00-00 00:00:00', 'N', 1),
	(153, 'Escavador n°19', ' ', 5, 47, 'UNIDADE', '1', 'RODRIGO DIEGO', '2019-01-10 00:00:00', '', '0000-00-00 00:00:00', 'N', 1),
	(154, 'Escova de Robinson', ' ', 5, 47, 'UNIDADE', '1', 'RODRIGO DIEGO', '2019-01-10 00:00:00', '', '0000-00-00 00:00:00', 'N', 1),
	(155, 'Espatula de Madeira', ' ', 5, 47, 'PACOTE', '1', 'RODRIGO DIEGO', '2019-01-10 00:00:00', '', '0000-00-00 00:00:00', 'N', 1),
	(156, 'Espatula de Resina n° 1', ' ', 5, 47, 'UNIDADE', '1', 'RODRIGO DIEGO', '2019-01-10 00:00:00', '', '0000-00-00 00:00:00', 'N', 1),
	(157, 'Espatula de resina n° 2', ' ', 5, 47, 'UNIDADE', '1', 'RODRIGO DIEGO', '2019-01-10 00:00:00', '', '0000-00-00 00:00:00', 'N', 1),
	(158, 'Espatula de Resina n°3', ' ', 5, 47, 'UNIDADE', '1', 'RODRIGO DIEGO', '2019-01-10 00:00:00', '', '0000-00-00 00:00:00', 'N', 1),
	(159, 'Espatula de Resina n°4', ' ', 5, 47, 'UNIDADE', '1', 'RODRIGO DIEGO', '2019-01-10 00:00:00', '', '0000-00-00 00:00:00', 'N', 1),
	(160, 'Espátula Holemback                       ', ' ', 5, 47, 'UNIDADE', '1', 'RODRIGO DIEGO', '2019-01-10 00:00:00', '', '0000-00-00 00:00:00', 'N', 1),
	(161, 'Espatula n°24', ' ', 5, 47, 'UNIDADE', '1', 'RODRIGO DIEGO', '2019-01-10 00:00:00', '', '0000-00-00 00:00:00', 'N', 1),
	(162, 'Espatula n°70', ' ', 5, 47, 'UNIDADE', '1', 'RODRIGO DIEGO', '2019-01-10 00:00:00', '', '0000-00-00 00:00:00', 'N', 1),
	(163, 'Espatula nº 07 Dupla', ' ', 5, 47, 'UNIDADE', '1', 'RODRIGO DIEGO', '2019-01-10 00:00:00', '', '0000-00-00 00:00:00', 'N', 1),
	(164, 'Espatula nº 36', ' ', 5, 47, 'UNIDADE', '1', 'RODRIGO DIEGO', '2019-01-10 00:00:00', '', '0000-00-00 00:00:00', 'N', 1),
	(165, 'Espatula Universal', ' ', 5, 47, 'UNIDADE', '1', 'RODRIGO DIEGO', '2019-01-10 00:00:00', '', '0000-00-00 00:00:00', 'N', 1),
	(166, 'Espelho " DENTE" P', ' ', 5, 47, 'UNIDADE', '1', 'RODRIGO DIEGO', '2019-01-10 00:00:00', '', '0000-00-00 00:00:00', 'N', 1),
	(167, 'Espelho "DENTE" G', ' ', 5, 47, 'UNIDADE', '1', 'RODRIGO DIEGO', '2019-01-10 00:00:00', '', '0000-00-00 00:00:00', 'N', 1),
	(168, 'Espelho Clínico', ' ', 5, 47, 'UNIDADE', '1', 'RODRIGO DIEGO', '2019-01-10 00:00:00', '', '0000-00-00 00:00:00', 'N', 1),
	(169, 'Esponja Heostatica', ' ', 5, 47, 'UNIDADE', '1', 'RODRIGO DIEGO', '2019-01-10 00:00:00', '', '0000-00-00 00:00:00', 'N', 1),
	(170, 'Estojo Perfurado 18x08x05', ' ', 5, 47, 'UNIDADE', '1', 'RODRIGO DIEGO', '2019-01-10 00:00:00', '', '0000-00-00 00:00:00', 'N', 1),
	(171, 'Estojo Perfurado 26x12x06', ' ', 5, 47, 'UNIDADE', '1', 'RODRIGO DIEGO', '2019-01-10 00:00:00', '', '0000-00-00 00:00:00', 'N', 1),
	(172, 'Eugenol', ' ', 5, 47, 'FRASCO', '1', 'RODRIGO DIEGO', '2019-01-10 00:00:00', '', '0000-00-00 00:00:00', 'N', 1),
	(173, 'Evidenciador de Placas', ' ', 5, 47, 'UNIDADE', '1', 'RODRIGO DIEGO', '2019-01-10 00:00:00', '', '0000-00-00 00:00:00', 'N', 1),
	(174, 'Fio Agulhado de Seda', ' ', 5, 47, 'CX', '1', 'RODRIGO DIEGO', '2019-01-10 00:00:00', '', '0000-00-00 00:00:00', 'N', 1),
	(175, 'Fio de Agulhado de Nylon', ' ', 5, 47, 'CX', '1', 'RODRIGO DIEGO', '2019-01-10 00:00:00', '', '0000-00-00 00:00:00', 'N', 1),
	(176, 'Fio de Sutura de ABSORVIVEL', ' ', 5, 47, 'CX', '1', 'RODRIGO DIEGO', '2019-01-10 00:00:00', '', '0000-00-00 00:00:00', 'N', 1),
	(177, 'Fio de Sutura de Nylon', ' ', 5, 47, 'CX', '1', 'RODRIGO DIEGO', '2019-01-10 00:00:00', '', '0000-00-00 00:00:00', 'N', 1),
	(178, 'Fio de Sutura de Seda', ' ', 5, 47, 'CX', '1', 'RODRIGO DIEGO', '2019-01-10 00:00:00', '', '0000-00-00 00:00:00', 'N', 1),
	(179, 'Fio Dental', ' ', 5, 47, 'UNIDADE', '1', 'RODRIGO DIEGO', '2019-01-10 00:00:00', '', '0000-00-00 00:00:00', 'N', 1),
	(180, 'Fio retrator', ' ', 5, 47, 'UNIDADE', '1', 'RODRIGO DIEGO', '2019-01-10 00:00:00', '', '0000-00-00 00:00:00', 'N', 1),
	(181, 'Flúor Gel', ' ', 5, 47, 'FRASCO', '1', 'RODRIGO DIEGO', '2019-01-10 00:00:00', '', '0000-00-00 00:00:00', 'N', 1),
	(182, 'Forceps 150', ' ', 5, 47, 'UNIDADE', '1', 'RODRIGO DIEGO', '2019-01-10 00:00:00', '', '0000-00-00 00:00:00', 'N', 1),
	(183, 'Forceps 18 R e 18 L', ' ', 5, 47, 'UNIDADE', '1', 'RODRIGO DIEGO', '2019-01-10 00:00:00', '', '0000-00-00 00:00:00', 'N', 1),
	(184, 'Fórceps infantil n° 18 R', ' ', 5, 47, 'UNIDADE', '1', 'RODRIGO DIEGO', '2019-01-10 00:00:00', '', '0000-00-00 00:00:00', 'N', 1),
	(185, 'Fórceps infantil n° 27', ' ', 5, 47, 'UNIDADE', '1', 'RODRIGO DIEGO', '2019-01-10 00:00:00', '', '0000-00-00 00:00:00', 'N', 1),
	(186, 'Fórceps infantil n° 69', ' ', 5, 47, 'UNIDADE', '1', 'RODRIGO DIEGO', '2019-01-10 00:00:00', '', '0000-00-00 00:00:00', 'N', 1),
	(187, 'Fórceps Infantil n°01', ' ', 5, 47, 'UNIDADE', '1', 'RODRIGO DIEGO', '2019-01-10 00:00:00', '', '0000-00-00 00:00:00', 'N', 1),
	(188, 'Fórceps infantil n°150', ' ', 5, 47, 'UNIDADE', '1', 'RODRIGO DIEGO', '2019-01-10 00:00:00', '', '0000-00-00 00:00:00', 'N', 1),
	(189, 'Fórceps infantil n°16', ' ', 5, 47, 'UNIDADE', '1', 'RODRIGO DIEGO', '2019-01-10 00:00:00', '', '0000-00-00 00:00:00', 'N', 1),
	(190, 'Fórceps infantil n°18 L', ' ', 5, 47, 'UNIDADE', '1', 'RODRIGO DIEGO', '2019-01-10 00:00:00', '', '0000-00-00 00:00:00', 'N', 1),
	(191, 'Fórceps n° 01', ' ', 5, 47, 'UNIDADE', '1', 'RODRIGO DIEGO', '2019-01-10 00:00:00', '', '0000-00-00 00:00:00', 'N', 1),
	(192, 'Forceps n° 16', ' ', 5, 47, 'UNIDADE', '1', 'RODRIGO DIEGO', '2019-01-10 00:00:00', '', '0000-00-00 00:00:00', 'N', 1),
	(193, 'Forceps n° 17', ' ', 5, 47, 'UNIDADE', '1', 'RODRIGO DIEGO', '2019-01-10 00:00:00', '', '0000-00-00 00:00:00', 'N', 1),
	(194, 'Fórceps n° 44', ' ', 5, 47, 'UNIDADE', '1', 'RODRIGO DIEGO', '2019-01-10 00:00:00', '', '0000-00-00 00:00:00', 'N', 1),
	(195, 'Fórceps n°151', ' ', 5, 47, 'UNIDADE', '1', 'RODRIGO DIEGO', '2019-01-10 00:00:00', '', '0000-00-00 00:00:00', 'N', 1),
	(196, 'Fórceps n°65', ' ', 5, 47, 'UNIDADE', '1', 'RODRIGO DIEGO', '2019-01-10 00:00:00', '', '0000-00-00 00:00:00', 'N', 1),
	(197, 'Fórceps n°69', ' ', 5, 47, 'UNIDADE', '1', 'RODRIGO DIEGO', '2019-01-10 00:00:00', '', '0000-00-00 00:00:00', 'N', 1),
	(198, 'Formocresol', ' ', 5, 47, 'FRASCO', '1', 'RODRIGO DIEGO', '2019-01-10 00:00:00', '', '0000-00-00 00:00:00', 'N', 1),
	(199, 'Fotopolimerizador (Aparelho) ', ' ', 5, 47, 'UNIDADE', '1', 'RODRIGO DIEGO', '2019-01-10 00:00:00', '', '0000-00-00 00:00:00', 'N', 1),
	(200, 'Germe Cin (desenfectante de superficie)', ' ', 5, 47, 'UNIDADE', '1', 'RODRIGO DIEGO', '2019-01-10 00:00:00', '', '0000-00-00 00:00:00', 'N', 1),
	(201, 'Gesso especial tipo IV', ' ', 5, 47, 'UNIDADE', '1', 'RODRIGO DIEGO', '2019-01-10 00:00:00', '', '0000-00-00 00:00:00', 'N', 1),
	(202, 'Grampo pra dique de borracha', ' ', 5, 47, 'UNIDADE', '1', 'RODRIGO DIEGO', '2019-01-10 00:00:00', '', '0000-00-00 00:00:00', 'N', 1),
	(203, 'Hemostatico Liquido', ' ', 5, 47, 'UNIDADE', '1', 'RODRIGO DIEGO', '2019-01-10 00:00:00', '', '0000-00-00 00:00:00', 'N', 1),
	(204, 'Hidroxido de Calcio P.A', ' ', 5, 47, 'FRASCO', '1', 'RODRIGO DIEGO', '2019-01-10 00:00:00', '', '0000-00-00 00:00:00', 'N', 1),
	(205, 'Insensor de Amalgama', ' ', 5, 47, 'UNIDADE', '1', 'RODRIGO DIEGO', '2019-01-10 00:00:00', '', '0000-00-00 00:00:00', 'N', 1),
	(206, 'Iodofórmio', ' ', 5, 47, 'FRASCO', '1', 'RODRIGO DIEGO', '2019-01-10 00:00:00', '', '0000-00-00 00:00:00', 'N', 1),
	(207, 'Ionômero de vidro F ', ' ', 5, 47, 'UNIDADE', '1', 'RODRIGO DIEGO', '2019-01-10 00:00:00', '', '0000-00-00 00:00:00', 'N', 1),
	(208, 'Ionomero de vidro R ', ' ', 5, 47, 'UNIDADE', '1', 'RODRIGO DIEGO', '2019-01-10 00:00:00', '', '0000-00-00 00:00:00', 'N', 1),
	(209, 'Ionomero de vidro R e F', ' ', 5, 47, 'CX', '1', 'RODRIGO DIEGO', '2019-01-10 00:00:00', '', '0000-00-00 00:00:00', 'N', 1),
	(210, 'IRM', ' ', 5, 47, 'FRASCO', '1', 'RODRIGO DIEGO', '2019-01-10 00:00:00', '', '0000-00-00 00:00:00', 'N', 1),
	(211, 'Jaleco Descartável TAM. G', ' ', 5, 47, 'UNIDADE', '1', 'RODRIGO DIEGO', '2019-01-10 00:00:00', '', '0000-00-00 00:00:00', 'N', 1),
	(212, 'Jaleco Descartável TAM. GG', ' ', 5, 47, 'UNIDADE', '1', 'RODRIGO DIEGO', '2019-01-10 00:00:00', '', '0000-00-00 00:00:00', 'N', 1),
	(213, 'Jaleco Descartável TAM. M', ' ', 5, 47, 'UNIDADE', '1', 'RODRIGO DIEGO', '2019-01-10 00:00:00', '', '0000-00-00 00:00:00', 'N', 1),
	(214, 'Jaleco Descartável TAM. P', ' ', 5, 47, 'UNIDADE', '1', 'RODRIGO DIEGO', '2019-01-10 00:00:00', '', '0000-00-00 00:00:00', 'N', 1),
	(215, 'kit de Polimento Microdont', ' ', 5, 47, 'KIT', '1', 'RODRIGO DIEGO', '2019-01-10 00:00:00', '', '0000-00-00 00:00:00', 'N', 1),
	(216, 'Kit de polimento pra amalgama', ' ', 5, 47, 'UNIDADE', '1', 'RODRIGO DIEGO', '2019-01-10 00:00:00', '', '0000-00-00 00:00:00', 'N', 1),
	(217, 'Lamina de Bisturi n°12', ' ', 5, 47, 'UNIDADE', '1', 'RODRIGO DIEGO', '2019-01-10 00:00:00', '', '0000-00-00 00:00:00', 'N', 1),
	(218, 'Lamina de Bisturi n°15', ' ', 5, 47, 'UNIDADE', '1', 'RODRIGO DIEGO', '2019-01-10 00:00:00', '', '0000-00-00 00:00:00', 'N', 1),
	(219, 'Lamina de Bisturi n°15 C', ' ', 5, 47, 'UNIDADE', '1', 'RODRIGO DIEGO', '2019-01-10 00:00:00', '', '0000-00-00 00:00:00', 'N', 1),
	(220, 'Lamparina de Hannau', ' ', 5, 47, 'UNIDADE', '1', 'RODRIGO DIEGO', '2019-01-10 00:00:00', '', '0000-00-00 00:00:00', 'N', 1),
	(221, 'Lecron nº 5', ' ', 5, 47, 'UNIDADE', '1', 'RODRIGO DIEGO', '2019-01-10 00:00:00', '', '0000-00-00 00:00:00', 'N', 1),
	(222, 'Lima 21 mm nº 6', ' ', 5, 47, 'UNIDADE', '1', 'RODRIGO DIEGO', '2019-01-10 00:00:00', '', '0000-00-00 00:00:00', 'N', 1),
	(223, 'Lima 25 mm nº8 ', ' ', 5, 47, 'CX', '1', 'RODRIGO DIEGO', '2019-01-10 00:00:00', '', '0000-00-00 00:00:00', 'N', 1),
	(224, 'Lima 31 mm 15/40', ' ', 5, 47, 'CX', '1', 'RODRIGO DIEGO', '2019-01-10 00:00:00', '', '0000-00-00 00:00:00', 'N', 1),
	(225, 'Limas 21 mm 45/80', ' ', 5, 47, 'CX', '1', 'RODRIGO DIEGO', '2019-01-10 00:00:00', '', '0000-00-00 00:00:00', 'N', 1),
	(226, 'Limas 21 mm nº 8', ' ', 5, 47, 'CX', '1', 'RODRIGO DIEGO', '2019-01-10 00:00:00', '', '0000-00-00 00:00:00', 'N', 1),
	(227, 'Limas 21 mm nº10', ' ', 5, 47, 'CX', '1', 'RODRIGO DIEGO', '2019-01-10 00:00:00', '', '0000-00-00 00:00:00', 'N', 1),
	(228, 'Limas 25 mm 15/40', ' ', 5, 47, 'CX', '1', 'RODRIGO DIEGO', '2019-01-10 00:00:00', '', '0000-00-00 00:00:00', 'N', 1),
	(229, 'Limas 25 mm nº10', ' ', 5, 47, 'CX', '1', 'RODRIGO DIEGO', '2019-01-10 00:00:00', '', '0000-00-00 00:00:00', 'N', 1),
	(230, 'Limas 25 mm nº45/80', ' ', 5, 47, 'CX', '1', 'RODRIGO DIEGO', '2019-01-10 00:00:00', '', '0000-00-00 00:00:00', 'N', 1),
	(231, 'Limas 25mm nº6', ' ', 5, 47, 'CX', '1', 'RODRIGO DIEGO', '2019-01-10 00:00:00', '', '0000-00-00 00:00:00', 'N', 1),
	(232, 'Limas 31mm nº45/80', ' ', 5, 47, 'CX', '1', 'RODRIGO DIEGO', '2019-01-10 00:00:00', '', '0000-00-00 00:00:00', 'N', 1),
	(233, 'Limas k 21 mm 15/40', ' ', 5, 47, 'CX', '1', 'RODRIGO DIEGO', '2019-01-10 00:00:00', '', '0000-00-00 00:00:00', 'N', 1),
	(234, 'Líquido pra cimento oxifato de zinco', ' ', 5, 47, 'UNIDADE', '1', 'RODRIGO DIEGO', '2019-01-10 00:00:00', '', '0000-00-00 00:00:00', 'N', 1),
	(235, 'Luvas 1 (tamanho PP)', ' ', 5, 47, 'CX', '1', 'RODRIGO DIEGO', '2019-01-10 00:00:00', '', '0000-00-00 00:00:00', 'N', 1),
	(236, 'Luvas 2 (tamanho P) ', ' ', 5, 47, 'CX', '1', 'RODRIGO DIEGO', '2019-01-10 00:00:00', '', '0000-00-00 00:00:00', 'N', 1),
	(237, 'Luvas 3(tamanho M)', ' ', 5, 47, 'CX', '1', 'RODRIGO DIEGO', '2019-01-10 00:00:00', '', '0000-00-00 00:00:00', 'N', 1),
	(238, 'Luvas 4 (tamanho G)', ' ', 5, 47, 'CX', '1', 'RODRIGO DIEGO', '2019-01-10 00:00:00', '', '0000-00-00 00:00:00', 'N', 1),
	(239, 'Luvas sem Talco (tamanho PP)', ' ', 5, 47, 'CX', '1', 'RODRIGO DIEGO', '2019-01-10 00:00:00', '', '0000-00-00 00:00:00', 'N', 1),
	(240, 'Mandril pop-on', ' ', 5, 47, 'UNIDADE', '1', 'RODRIGO DIEGO', '2019-01-10 00:00:00', '', '0000-00-00 00:00:00', 'N', 1),
	(241, 'Matriz de aço 0,5', ' ', 5, 47, 'CX', '1', 'RODRIGO DIEGO', '2019-01-10 00:00:00', '', '0000-00-00 00:00:00', 'N', 1),
	(242, 'Matriz de aço 0,7', ' ', 5, 47, 'CX', '1', 'RODRIGO DIEGO', '2019-01-10 00:00:00', '', '0000-00-00 00:00:00', 'N', 1),
	(243, 'Microbrush extra fino', ' ', 5, 47, 'PACOTE', '1', 'RODRIGO DIEGO', '2019-01-10 00:00:00', '', '0000-00-00 00:00:00', 'N', 1),
	(244, 'Microbrush Regular ', ' ', 5, 47, 'PACOTE', '1', 'RODRIGO DIEGO', '2019-01-10 00:00:00', '', '0000-00-00 00:00:00', 'N', 1),
	(245, 'Micromotor', ' ', 5, 47, 'UNIDADE', '1', 'RODRIGO DIEGO', '2019-01-10 00:00:00', '', '0000-00-00 00:00:00', 'N', 1),
	(246, 'Moldeira individual', ' ', 5, 47, 'UNIDADE', '1', 'RODRIGO DIEGO', '2019-01-10 00:00:00', '', '0000-00-00 00:00:00', 'N', 1),
	(247, 'Mordedor Odontológico', ' ', 5, 47, 'UNIDADE', '1', 'RODRIGO DIEGO', '2019-01-10 00:00:00', '', '0000-00-00 00:00:00', 'N', 1),
	(248, 'Obturador Provisório', ' ', 5, 47, 'UNIDADE', '1', 'RODRIGO DIEGO', '2019-01-10 00:00:00', '', '0000-00-00 00:00:00', 'N', 1),
	(249, 'Oculos PROTEÇÃO', ' ', 5, 47, 'UNIDADE', '1', 'RODRIGO DIEGO', '2019-01-10 00:00:00', '', '0000-00-00 00:00:00', 'N', 1),
	(250, 'Oleo Lubrificante', ' ', 5, 47, 'FRASCO', '1', 'RODRIGO DIEGO', '2019-01-10 00:00:00', '', '0000-00-00 00:00:00', 'N', 1),
	(251, 'Otosporin ', ' ', 5, 47, 'FRASCO', '1', 'RODRIGO DIEGO', '2019-01-10 00:00:00', '', '0000-00-00 00:00:00', 'N', 1),
	(252, 'Óxido de zinco', ' ', 5, 47, 'FRASCO', '1', 'RODRIGO DIEGO', '2019-01-10 00:00:00', '', '0000-00-00 00:00:00', 'N', 1),
	(253, 'Papel Carbono', ' ', 5, 47, 'UNIDADE', '1', 'RODRIGO DIEGO', '2019-01-10 00:00:00', '', '0000-00-00 00:00:00', 'N', 1),
	(254, 'Papel Grau Cirúrgico', ' ', 5, 47, 'ROLO', '1', 'RODRIGO DIEGO', '2019-01-10 00:00:00', '', '0000-00-00 00:00:00', 'N', 1),
	(255, 'Paramono', ' ', 5, 47, 'FRASCO', '1', 'RODRIGO DIEGO', '2019-01-10 00:00:00', '', '0000-00-00 00:00:00', 'N', 1),
	(256, 'Pasta A a Z (Papelaria)', ' ', 5, 47, 'UNIDADE', '1', 'RODRIGO DIEGO', '2019-01-10 00:00:00', '', '0000-00-00 00:00:00', 'N', 1),
	(257, 'Pasta p/ polimento de resina ', ' ', 5, 47, 'UNIDADE', '1', 'RODRIGO DIEGO', '2019-01-10 00:00:00', '', '0000-00-00 00:00:00', 'N', 1),
	(258, 'Pasta Profilática', ' ', 5, 47, 'UNIDADE', '1', 'RODRIGO DIEGO', '2019-01-10 00:00:00', '', '0000-00-00 00:00:00', 'N', 1),
	(259, 'Pedra p/ Afiar', ' ', 5, 47, 'UNIDADE', '1', 'RODRIGO DIEGO', '2019-01-10 00:00:00', '', '0000-00-00 00:00:00', 'N', 1),
	(260, 'Pedra pomes', ' ', 5, 47, 'UNIDADE', '1', 'RODRIGO DIEGO', '2019-01-10 00:00:00', '', '0000-00-00 00:00:00', 'N', 1),
	(261, 'Pinça Anatômica Dissecção', ' ', 5, 47, 'UNIDADE', '1', 'RODRIGO DIEGO', '2019-01-10 00:00:00', '', '0000-00-00 00:00:00', 'N', 1),
	(262, 'Pinça Clinica', ' ', 5, 47, 'UNIDADE', '1', 'RODRIGO DIEGO', '2019-01-10 00:00:00', '', '0000-00-00 00:00:00', 'N', 1),
	(263, 'Pinça Collin', ' ', 5, 47, 'UNIDADE', '1', 'RODRIGO DIEGO', '2019-01-10 00:00:00', '', '0000-00-00 00:00:00', 'N', 1),
	(264, 'Pinça Dietrich 15cm', ' ', 5, 47, 'UNIDADE', '1', 'RODRIGO DIEGO', '2019-01-10 00:00:00', '', '0000-00-00 00:00:00', 'N', 1),
	(265, 'Pinça Goiva curva', ' ', 5, 47, 'UNIDADE', '1', 'RODRIGO DIEGO', '2019-01-10 00:00:00', '', '0000-00-00 00:00:00', 'N', 1),
	(266, 'Pinça goiva luer (Alveol.) 15 cm', ' ', 5, 47, 'UNIDADE', '1', 'RODRIGO DIEGO', '2019-01-10 00:00:00', '', '0000-00-00 00:00:00', 'N', 1),
	(267, 'Pinça Kelly curva 14 cm', ' ', 5, 47, 'UNIDADE', '1', 'RODRIGO DIEGO', '2019-01-10 00:00:00', '', '0000-00-00 00:00:00', 'N', 1),
	(268, 'Pinça Kelly curva 18 cm', ' ', 5, 47, 'UNIDADE', '1', 'RODRIGO DIEGO', '2019-01-10 00:00:00', '', '0000-00-00 00:00:00', 'N', 1),
	(269, 'Pinça Kelly reta ', ' ', 5, 47, 'UNIDADE', '1', 'RODRIGO DIEGO', '2019-01-10 00:00:00', '', '0000-00-00 00:00:00', 'N', 1),
	(270, 'Pincel p/ Resina ', ' ', 5, 47, 'UNIDADE', '1', 'RODRIGO DIEGO', '2019-01-10 00:00:00', '', '0000-00-00 00:00:00', 'N', 1),
	(271, 'Placa de vidro liza 10 cm', ' ', 5, 47, 'UNIDADE', '1', 'RODRIGO DIEGO', '2019-01-10 00:00:00', '', '0000-00-00 00:00:00', 'N', 1),
	(272, 'Ponta p/ polimento de amálgama ', ' ', 5, 47, 'PACOTE', '1', 'RODRIGO DIEGO', '2019-01-10 00:00:00', '', '0000-00-00 00:00:00', 'N', 1),
	(273, 'Ponta p/ ultrason SUPRA', ' ', 5, 47, 'UNIDADE', '1', 'RODRIGO DIEGO', '2019-01-10 00:00:00', '', '0000-00-00 00:00:00', 'N', 1),
	(274, 'PONTA Ultrassom PROFI (SUB)', ' ', 5, 47, 'UNIDADE', '1', 'RODRIGO DIEGO', '2019-01-10 00:00:00', '', '0000-00-00 00:00:00', 'N', 1),
	(275, 'PONTA Ultrassom PROFI (SUPRA)', ' ', 5, 47, 'UNIDADE', '1', 'RODRIGO DIEGO', '2019-01-10 00:00:00', '', '0000-00-00 00:00:00', 'N', 1),
	(276, 'Pontas p/ Ultrasson SUB', ' ', 5, 47, 'UNIDADE', '1', 'RODRIGO DIEGO', '2019-01-10 00:00:00', '', '0000-00-00 00:00:00', 'N', 1),
	(277, 'Porta Agulha 14 cm', ' ', 5, 47, 'UNIDADE', '1', 'RODRIGO DIEGO', '2019-01-10 00:00:00', '', '0000-00-00 00:00:00', 'N', 1),
	(278, 'Porta Agulha 16 cm', ' ', 5, 47, 'UNIDADE', '1', 'RODRIGO DIEGO', '2019-01-10 00:00:00', '', '0000-00-00 00:00:00', 'N', 1),
	(279, 'Porta amálgama', ' ', 5, 47, 'UNIDADE', '1', 'RODRIGO DIEGO', '2019-01-10 00:00:00', '', '0000-00-00 00:00:00', 'N', 1),
	(280, 'Porta Matriz ', ' ', 5, 47, 'UNIDADE', '1', 'RODRIGO DIEGO', '2019-01-10 00:00:00', '', '0000-00-00 00:00:00', 'N', 1),
	(281, 'Pote de Dappen', ' ', 5, 47, 'UNIDADE', '1', 'RODRIGO DIEGO', '2019-01-10 00:00:00', '', '0000-00-00 00:00:00', 'N', 1),
	(282, 'Pote Paladon', ' ', 5, 47, 'UNIDADE', '1', 'RODRIGO DIEGO', '2019-01-10 00:00:00', '', '0000-00-00 00:00:00', 'N', 1),
	(283, 'Prendedor de Guardanapo/Babador - (Jacaré)', ' ', 5, 47, 'UNIDADE', '1', 'RODRIGO DIEGO', '2019-01-10 00:00:00', '', '0000-00-00 00:00:00', 'N', 1),
	(284, 'Resina A 1', ' ', 5, 47, 'UNIDADE', '1', 'RODRIGO DIEGO', '2019-01-10 00:00:00', '', '0000-00-00 00:00:00', 'N', 1),
	(285, 'Resina A 2', ' ', 5, 47, 'UNIDADE', '1', 'RODRIGO DIEGO', '2019-01-10 00:00:00', '', '0000-00-00 00:00:00', 'N', 1),
	(286, 'Resina A3', ' ', 5, 47, 'UNIDADE', '1', 'RODRIGO DIEGO', '2019-01-10 00:00:00', '', '0000-00-00 00:00:00', 'N', 1),
	(287, 'Resina A3,5', ' ', 5, 47, 'UNIDADE', '1', 'RODRIGO DIEGO', '2019-01-10 00:00:00', '', '0000-00-00 00:00:00', 'N', 1),
	(288, 'Resina Flow A1', ' ', 5, 47, 'UNIDADE', '1', 'RODRIGO DIEGO', '2019-01-10 00:00:00', '', '0000-00-00 00:00:00', 'N', 1),
	(289, 'Resina Flow A2', ' ', 5, 47, 'UNIDADE', '1', 'RODRIGO DIEGO', '2019-01-10 00:00:00', '', '0000-00-00 00:00:00', 'N', 1),
	(290, 'Resina Flow A3', ' ', 5, 47, 'UNIDADE', '1', 'RODRIGO DIEGO', '2019-01-10 00:00:00', '', '0000-00-00 00:00:00', 'N', 1),
	(291, 'Restaurador temporario New Bond', ' ', 5, 47, 'UNIDADE', '1', 'RODRIGO DIEGO', '2019-01-10 00:00:00', '', '0000-00-00 00:00:00', 'N', 1),
	(292, 'Rolete de Algodão', ' ', 5, 47, 'UNIDADE', '1', 'RODRIGO DIEGO', '2019-01-10 00:00:00', '', '0000-00-00 00:00:00', 'N', 1),
	(293, 'Rolopack FILM plastico 100m', ' ', 5, 47, 'UNIDADE', '1', 'RODRIGO DIEGO', '2019-01-10 00:00:00', '', '0000-00-00 00:00:00', 'N', 1),
	(294, 'Saca Brocas', ' ', 5, 47, 'UNIDADE', '1', 'RODRIGO DIEGO', '2019-01-10 00:00:00', '', '0000-00-00 00:00:00', 'N', 1),
	(295, 'Sacos Plasticos 8x24', ' ', 5, 47, 'UNIDADE', '1', 'RODRIGO DIEGO', '2019-01-10 00:00:00', '', '0000-00-00 00:00:00', 'N', 1),
	(296, 'Seladora ', ' ', 5, 47, 'UNIDADE', '1', 'RODRIGO DIEGO', '2019-01-10 00:00:00', '', '0000-00-00 00:00:00', 'N', 1),
	(297, 'Selante', ' ', 5, 47, 'UNIDADE', '1', 'RODRIGO DIEGO', '2019-01-10 00:00:00', '', '0000-00-00 00:00:00', 'N', 1),
	(298, 'Seringa Carpule', ' ', 5, 47, 'UNIDADE', '1', 'RODRIGO DIEGO', '2019-01-10 00:00:00', '', '0000-00-00 00:00:00', 'N', 1),
	(299, 'Sindesmotomo duplo', ' ', 5, 47, 'UNIDADE', '1', 'RODRIGO DIEGO', '2019-01-10 00:00:00', '', '0000-00-00 00:00:00', 'N', 1),
	(300, 'Solução de Milton', ' ', 5, 47, 'FRASCO', '1', 'RODRIGO DIEGO', '2019-01-10 00:00:00', '', '0000-00-00 00:00:00', 'N', 1),
	(301, 'Solução hemostatica topica', ' ', 5, 47, 'UNIDADE', '1', 'RODRIGO DIEGO', '2019-01-10 00:00:00', '', '0000-00-00 00:00:00', 'N', 1),
	(302, 'Sonda Exploradora', ' ', 5, 47, 'UNIDADE', '1', 'RODRIGO DIEGO', '2019-01-10 00:00:00', '', '0000-00-00 00:00:00', 'N', 1),
	(303, 'Sonda Nabers', ' ', 5, 47, 'UNIDADE', '1', 'RODRIGO DIEGO', '2019-01-10 00:00:00', '', '0000-00-00 00:00:00', 'N', 1),
	(304, 'Sugador Cirúrgico', ' ', 5, 47, 'UNIDADE', '1', 'RODRIGO DIEGO', '2019-01-10 00:00:00', '', '0000-00-00 00:00:00', 'N', 1),
	(305, 'Taça de Borracha', ' ', 5, 47, 'UNIDADE', '1', 'RODRIGO DIEGO', '2019-01-10 00:00:00', '', '0000-00-00 00:00:00', 'N', 1),
	(306, 'Tesoura Cirurgica Reta 12 cm', ' ', 5, 47, 'UNIDADE', '1', 'RODRIGO DIEGO', '2019-01-10 00:00:00', '', '0000-00-00 00:00:00', 'N', 1),
	(307, 'Tesoura Íris Cirurgica 15 cm reta', ' ', 5, 47, 'UNIDADE', '1', 'RODRIGO DIEGO', '2019-01-10 00:00:00', '', '0000-00-00 00:00:00', 'N', 1),
	(308, 'Tesoura iris Curva 12 cm', ' ', 5, 47, 'UNIDADE', '1', 'RODRIGO DIEGO', '2019-01-10 00:00:00', '', '0000-00-00 00:00:00', 'N', 1),
	(309, 'Tesoura Íris Reta', ' ', 5, 47, 'UNIDADE', '1', 'RODRIGO DIEGO', '2019-01-10 00:00:00', '', '0000-00-00 00:00:00', 'N', 1),
	(310, 'Tesoura Metzembaw 18 cm', ' ', 5, 47, 'UNIDADE', '1', 'RODRIGO DIEGO', '2019-01-10 00:00:00', '', '0000-00-00 00:00:00', 'N', 1),
	(311, 'Tesoura Reta 14 cm', ' ', 5, 47, 'UNIDADE', '1', 'RODRIGO DIEGO', '2019-01-10 00:00:00', '', '0000-00-00 00:00:00', 'N', 1),
	(312, 'Tesoura Reta 17 cm', ' ', 5, 47, 'UNIDADE', '1', 'RODRIGO DIEGO', '2019-01-10 00:00:00', '', '0000-00-00 00:00:00', 'N', 1),
	(313, 'Teste de vitalidade (ENDO-ICE)', ' ', 5, 47, 'UNIDADE', '1', 'RODRIGO DIEGO', '2019-01-10 00:00:00', '', '0000-00-00 00:00:00', 'N', 1),
	(314, 'Tira de Acabamento de Resina ', ' ', 5, 47, 'PACOTE', '1', 'RODRIGO DIEGO', '2019-01-10 00:00:00', '', '0000-00-00 00:00:00', 'N', 1),
	(315, 'Tira de aço para Amálgama ', ' ', 5, 47, 'UNIDADE', '1', 'RODRIGO DIEGO', '2019-01-10 00:00:00', '', '0000-00-00 00:00:00', 'N', 1),
	(316, 'Tira de Poliéster', ' ', 5, 47, 'PACOTE', '1', 'RODRIGO DIEGO', '2019-01-10 00:00:00', '', '0000-00-00 00:00:00', 'N', 1),
	(317, 'Tira Serrilhada', ' ', 5, 47, 'ENVELOP', '1', 'RODRIGO DIEGO', '2019-01-10 00:00:00', '', '0000-00-00 00:00:00', 'N', 1),
	(318, 'Touca Sanfonada', ' ', 5, 47, 'UNIDADE', '1', 'RODRIGO DIEGO', '2019-01-10 00:00:00', '', '0000-00-00 00:00:00', 'N', 1),
	(319, 'Universal Plishing (Pasta pra plimento)', ' ', 5, 47, 'UNIDADE', '1', 'RODRIGO DIEGO', '2019-01-10 00:00:00', '', '0000-00-00 00:00:00', 'N', 1),
	(320, 'Vaselina Sólica', ' ', 5, 47, 'UNIDADE', '1', 'RODRIGO DIEGO', '2019-01-10 00:00:00', '', '0000-00-00 00:00:00', 'N', 1),
	(321, 'Camiseta, Unisex, Gola "O", Manga CURTA. Tamanho PP - AGENTE SAUDE - Cor AZUL CLARO.', 'Camiseta, Unisex, Gola "O", Manga Curta. COR AZUL CLARO.TAMANHO P - AGENTE SAUDE - COR AZUL CLARO', 6, -1, 'UNIDADE', '1', 'Renato Leandro', '2019-10-17 13:54:15', 'Renato Leandro', '2019-10-17 13:54:15', 'N', 3),
	(322, 'Camiseta, Unisex, Gola "O", Manga CURTA. Tamanho P - AGENTE SAUDE - COR AZUL CLARO.', 'Camiseta, Unisex, Gola "O", Manga Curta. TAMANHO P - AGENTE SAUDE - COR AZUL CLARO.', 6, -1, 'UNIDADE', '1', 'Renato Leandro', '2019-10-18 13:08:24', 'Renato Leandro', '2019-10-18 13:08:24', 'N', 3),
	(323, 'Camiseta, Unisex, Gola "O", Manga CURTA. Tamanho M - AGENTE SAUDE - COR AZUL CLARO.', 'Camiseta, Unisex, Gola "O", Manga Curta. TAMANHO M - AGENTE SAUDE - COR AZUL CLARO', 6, -1, 'UNIDADE', '1', 'Renato Leandro', '2019-10-17 13:58:38', 'Renato Leandro', '2019-10-17 13:58:38', 'N', 3),
	(324, 'Camiseta, Unisex, Gola "O", Manga CURTA. Tamanho G - AGENTE SAUDE - COR AZUL CLARO.', 'Camiseta, Unisex, Gola "O", Manga Curta. TAMANHO G - AGENTE SAUDE - COR AZUL CLARO.', 6, -1, 'UNIDADE', '1', 'Renato Leandro', '2019-10-17 13:58:51', 'Renato Leandro', '2019-10-17 13:58:51', 'N', 3),
	(325, 'Camiseta, Unisex, Gola "O", Manga CURTA. Tamanho GG - AGENTE SAUDE - COR AZUL CLARO.', 'Camiseta, Unisex, Gola "O", Manga Curta. TAMANHO GG - AGENTE SAUDE - COR AZUL CLARO.', 6, -1, 'UNIDADE', '1', 'Renato Leandro', '2019-10-17 13:59:02', 'Renato Leandro', '2019-10-17 13:59:02', 'N', 3),
	(326, 'Camiseta, Unisex, Gola "O", Manga CURTA. Tamanho EXG - AGENTE SAUDE - COR AZUL CLARO.', 'Camiseta, Unisex, Gola "O", Manga Curta. TAMANHO EXG - AGENTE SAUDE - COR AZUL CLARO', 6, -1, 'UNIDADE', '1', 'Renato Leandro', '2019-10-17 13:57:50', 'Renato Leandro', '2019-10-17 13:57:50', 'N', 3),
	(327, 'Camiseta, Unisex, Gola "O", Manga LONGA - Tamanho PP -  AGENTE SAÚDE - COR AZUL CLARA.', 'Camiseta, Unisex, Gola "O", Manga LONGA - Tamanho PP -  AGENTE SAÚDE - COR AZUL CLARA.', 6, -1, 'UNIDADE', '1', 'Renato Leandro', '2019-10-17 14:10:02', 'Renato Leandro', '2019-10-17 14:10:02', 'N', 3),
	(328, 'Camiseta, Unisex, Gola "O", Manga LONGA - Tamanho P -  AGENTE SAÚDE - COR AZUL CLARA.', 'Camiseta, Unisex, Gola "O", Manga LONGA - Tamanho P -  AGENTE SAÚDE - COR AZUL CLARA.', 6, -1, 'UNIDADE', '1', 'Renato Leandro', '2019-10-17 14:10:28', 'Renato Leandro', '2019-10-17 14:10:28', 'N', 3),
	(329, 'Camiseta, Unisex, Gola "O", Manga LONGA - Tamanho M -  AGENTE SAÚDE - COR AZUL CLARA.', 'Camiseta, Unisex, Gola "O", Manga LONGA - Tamanho M -  AGENTE SAÚDE - COR AZUL CLARA.', 6, -1, 'UNIDADE', '1', 'Renato Leandro', '2019-10-17 14:11:17', 'Renato Leandro', '2019-10-17 14:11:17', 'N', 3),
	(330, 'Camiseta, Unisex, Gola "O", Manga LONGA - Tamanho G -  AGENTE SAÚDE - COR AZUL CLARA.', 'Camiseta, Unisex, Gola "O", Manga LONGA - Tamanho G -  AGENTE SAÚDE - COR AZUL CLARA.', 6, -1, 'UNIDADE', '1', 'Renato Leandro', '2019-10-17 14:11:48', 'Renato Leandro', '2019-10-17 14:11:48', 'N', 3),
	(331, 'Camiseta, Unisex, Gola "O", Manga LONGA - Tamanho GG -  AGENTE SAÚDE - COR AZUL CLARA.', 'Camiseta, Unisex, Gola "O", Manga LONGA - Tamanho GG -  AGENTE SAÚDE - COR AZUL CLARA.', 6, -1, 'UNIDADE', '1', 'Renato Leandro', '2019-10-17 14:12:17', 'Renato Leandro', '2019-10-17 14:12:17', 'N', 3),
	(332, 'Camiseta, Unisex, Gola "O", Manga LONGA - Tamanho EXG -  AGENTE SAÚDE - COR AZUL CLARA.', 'Camiseta, Unisex, Gola "O", Manga LONGA - Tamanho EXG -  AGENTE SAÚDE - COR AZUL CLARA.', 6, -1, 'UNIDADE', '1', 'Renato Leandro', '2019-10-17 14:13:01', 'Renato Leandro', '2019-10-17 14:13:01', 'N', 3),
	(333, 'Mochila de Costas - Tamanho UNICO', 'Mochila de Costas - Tamanho UNICO - 3 zipers', 6, -1, 'UNIDADE', '1', 'Renato Leandro', '2019-10-17 14:22:59', 'Renato Leandro', '2019-10-17 14:22:59', 'N', 3),
	(334, ' ', 'Tênis para caminhada, todo preto - Randal', 6, -1, '', '-1', 'Renato Leandro', '2019-10-17 14:22:21', 'Renato Leandro', '2019-10-17 14:22:21', 'N', 3),
	(335, 'TÊNIS - COR PRETO - Para Caminhada ACS, Randal - n° 34', 'Tênis para caminhada, todo preto - Randal - n° 34', 6, -1, 'PAR', '1', 'RODRIGO DIEGO', '2019-10-17 15:15:25', 'RODRIGO DIEGO', '2019-10-17 15:15:25', 'N', 3),
	(336, 'TÊNIS - COR PRETO - Para Caminhada ACS, Randal - n° 35', 'TÊNIS - COR PRETO - Para Caminhada ACS, Randal - n° 35', 6, -1, 'PAR', '1', 'RODRIGO DIEGO', '2019-10-17 15:15:38', 'RODRIGO DIEGO', '2019-10-17 15:15:38', 'N', 3),
	(337, 'TÊNIS - COR PRETO - Para Caminhada ACS, Randal - n° 36', 'TÊNIS - COR PRETO - Para Caminhada ACS, Randal - n° 36', 6, -1, 'PAR', '1', 'RODRIGO DIEGO', '2019-10-17 15:15:49', 'RODRIGO DIEGO', '2019-10-17 15:15:49', 'N', 3),
	(338, 'TÊNIS - COR PRETO - Para Caminhada ACS, Randal - n° 37', 'TÊNIS - COR PRETO - Para Caminhada ACS, Randal - n° 37', 6, -1, 'PARES\r\n', '1', 'RODRIGO DIEGO', '2019-10-17 14:34:27', 'RODRIGO DIEGO', '2019-10-17 14:34:27', 'N', 3),
	(339, 'TÊNIS - COR PRETO - Para Caminhada ACS, Randal - n° 38', 'TÊNIS - COR PRETO - Para Caminhada ACS, Randal - n° 38', 6, -1, 'PAR', '1', 'RODRIGO DIEGO', '2019-10-17 15:16:01', 'RODRIGO DIEGO', '2019-10-17 15:16:01', 'N', 3),
	(340, 'TÊNIS - COR PRETO - Para Caminhada ACS, Randal - n° 39', 'TÊNIS - COR PRETO - Para Caminhada ACS, Randal - n° 39', 6, -1, 'PAR', '1', 'RODRIGO DIEGO', '2019-10-17 15:16:14', 'RODRIGO DIEGO', '2019-10-17 15:16:14', 'N', 3),
	(341, 'TÊNIS - COR PRETO - Para Caminhada ACS, Randal - n° 40', 'TÊNIS - COR PRETO - Para Caminhada ACS, Randal - n° 40', 6, -1, 'PAR', '1', 'RODRIGO DIEGO', '2019-10-17 15:16:26', 'RODRIGO DIEGO', '2019-10-17 15:16:26', 'N', 3),
	(342, 'TÊNIS - COR PRETO - Para Caminhada ACS, Randal - n° 41', 'TÊNIS - COR PRETO - Para Caminhada ACS, Randal - n° 41', 6, -1, 'PAR', '1', 'RODRIGO DIEGO', '2019-10-17 15:16:35', 'RODRIGO DIEGO', '2019-10-17 15:16:35', 'N', 3),
	(343, 'TÊNIS - COR PRETO - Para Caminhada ACS, Randal - n° 42', 'TÊNIS - COR PRETO - Para Caminhada ACS, Randal - n° 42', 6, -1, 'PAR', '1', 'RODRIGO DIEGO', '2019-10-17 15:16:45', 'RODRIGO DIEGO', '2019-10-17 15:16:45', 'N', 3),
	(344, 'TÊNIS - COR PRETO - Para Caminhada ACS, Randal - n° 43', 'TÊNIS - COR PRETO - Para Caminhada ACS, Randal - n° 43', 6, -1, 'PAR', '1', 'RODRIGO DIEGO', '2019-10-17 15:16:56', 'RODRIGO DIEGO', '2019-10-17 15:16:56', 'N', 3),
	(345, 'Guarda - Chuva/Sol, GRANDE, COR PRETO.', 'Guarda - Chuva/Sol, GRANDE, COR PRETO.', 6, -1, 'UNIDADE', '1', 'RODRIGO DIEGO', '2019-10-17 15:18:35', 'RODRIGO DIEGO', '2019-10-17 15:18:35', 'N', 3),
	(346, 'CAPA DE CHUVA - TAMANHO ÚNICO com Capuz - Cor AMARELO', 'CAPA DE CHUVA - TAMANHO ÚNICO com Capuz - Cor AMARELO', 6, -1, 'UNIDADE', '1', 'RODRIGO DIEGO', '2019-10-18 16:31:12', 'RODRIGO DIEGO', '2019-10-18 16:31:12', 'N', 3),
	(347, 'Boné A.C.S - AZUL com Proteção de Nuca', 'Boné A.C.S - AZUL com Proteção de Nuca', 6, -1, 'UNIDADE', '1', 'RODRIGO DIEGO', '2019-10-17 15:23:43', 'RODRIGO DIEGO', '2019-10-17 15:23:43', 'N', 3),
	(348, 'Bolsa de A.C.S - Tira Colo, Alça Grande - Tamanho ÚNICO', 'Bolsa de A.C.S - Tira Colo, Alça Grande - Tamanho ÚNICO', 6, -1, 'UNIDADE', '1', 'RODRIGO DIEGO', '2019-10-17 15:25:46', 'RODRIGO DIEGO', '2019-10-17 15:25:46', 'N', 3),
	(349, 'Mochila /Estado - GO - 3 zipers -Tamanho ÚNICO', 'Mochila /Estado-GO - 3 zipers -Tamanho ÚNICO', 6, -1, 'UNIDADE', '1', 'RODRIGO DIEGO', '2019-10-17 15:33:34', 'RODRIGO DIEGO', '2019-10-17 15:33:34', 'N', 3),
	(350, 'Camiseta, AGENTE ENDEMIAS - Tamanho PP - MANGA LONGA, Unisex, Cor BRANCA, GOLA POLO, com bolso no peito esquerdo.', 'Camiseta, AGENTE ENDEMIAS - Tamanho PP - MANGA LONGA, Unisex, Cor BRANCA, GOLA POLO, com bolso no peito esquerdo.', 6, -1, 'UNIDADE', '1', 'RODRIGO DIEGO', '2019-10-17 15:38:13', 'RODRIGO DIEGO', '2019-10-17 15:38:13', 'N', 3),
	(351, 'Camiseta, AGENTE ENDEMIAS - Tamanho P - MANGA LONGA, Unisex, Cor BRANCA, GOLA POLO, com bolso no peito esquerdo.', 'Camiseta, AGENTE ENDEMIAS - Tamanho P - MANGA LONGA, Unisex, Cor BRANCA, GOLA POLO, com bolso no peito esquerdo.', 5, -1, 'UNIDADE', '1', 'RODRIGO DIEGO', '2019-10-17 15:38:43', 'RODRIGO DIEGO', '2019-10-17 15:38:43', 'N', 3),
	(352, 'Camiseta, AGENTE ENDEMIAS - Tamanho M - MANGA LONGA, Unisex, Cor BRANCA, GOLA POLO, com bolso no peito esquerdo.', 'Camiseta, AGENTE ENDEMIAS - Tamanho M - MANGA LONGA, Unisex, Cor BRANCA, GOLA POLO, com bolso no peito esquerdo.', 6, -1, 'UNIDADE', '1', 'RODRIGO DIEGO', '2019-10-17 15:39:49', 'RODRIGO DIEGO', '2019-10-17 15:39:49', 'N', 3),
	(353, 'Camiseta, AGENTE ENDEMIAS - Tamanho G - MANGA LONGA, Unisex, Cor BRANCA, GOLA POLO, com bolso no peito esquerdo.', 'Camiseta, AGENTE ENDEMIAS - Tamanho G - MANGA LONGA, Unisex, Cor BRANCA, GOLA POLO, com bolso no peito esquerdo.', 6, -1, 'UNIDADE', '1', 'RODRIGO DIEGO', '2019-10-17 15:40:42', 'RODRIGO DIEGO', '2019-10-17 15:40:42', 'N', 3),
	(354, 'Camiseta, AGENTE ENDEMIAS - Tamanho GG - MANGA LONGA, Unisex, Cor BRANCA, GOLA POLO, com bolso no peito esquerdo.', 'Camiseta, AGENTE ENDEMIAS - Tamanho GG - MANGA LONGA, Unisex, Cor BRANCA, GOLA POLO, com bolso no peito esquerdo.', 6, -1, 'UNIDADE', '1', 'RODRIGO DIEGO', '2019-10-17 15:41:45', 'RODRIGO DIEGO', '2019-10-17 15:41:45', 'N', 3),
	(355, 'Camiseta, AGENTE ENDEMIAS - Tamanho EXG - MANGA LONGA, Unisex, Cor BRANCA, GOLA POLO, com bolso no peito esquerdo.', 'Camiseta, AGENTE ENDEMIAS - Tamanho EXG - MANGA LONGA, Unisex, Cor BRANCA, GOLA POLO, com bolso no peito esquerdo.', 6, -1, 'UNIDADE', '1', 'RODRIGO DIEGO', '2019-10-17 15:49:32', 'RODRIGO DIEGO', '2019-10-17 15:49:32', 'N', 3),
	(356, 'Camiseta, AGENTE ENDEMIAS - Tamanho PP - MANGA CURTA, Unisex, Cor BRANCA, GOLA POLO, com bolso no peito esquerdo.', 'Camiseta, AGENTE ENDEMIAS - Tamanho PP - MANGA CURTA, Unisex, Cor BRANCA, GOLA POLO, com bolso no peito esquerdo.', 6, -1, 'UNIDADE', '1', 'RODRIGO DIEGO', '2019-10-17 15:53:43', 'RODRIGO DIEGO', '2019-10-17 15:53:43', 'N', 3),
	(357, 'Camiseta, AGENTE ENDEMIAS - Tamanho P - MANGA CURTA, Unisex, Cor BRANCA, GOLA POLO, com bolso no peito esquerdo.', 'Camiseta, AGENTE ENDEMIAS - Tamanho P - MANGA CURTA, Unisex, Cor BRANCA, GOLA POLO, com bolso no peito esquerdo.', 6, -1, 'UNIDADE', '1', 'RODRIGO DIEGO', '2019-10-17 15:54:41', 'RODRIGO DIEGO', '2019-10-17 15:54:41', 'N', 3),
	(358, 'Camiseta, AGENTE ENDEMIAS - Tamanho M - MANGA CURTA, Unisex, Cor BRANCA, GOLA POLO, com bolso no peito esquerdo.', 'Camiseta, AGENTE ENDEMIAS - Tamanho M - MANGA CURTA, Unisex, Cor BRANCA, GOLA POLO, com bolso no peito esquerdo.', 6, -1, 'UNIDADE', '1', 'RODRIGO DIEGO', '2019-10-17 15:55:10', 'RODRIGO DIEGO', '2019-10-17 15:55:10', 'N', 3),
	(359, 'Camiseta, AGENTE ENDEMIAS - Tamanho G - MANGA CURTA, Unisex, Cor BRANCA, GOLA POLO, com bolso no peito esquerdo.', 'Camiseta, AGENTE ENDEMIAS - Tamanho G - MANGA CURTA, Unisex, Cor BRANCA, GOLA POLO, com bolso no peito esquerdo.', 6, -1, 'UNIDADE', '1', 'RODRIGO DIEGO', '2019-10-17 15:55:56', 'RODRIGO DIEGO', '2019-10-17 15:55:56', 'N', 3),
	(360, 'Camiseta, AGENTE ENDEMIAS - Tamanho GG - MANGA CURTA, Unisex, Cor BRANCA, GOLA POLO, com bolso no peito esquerdo.', 'Camiseta, AGENTE ENDEMIAS - Tamanho GG - MANGA CURTA, Unisex, Cor BRANCA, GOLA POLO, com bolso no peito esquerdo.', 6, -1, 'UNIDADE', '1', 'RODRIGO DIEGO', '2019-10-17 15:56:39', 'RODRIGO DIEGO', '2019-10-17 15:56:39', 'N', 3),
	(361, 'Camiseta, AGENTE ENDEMIAS - Tamanho GG - MANGA CURTA, Unisex, Cor BRANCA, GOLA POLO, com bolso no peito esquerdo.', 'Camiseta, AGENTE ENDEMIAS - Tamanho GG - MANGA CURTA, Unisex, Cor BRANCA, GOLA POLO, com bolso no peito esquerdo.', 6, -1, 'UNIDADE', '1', 'RODRIGO DIEGO', '2019-10-17 15:58:01', 'RODRIGO DIEGO', '2019-10-17 15:58:01', 'N', 3),
	(362, 'Camiseta, AGENTE ENDEMIAS - Tamanho EXG - MANGA CURTA, Unisex, Cor BRANCA, GOLA POLO, com bolso no peito esquerdo.', 'Camiseta, AGENTE ENDEMIAS - Tamanho EXG - MANGA CURTA, Unisex, Cor BRANCA, GOLA POLO, com bolso no peito esquerdo.', 6, -1, 'UNIDADE', '1', 'RODRIGO DIEGO', '2019-10-17 15:58:28', 'RODRIGO DIEGO', '2019-10-17 15:58:28', 'N', 3),
	(363, 'Colete Unisex - AGENTE ENDEMIAS - SEM MANGA, Tamanho P - Cor CAQUI, modelo 2 bolsos, Fechamento com ziper trator, nº 6, na mesma cor do tecido.', 'Colete Adulto, unisex, SEM MANGA, cor CAQUI, modelo 2 bolsos, sem tampa, fechamento com ziper trator, nº 6, na mesma cor do tecido.', 6, -1, 'UNIDADE', '1', 'RODRIGO DIEGO', '2019-10-17 16:11:19', 'RODRIGO DIEGO', '2019-10-17 16:11:19', 'N', 3),
	(364, 'Colete Unisex - AGENTE ENDEMIAS - SEM MANGA, Tamanho M - Cor CAQUI, modelo 2 bolsos, Fechamento com ziper trator, nº 6, na mesma cor do tecido.', 'Colete Adulto, unisex, SEM MANGA, cor CAQUI, modelo 2 bolsos, sem tampa, fechamento com ziper trator, nº 6, na mesma cor do tecido.', 6, -1, 'UNIDADE', '1', 'RODRIGO DIEGO', '2019-10-17 16:13:07', 'RODRIGO DIEGO', '2019-10-17 16:13:07', 'N', 3),
	(365, 'Colete Unisex - AGENTE ENDEMIAS - SEM MANGA, Tamanho G - Cor CAQUI, modelo 2 bolsos, Fechamento com ziper trator, nº 6, na mesma cor do tecido.', 'Colete Adulto, unisex, SEM MANGA, cor CAQUI, modelo 2 bolsos, sem tampa, fechamento com ziper trator, nº 6, na mesma cor do tecido.', 6, -1, 'UNIDADE', '1', 'RODRIGO DIEGO', '2019-10-17 16:13:25', 'RODRIGO DIEGO', '2019-10-17 16:13:25', 'N', 3),
	(366, 'Calça comprida, MASCULINA - COR CAQUI, Tamanho P - Confeccionado em Brim pesado, profissional.', 'Calça comprida, MASCULINA - COR CAQUI, Tamanho P - Confeccionado em Brim pesado, profissional.', 6, -1, 'UNIDADE', '1', 'RODRIGO DIEGO', '2019-10-17 16:16:17', 'RODRIGO DIEGO', '2019-10-17 16:16:17', 'N', 3),
	(367, 'Calça comprida, MASCULINA - COR CAQUI, Tamanho M - Confeccionado em Brim pesado, profissional.', 'Calça comprida, MASCULINA - COR CAQUI, Tamanho M - Confeccionado em Brim pesado, profissional.', 6, -1, 'UNIDADE', '1', 'RODRIGO DIEGO', '2019-10-17 16:16:51', 'RODRIGO DIEGO', '2019-10-17 16:16:51', 'N', 3),
	(368, 'Calça comprida, MASCULINA - COR CAQUI, Tamanho G - Confeccionado em Brim pesado, profissional.', 'Calça comprida, MASCULINA - COR CAQUI, Tamanho G - Confeccionado em Brim pesado, profissional.', 6, -1, 'UNIDADE', '1', 'RODRIGO DIEGO', '2019-10-17 16:17:46', 'RODRIGO DIEGO', '2019-10-17 16:17:46', 'N', 3),
	(369, 'Calça comprida, MASCULINA - COR CAQUI, Tamanho GG - Confeccionado em Brim pesado, profissional.', 'Calça comprida, MASCULINA - COR CAQUI, Tamanho GG - Confeccionado em Brim pesado, profissional.', 6, -1, 'UNIDADE', '1', 'RODRIGO DIEGO', '2019-10-17 16:19:23', 'RODRIGO DIEGO', '2019-10-17 16:19:23', 'N', 3),
	(370, 'Calça comprida, FEMININA - COR CAQUI, Tamanho P - Confeccionado em Brim pesado, profissional.', 'Calça comprida FEMININA - COR CAQUI, Tamanho P - Confeccionado em Brim pesado, profissional.', 6, -1, 'UNIDADE', '1', 'RODRIGO DIEGO', '2019-10-17 16:21:57', 'RODRIGO DIEGO', '2019-10-17 16:21:57', 'N', 3),
	(371, 'Calça comprida FEMININA - COR CAQUI, Tamanho M - Confeccionado em Brim pesado, profissional.', 'Calça comprida FEMININA - COR CAQUI, Tamanho M - Confeccionado em Brim pesado, profissional.', 6, -1, 'UNIDADE', '1', 'RODRIGO DIEGO', '2019-10-17 16:21:32', 'RODRIGO DIEGO', '2019-10-17 16:21:32', 'N', 3),
	(372, 'Calça comprida FEMININA - COR CAQUI, Tamanho G - Confeccionado em Brim pesado, profissional.', 'Calça comprida FEMININA - COR CAQUI, Tamanho G - Confeccionado em Brim pesado, profissional.', 6, -1, 'UNIDADE', '1', 'RODRIGO DIEGO', '2019-10-17 16:22:27', 'RODRIGO DIEGO', '2019-10-17 16:22:27', 'N', 3),
	(373, 'Calça comprida FEMININA - COR CAQUI, Tamanho GG - Confeccionado em Brim pesado, profissional.', 'Calça comprida FEMININA - COR CAQUI, Tamanho GG - Confeccionado em Brim pesado, profissional.', 6, -1, 'UNIDADE', '1', 'RODRIGO DIEGO', '2019-10-17 16:23:05', 'RODRIGO DIEGO', '2019-10-17 16:23:05', 'N', 3),
	(374, 'Calça comprida FEMININA - COR CAQUI, Tamanho EXG - Confeccionado em Brim pesado, profissional.', 'Calça comprida FEMININA - COR CAQUI, Tamanho EXG - Confeccionado em Brim pesado, profissional.', 6, -1, 'UNIDADE', '1', 'RODRIGO DIEGO', '2019-10-17 16:25:11', 'RODRIGO DIEGO', '2019-10-17 16:25:11', 'N', 3),
	(375, 'Boné modelo americano AGENTE ENDEMIAS (aba tipo bico de pato), COR CAQUI - SEM PROTETOR DE NUCA, confeccionado em brim pesado profissional.', 'Boné modelo americano AGENTE ENDEMIAS (aba tipo bico de pato), COR CAQUI - SEM PROTETOR DE NUCA, confeccionado em brim pesado profissional.', 6, -1, 'UNIDADE', '1', 'RODRIGO DIEGO', '2019-10-17 16:57:31', 'RODRIGO DIEGO', '2019-10-17 16:57:31', 'N', 3),
	(376, 'Boné modelo americano AGENTE ENDEMIAS (aba tipo bico de pato), COR CAQUI - COM PROTETOR DE NUCA, confeccionado em brim pesado profissional.', 'Boné modelo americano AGENTE ENDEMIAS (aba tipo bico de pato), COR CAQUI - COM PROTETOR DE NUCA, confeccionado em brim pesado profissional.', 6, -1, 'UNIDADE', '1', 'RODRIGO DIEGO', '2019-10-17 16:57:01', 'RODRIGO DIEGO', '2019-10-17 16:57:01', 'N', 3),
	(377, 'Bolsa em LONA, na cor mostarda, AGENTE ENDEMIAS - Confeccionado em lona nº10, 100% algodão, com alça reforçada com ombreira.', 'Bolsa em LONA, na cor mostarda, AGENTE ENDEMIAS - Confeccionado em lona nº10, 100% algodão, com alça reforçada com ombreira.', 6, -1, 'UNIDADE', '1', 'RODRIGO DIEGO', '2019-10-17 16:56:23', 'RODRIGO DIEGO', '2019-10-17 16:56:23', 'N', 3),
	(378, 'Botina, modelo de AMARRAR - AGENTE DE ENDEMIAS, em couro ao cromo estampa, relax, forrada na gáspia em TNT - Nº 34.', 'Botina, modelo de AMARRAR - AGENTE DE ENDEMIAS, em couro ao cromo estampa, relax, forrada na gáspia em TNT - Nº 34.', 6, -1, 'PAR', '1', 'RODRIGO DIEGO', '2019-10-18 08:38:17', 'RODRIGO DIEGO', '2019-10-18 08:38:17', 'N', 3),
	(379, 'Botina, modelo de AMARRAR - AGENTE DE ENDEMIAS, em couro ao cromo estampa, relax, forrada na gáspia em TNT - Nº 35.', 'Botina, modelo de AMARRAR - AGENTE DE ENDEMIAS, em couro ao cromo estampa, relax, forrada na gáspia em TNT - Nº 35.', 6, -1, 'PAR', '1', 'RODRIGO DIEGO', '2019-10-18 08:38:45', 'RODRIGO DIEGO', '2019-10-18 08:38:45', 'N', 3),
	(380, 'Botina, modelo de AMARRAR - AGENTE DE ENDEMIAS, em couro ao cromo estampa, relax, forrada na gáspia em TNT - Nº 36.', 'Botina, modelo de AMARRAR - AGENTE DE ENDEMIAS, em couro ao cromo estampa, relax, forrada na gáspia em TNT - Nº 36.', 6, -1, 'PAR', '1', 'RODRIGO DIEGO', '2019-10-18 08:39:34', 'RODRIGO DIEGO', '2019-10-18 08:39:34', 'N', 3),
	(381, 'Botina, modelo de AMARRAR - AGENTE DE ENDEMIAS, em couro ao cromo estampa, relax, forrada na gáspia em TNT - Nº 37.', 'Botina, modelo de AMARRAR - AGENTE DE ENDEMIAS, em couro ao cromo estampa, relax, forrada na gáspia em TNT - Nº 37.', 6, -1, 'PAR', '1', 'RODRIGO DIEGO', '2019-10-18 08:40:04', 'RODRIGO DIEGO', '2019-10-18 08:40:04', 'N', 3),
	(382, 'Botina, modelo de AMARRAR - AGENTE DE ENDEMIAS, em couro ao cromo estampa, relax, forrada na gáspia em TNT - Nº 38.', 'Botina, modelo de AMARRAR - AGENTE DE ENDEMIAS, em couro ao cromo estampa, relax, forrada na gáspia em TNT - Nº 38.', 6, -1, 'PAR', '1', 'RODRIGO DIEGO', '2019-10-18 08:40:50', 'RODRIGO DIEGO', '2019-10-18 08:40:50', 'N', 3),
	(383, 'Botina, modelo de AMARRAR - AGENTE DE ENDEMIAS, em couro ao cromo estampa, relax, forrada na gáspia em TNT - Nº 39.', 'Botina, modelo de AMARRAR - AGENTE DE ENDEMIAS, em couro ao cromo estampa, relax, forrada na gáspia em TNT - Nº 39.', 6, -1, 'PAR', '1', 'RODRIGO DIEGO', '2019-10-18 08:41:17', 'RODRIGO DIEGO', '2019-10-18 08:41:17', 'N', 3),
	(384, 'Botina, modelo de AMARRAR - AGENTE DE ENDEMIAS, em couro ao cromo estampa, relax, forrada na gáspia em TNT - Nº 40.', 'Botina, modelo de AMARRAR - AGENTE DE ENDEMIAS, em couro ao cromo estampa, relax, forrada na gáspia em TNT - Nº 40.', 6, -1, 'PAR', '1', 'RODRIGO DIEGO', '2019-10-18 08:41:52', 'RODRIGO DIEGO', '2019-10-18 08:41:52', 'N', 3),
	(385, 'Botina, modelo de AMARRAR - AGENTE DE ENDEMIAS, em couro ao cromo estampa, relax, forrada na gáspia em TNT - Nº 41.', 'Botina, modelo de AMARRAR - AGENTE DE ENDEMIAS, em couro ao cromo estampa, relax, forrada na gáspia em TNT - Nº 41.', 6, -1, 'PAR', '1', 'RODRIGO DIEGO', '2019-10-18 08:42:49', 'RODRIGO DIEGO', '2019-10-18 08:42:49', 'N', 3),
	(386, 'Botina, modelo de AMARRAR - AGENTE DE ENDEMIAS, em couro ao cromo estampa, relax, forrada na gáspia em TNT - Nº 42.', 'Botina, modelo de AMARRAR - AGENTE DE ENDEMIAS, em couro ao cromo estampa, relax, forrada na gáspia em TNT - Nº 42.', 6, -1, 'PAR', '1', 'RODRIGO DIEGO', '2019-10-18 08:44:09', 'RODRIGO DIEGO', '2019-10-18 08:44:09', 'N', 3),
	(387, 'Botina, modelo de AMARRAR - AGENTE DE ENDEMIAS, em couro ao cromo estampa, relax, forrada na gáspia em TNT - Nº 43.', 'Botina, modelo de AMARRAR - AGENTE DE ENDEMIAS, em couro ao cromo estampa, relax, forrada na gáspia em TNT - Nº 43.', 6, -1, 'PAR', '1', 'RODRIGO DIEGO', '2019-10-18 08:46:34', 'RODRIGO DIEGO', '2019-10-18 08:46:34', 'N', 3),
	(388, 'Camisa MASCULINA, AGENTE ENDEMIAS - Tamanho PP - Manga LONGA, cor CAQUI, Barra simples. (JALECO).', 'Camisa MASCULINA, AGENTE ENDEMIAS - Tamanho PP - Manga LONGA, cor CAQUI, Barra simples. (JALECO).', 6, -1, 'UNIDADE', '1', 'RODRIGO DIEGO', '2019-10-18 08:51:56', 'RODRIGO DIEGO', '2019-10-18 08:51:56', 'N', 3),
	(389, 'Camisa MASCULINA, AGENTE ENDEMIAS - Tamanho P - Manga LONGA, cor CAQUI, Barra simples. (JALECO).', 'Camisa MASCULINA, AGENTE ENDEMIAS - Tamanho P - Manga LONGA, cor CAQUI, Barra simples. (JALECO).', 6, -1, 'UNIDADE', '1', 'RODRIGO DIEGO', '2019-10-18 08:51:39', 'RODRIGO DIEGO', '2019-10-18 08:51:39', 'N', 3),
	(390, 'Camisa MASCULINA, AGENTE ENDEMIAS - Tamanho M - Manga LONGA, cor CAQUI, Barra simples. (JALECO).', 'Camisa MASCULINA, AGENTE ENDEMIAS - Tamanho M - Manga LONGA, cor CAQUI, Barra simples. (JALECO).', 6, -1, 'UNIDADE', '1', 'RODRIGO DIEGO', '2019-10-18 08:54:24', 'RODRIGO DIEGO', '2019-10-18 08:54:24', 'N', 3),
	(391, 'Camisa MASCULINA, AGENTE ENDEMIAS - Tamanho G - Manga LONGA, cor CAQUI, Barra simples. (JALECO).', 'Camisa MASCULINA, AGENTE ENDEMIAS - Tamanho G - Manga LONGA, cor CAQUI, Barra simples. (JALECO).', 6, -1, 'UNIDADE', '1', 'RODRIGO DIEGO', '2019-10-18 08:55:17', 'RODRIGO DIEGO', '2019-10-18 08:55:17', 'N', 3),
	(392, 'Camisa MASCULINA, AGENTE ENDEMIAS - Tamanho GG - Manga LONGA, cor CAQUI, Barra simples. (JALECO).', 'Camisa MASCULINA, AGENTE ENDEMIAS - Tamanho GG - Manga LONGA, cor CAQUI, Barra simples. (JALECO).', 6, -1, 'UNIDADE', '1', 'RODRIGO DIEGO', '2019-10-18 08:56:15', 'RODRIGO DIEGO', '2019-10-18 08:56:15', 'N', 3),
	(393, 'Camisa MASCULINA, AGENTE ENDEMIAS - Tamanho EXG - Manga LONGA, cor CAQUI, Barra simples. (JALECO).', 'Camisa MASCULINA, AGENTE ENDEMIAS - Tamanho EXG - Manga LONGA, cor CAQUI, Barra simples. (JALECO).', 6, -1, 'PAR', '1', 'RODRIGO DIEGO', '2019-10-18 09:01:58', 'RODRIGO DIEGO', '2019-10-18 09:01:58', 'N', 3),
	(394, 'SAMU - MACACÃO AZUL SAMU - Tamanho PP', 'SAMU - MACACÃO AZUL SAMU - Tamanho PP', 6, -1, 'UNIDADE', '1', 'RODRIGO DIEGO', '2019-10-18 09:04:48', 'RODRIGO DIEGO', '2019-10-18 09:04:48', 'N', 3),
	(395, 'SAMU - MACACÃO AZUL SAMU - Tamanho P', 'SAMU - MACACÃO AZUL SAMU - Tamanho P', 6, -1, 'UNIDADE', '1', 'RODRIGO DIEGO', '2019-10-18 09:05:16', 'RODRIGO DIEGO', '2019-10-18 09:05:16', 'N', 3),
	(396, 'SAMU - MACACÃO AZUL SAMU - Tamanho M.', 'SAMU - MACACÃO AZUL SAMU - Tamanho M.', 6, -1, 'UNIDADE', '1', 'RODRIGO DIEGO', '2019-10-18 09:05:44', 'RODRIGO DIEGO', '2019-10-18 09:05:44', 'N', 3),
	(397, 'SAMU - MACACÃO AZUL SAMU - Tamanho G.', 'SAMU - MACACÃO AZUL SAMU - Tamanho G.', 6, -1, 'UNIDADE', '1', 'RODRIGO DIEGO', '2019-10-18 09:06:19', 'RODRIGO DIEGO', '2019-10-18 09:06:19', 'N', 3),
	(398, 'SAMU - MACACÃO AZUL SAMU - Tamanho GG.', 'SAMU - MACACÃO AZUL SAMU - Tamanho GG.', 5, -1, 'UNIDADE', '1', 'RODRIGO DIEGO', '2019-10-18 09:07:47', 'RODRIGO DIEGO', '2019-10-18 09:07:47', 'N', 3),
	(399, 'SAMU - MACACÃO AZUL SAMU - Tamanho EXG.', 'SAMU - MACACÃO AZUL SAMU - Tamanho EXG.', 6, -1, 'UNIDADE', '1', 'RODRIGO DIEGO', '2019-10-18 09:08:30', 'RODRIGO DIEGO', '2019-10-18 09:08:30', 'N', 3),
	(400, 'Bota em COURO, cano LONGO, Modelo SAMU - Nº 36', 'Bota em COURO, cano LONGO, Modelo SAMU - Nº 36', 6, -1, 'UNIDADE', '1', 'RODRIGO DIEGO', '2019-10-18 09:12:34', 'RODRIGO DIEGO', '2019-10-18 09:12:34', 'N', 3),
	(401, 'Bota em COURO, cano LONGO, Modelo SAMU - Nº 37', 'Bota em COURO, cano LONGO, Modelo SAMU - Nº 37', 6, -1, 'UNIDADE', '1', 'RODRIGO DIEGO', '2019-10-18 09:12:57', 'RODRIGO DIEGO', '2019-10-18 09:12:57', 'N', 3),
	(402, 'Bota em COURO, cano LONGO, Modelo SAMU - Nº 38', 'Bota em COURO, cano LONGO, Modelo SAMU - Nº 38', 6, -1, 'UNIDADE', '1', 'RODRIGO DIEGO', '2019-10-18 09:13:14', 'RODRIGO DIEGO', '2019-10-18 09:13:14', 'N', 3),
	(403, 'Bota em COURO, cano LONGO, Modelo SAMU - Nº 39', 'Bota em COURO, cano LONGO, Modelo SAMU - Nº 39.', 6, -1, 'UNIDADE', '-1', 'RODRIGO DIEGO', '2019-10-18 09:13:41', 'RODRIGO DIEGO', '2019-10-18 09:13:41', 'N', 3),
	(404, 'Bota em COURO, cano LONGO, Modelo SAMU - Nº 40.', 'Bota em COURO, cano LONGO, Modelo SAMU - Nº 40', 6, -1, 'UNIDADE', '1', 'RODRIGO DIEGO', '2019-10-18 09:14:13', 'RODRIGO DIEGO', '2019-10-18 09:14:13', 'N', 3),
	(405, 'Bota em COURO, cano LONGO, Modelo SAMU - Nº 41.', 'Bota em COURO, cano LONGO, Modelo SAMU - Nº 41', 6, -1, 'UNIDADE', '1', 'RODRIGO DIEGO', '2019-10-18 09:14:38', 'RODRIGO DIEGO', '2019-10-18 09:14:38', 'N', 3),
	(406, 'SAMU - Camisetas em malha PV, (67% poliéster e 33% viscose). Tamanho P.', 'SAMU - Camisetas em malha PV, (67% poliéster e 33% viscose). Tamanho P', 6, -1, 'UNIDADE', '1', 'RODRIGO DIEGO', '2019-10-18 09:18:39', 'RODRIGO DIEGO', '2019-10-18 09:18:39', 'N', 3),
	(407, 'SAMU - Camisetas em malha PV, (67% poliéster e 33% viscose). Tamanho M', 'SAMU - Camisetas em malha PV, (67% poliéster e 33% viscose). Tamanho M', 6, -1, 'UNIDADE', '1', 'RODRIGO DIEGO', '2019-10-18 09:18:11', 'RODRIGO DIEGO', '2019-10-18 09:18:11', 'N', 3),
	(408, 'SAMU - Camisetas em malha PV, (67% poliéster e 33% viscose). Tamanho G.', 'SAMU - Camisetas em malha PV, (67% poliéster e 33% viscose). Tamanho G.', 6, -1, 'UNIDADE', '1', 'RODRIGO DIEGO', '2019-10-18 09:19:04', 'RODRIGO DIEGO', '2019-10-18 09:19:04', 'N', 3),
	(409, 'SAMU - MALETA MÉDIA Cor AZUL - Média', 'SAMU - MALETA MÉDIA Cor AZUL - Média', 6, -1, 'UNIDADE', '1', 'RODRIGO DIEGO', '2019-10-18 09:21:51', 'RODRIGO DIEGO', '2019-10-18 09:21:51', 'N', 3),
	(410, 'SAMU - MALETA MÉDIA Cor VERMELHA - Média', 'SAMU - MALETA MÉDIA Cor VERMELHA - Média', 6, -1, 'UNIDADE', '1', 'RODRIGO DIEGO', '2019-10-18 09:22:45', 'RODRIGO DIEGO', '2019-10-18 09:22:45', 'N', 3),
	(411, 'SAMU - MALETA MÉDIA Cor VERDE - EXTRA GRANDE', 'SAMU - MALETA MÉDIA Cor VERDE - EXTRA GRANDE', 6, -1, 'UNIDADE', '1', 'RODRIGO DIEGO', '2019-10-18 09:23:59', 'RODRIGO DIEGO', '2019-10-18 09:23:59', 'N', 3),
	(412, 'Jaleco MÉDICO, Unisex, Na cor Branca, UPA. Tamanho PP', 'Jaleco MÉDICO, Unisex, Na cor Branca, UPA. Tamanho PP', 6, -1, 'UNIDADE', '1', 'RODRIGO DIEGO', '2019-10-18 10:36:17', 'RODRIGO DIEGO', '2019-10-18 10:36:17', 'N', 3),
	(413, 'Jaleco MÉDICO, Unisex, Na cor Branca, UPA. Tamanho P', 'Jaleco MÉDICO, Unisex, Na cor Branca, UPA. Tamanho P', 6, -1, 'UNIDADE', '1', 'RODRIGO DIEGO', '2019-10-18 10:37:27', 'RODRIGO DIEGO', '2019-10-18 10:37:27', 'N', 3),
	(414, 'Jaleco MÉDICO, Unisex, Na cor Branca, UPA. Tamanho M', 'Jaleco MÉDICO, Unisex, Na cor Branca, UPA. Tamanho M', 6, -1, 'UNIDADE', '1', 'RODRIGO DIEGO', '2019-10-18 10:37:53', 'RODRIGO DIEGO', '2019-10-18 10:37:53', 'N', 3),
	(415, 'Jaleco MÉDICO, Unisex, Na cor Branca, UPA. Tamanho G', 'Jaleco MÉDICO, Unisex, Na cor Branca, UPA. Tamanho G', 6, -1, 'UNIDADE', '1', 'RODRIGO DIEGO', '2019-10-18 10:38:22', 'RODRIGO DIEGO', '2019-10-18 10:38:22', 'N', 3),
	(416, 'Jaleco MÉDICO, Unisex, Na cor Branca, UPA. Tamanho GG', 'Jaleco MÉDICO, Unisex, Na cor Branca, UPA. Tamanho GG', 5, -1, 'UNIDADE', '1', 'RODRIGO DIEGO', '2019-10-18 10:38:48', 'RODRIGO DIEGO', '2019-10-18 10:38:48', 'N', 3),
	(417, 'Jaleco MÉDICO, Unisex, Na cor Branca, UPA. Tamanho EXG', 'Jaleco MÉDICO, Unisex, Na cor Branca, UPA. Tamanho EXG', 6, -1, 'UNIDADE', '1', 'RODRIGO DIEGO', '2019-10-18 10:39:26', 'RODRIGO DIEGO', '2019-10-18 10:39:26', 'N', 3),
	(418, 'UPA - Camiseta, Serviços Gerais, Unisex, Gola "O", Manga CURTA - Tamanho PP', 'UPA - Camiseta, Serviços Gerais, Unisex, Gola "O", Manga CURTA - Tamanho PP', 6, -1, 'UNIDADE', '1', 'RODRIGO DIEGO', '2019-10-18 10:47:37', 'RODRIGO DIEGO', '2019-10-18 10:47:37', 'N', 3),
	(419, 'UPA - Camiseta, Serviços Gerais, Unisex, Gola "O", Manga CURTA - Tamanho P', 'UPA - Camiseta, Serviços Gerais, Unisex, Gola "O", Manga CURTA - Tamanho P', 6, -1, 'UNIDADE', '1', 'RODRIGO DIEGO', '2019-10-18 10:47:59', 'RODRIGO DIEGO', '2019-10-18 10:47:59', 'N', 3),
	(420, 'UPA - Camiseta, Serviços Gerais, Unisex, Gola "O", Manga CURTA - Tamanho M', 'UPA - Camiseta, Serviços Gerais, Unisex, Gola "O", Manga CURTA - Tamanho M', 6, -1, 'UNIDADE', '1', 'RODRIGO DIEGO', '2019-10-18 10:48:21', 'RODRIGO DIEGO', '2019-10-18 10:48:21', 'N', 3),
	(421, 'UPA - Camiseta, Serviços Gerais, Unisex, Gola "O", Manga CURTA - Tamanho G', 'UPA - Camiseta, Serviços Gerais, Unisex, Gola "O", Manga CURTA - Tamanho G', 6, -1, 'UNIDADE', '1', 'RODRIGO DIEGO', '2019-10-18 10:48:42', 'RODRIGO DIEGO', '2019-10-18 10:48:42', 'N', 3),
	(422, 'UPA - Camiseta, Serviços Gerais, Unisex, Gola "O", Manga CURTA - Tamanho GG', 'UPA - Camiseta, Serviços Gerais, Unisex, Gola "O", Manga CURTA - Tamanho GG', 6, -1, 'UNIDADE', '1', 'RODRIGO DIEGO', '2019-10-18 10:49:00', 'RODRIGO DIEGO', '2019-10-18 10:49:00', 'N', 3),
	(423, 'UPA - Camiseta, Serviços Gerais, Unisex, Gola "O", Manga CURTA - Tamanho EXG', 'UPA - Camiseta, Serviços Gerais, Unisex, Gola "O", Manga CURTA - Tamanho EXG', 6, -1, 'UNIDADE', '1', 'RODRIGO DIEGO', '2019-10-18 10:49:17', 'RODRIGO DIEGO', '2019-10-18 10:49:17', 'N', 3),
	(424, 'UPA - Camiseta, Unissex, adulto, GOLA POLO, Modelo 02 botões, MANGA CURTA, cor Branca. Tamanho PP', 'UPA - Camiseta, Unissex, adulto, GOLA POLO, Modelo 02 botões, MANGA CURTA, cor Branca. Tamanho PP', 6, -1, 'UNIDADE', '1', 'RODRIGO DIEGO', '2019-10-18 10:55:04', 'RODRIGO DIEGO', '2019-10-18 10:55:04', 'N', 3),
	(425, 'UPA - Camiseta, Unissex, adulto, GOLA POLO, Modelo 02 botões, MANGA CURTA, cor Branca. Tamanho P', 'UPA - Camiseta, Unissex, adulto, GOLA POLO, Modelo 02 botões, MANGA CURTA, cor Branca. Tamanho P', 6, -1, 'UNIDADE', '1', 'RODRIGO DIEGO', '2019-10-18 10:56:49', 'RODRIGO DIEGO', '2019-10-18 10:56:49', 'N', 3),
	(426, 'UPA - Camiseta, Unissex, adulto, GOLA POLO, Modelo 02 botões, MANGA CURTA, cor Branca. Tamanho M', 'UPA - Camiseta, Unissex, adulto, GOLA POLO, Modelo 02 botões, MANGA CURTA, cor Branca. Tamanho M', 6, -1, 'UNIDADE', '1', 'RODRIGO DIEGO', '2019-10-18 10:57:08', 'RODRIGO DIEGO', '2019-10-18 10:57:08', 'N', 3),
	(427, 'UPA - Camiseta, Unissex, adulto, GOLA POLO, Modelo 02 botões, MANGA CURTA, cor Branca. Tamanho G', 'UPA - Camiseta, Unissex, adulto, GOLA POLO, Modelo 02 botões, MANGA CURTA, cor Branca. Tamanho G', 6, -1, 'UNIDADE', '1', 'RODRIGO DIEGO', '2019-10-18 10:57:31', 'RODRIGO DIEGO', '2019-10-18 10:57:31', 'N', 3),
	(428, 'UPA - Camiseta, Unissex, adulto, GOLA POLO, Modelo 02 botões, MANGA CURTA, cor Branca. Tamanho GG', 'UPA - Camiseta, Unissex, adulto, GOLA POLO, Modelo 02 botões, MANGA CURTA, cor Branca. Tamanho GG', 6, -1, 'UNIDADE', '1', 'RODRIGO DIEGO', '2019-10-18 10:57:53', 'RODRIGO DIEGO', '2019-10-18 10:57:53', 'N', 3),
	(429, 'UPA - Camiseta, Unissex, adulto, GOLA POLO, Modelo 02 botões, MANGA CURTA, cor Branca. Tamanho EXG', 'UPA - Camiseta, Unissex, adulto, GOLA POLO, Modelo 02 botões, MANGA CURTA, cor Branca. Tamanho EXG', 6, -1, 'UNIDADE', '1', 'RODRIGO DIEGO', '2019-10-18 10:58:44', 'RODRIGO DIEGO', '2019-10-18 10:58:44', 'N', 3),
	(430, 'UPA - Colete Cor AZUL - Posso Ajudar - Tamanho P', 'UPA - Colete Cor AZUL - Posso Ajudar - Tamanho P', 6, -1, 'UNIDADE', '1', 'RODRIGO DIEGO', '2019-10-18 11:25:51', 'RODRIGO DIEGO', '2019-10-18 11:25:51', 'N', 3),
	(431, 'UPA - Colete Cor AZUL - Posso Ajudar - Tamanho M', 'UPA - Colete Cor AZUL - Posso Ajudar - Tamanho M', 6, -1, 'UNIDADE', '1', 'RODRIGO DIEGO', '2019-10-18 11:26:15', 'RODRIGO DIEGO', '2019-10-18 11:26:15', 'N', 3),
	(432, 'UPA - Colete Cor AZUL - Posso Ajudar - Tamanho G', 'UPA - Colete Cor AZUL - Posso Ajudar - Tamanho G', 6, -1, 'UNIDADE', '1', 'RODRIGO DIEGO', '2019-10-18 11:26:33', 'RODRIGO DIEGO', '2019-10-18 11:26:33', 'N', 3),
	(433, 'UPA - KIT SERVIÇOS GERAIS (Jaleco Azul Marinho Gola Clara Manga Longa + Calça Brim Azul Marinho) Tamanho PP', 'UPA - KIT SERVIÇOS GERAIS (Jaleco Azul Marinho Gola Clara Manga Longa + Calça Brim Azul Marinho) Tamanho PP', 6, -1, 'UNIDADE', '1', 'RODRIGO DIEGO', '2019-10-18 11:29:14', 'RODRIGO DIEGO', '2019-10-18 11:29:14', 'N', 3),
	(434, 'UPA - KIT SERVIÇOS GERAIS (Jaleco Azul Marinho Gola Clara Manga Longa + Calça Brim Azul Marinho) Tamanho P', 'UPA - KIT SERVIÇOS GERAIS (Jaleco Azul Marinho Gola Clara Manga Longa + Calça Brim Azul Marinho) Tamanho P', 6, -1, 'UNIDADE', '1', 'RODRIGO DIEGO', '2019-10-18 11:29:45', 'RODRIGO DIEGO', '2019-10-18 11:29:45', 'N', 3),
	(435, 'UPA - KIT SERVIÇOS GERAIS (Jaleco Azul Marinho Gola Clara Manga Longa + Calça Brim Azul Marinho) Tamanho M', 'UPA - KIT SERVIÇOS GERAIS (Jaleco Azul Marinho Gola Clara Manga Longa + Calça Brim Azul Marinho) Tamanho M', 6, -1, 'UNIDADE', '1', 'RODRIGO DIEGO', '2019-10-18 11:30:16', 'RODRIGO DIEGO', '2019-10-18 11:30:16', 'N', 3),
	(436, 'UPA - KIT SERVIÇOS GERAIS (Jaleco Azul Marinho Gola Clara Manga Longa + Calça Brim Azul Marinho) Tamanho G', 'UPA - KIT SERVIÇOS GERAIS (Jaleco Azul Marinho Gola Clara Manga Longa + Calça Brim Azul Marinho) Tamanho G', 6, -1, 'UNIDADE', '1', 'RODRIGO DIEGO', '2019-10-18 11:30:37', 'RODRIGO DIEGO', '2019-10-18 11:30:37', 'N', 3),
	(437, 'UPA - KIT SERVIÇOS GERAIS (Jaleco Azul Marinho Gola Clara Manga Longa + Calça Brim Azul Marinho) Tamanho GG', 'UPA - KIT SERVIÇOS GERAIS (Jaleco Azul Marinho Gola Clara Manga Longa + Calça Brim Azul Marinho) Tamanho GG', 6, -1, 'UNIDADE', '1', 'RODRIGO DIEGO', '2019-10-18 11:31:27', 'RODRIGO DIEGO', '2019-10-18 11:31:27', 'N', 3),
	(438, 'UPA - KIT SERVIÇOS GERAIS (Jaleco Azul Marinho Gola Clara Manga Longa + Calça Brim Azul Marinho) Tamanho EXG', 'UPA - KIT SERVIÇOS GERAIS (Jaleco Azul Marinho Gola Clara Manga Longa + Calça Brim Azul Marinho) Tamanho EXG', 6, -1, 'UNIDADE', '1', 'RODRIGO DIEGO', '2019-10-18 11:31:49', 'RODRIGO DIEGO', '2019-10-18 11:31:49', 'N', 3),
	(439, 'UPA - Jaleco Cor AZUL MARINHO, Gola Clara, Manga Longa SERVIÇOS GERAIS - Tamanho PP', 'UPA - Jaleco Cor AZUL MARINHO, Gola Clara, Manga Longa SERVIÇOS GERAIS - Tamanho PP', 6, -1, 'UNIDADE', '1', 'RODRIGO DIEGO', '2019-10-18 11:34:57', 'RODRIGO DIEGO', '2019-10-18 11:34:57', 'N', 3),
	(440, 'UPA - Jaleco Cor AZUL MARINHO, Gola Clara, Manga Longa SERVIÇOS GERAIS - Tamanho P', 'UPA - Jaleco Cor AZUL MARINHO, Gola Clara, Manga Longa SERVIÇOS GERAIS - Tamanho P', 6, -1, 'UNIDADE', '1', 'RODRIGO DIEGO', '2019-10-18 11:34:14', 'RODRIGO DIEGO', '2019-10-18 11:34:14', 'N', 3),
	(441, 'UPA - Jaleco Cor AZUL MARINHO, Gola Clara, Manga Longa SERVIÇOS GERAIS - Tamanho M', 'UPA - Jaleco Cor AZUL MARINHO, Gola Clara, Manga Longa SERVIÇOS GERAIS - Tamanho M', 6, -1, 'UNIDADE', '1', 'RODRIGO DIEGO', '2019-10-18 11:39:19', 'RODRIGO DIEGO', '2019-10-18 11:39:19', 'N', 3),
	(442, 'UPA - Jaleco Cor AZUL MARINHO, Gola Clara, Manga Longa SERVIÇOS GERAIS - Tamanho G', 'UPA - Jaleco Cor AZUL MARINHO, Gola Clara, Manga Longa SERVIÇOS GERAIS - Tamanho G', 6, -1, 'UNIDADE', '1', 'RODRIGO DIEGO', '2019-10-18 11:40:10', 'RODRIGO DIEGO', '2019-10-18 11:40:10', 'N', 3),
	(443, 'UPA - Jaleco Cor AZUL MARINHO, Gola Clara, Manga Longa SERVIÇOS GERAIS - Tamanho GG', 'UPA - Jaleco Cor AZUL MARINHO, Gola Clara, Manga Longa SERVIÇOS GERAIS - Tamanho GG', 6, -1, 'UNIDADE', '1', 'RODRIGO DIEGO', '2019-10-18 11:41:04', 'RODRIGO DIEGO', '2019-10-18 11:41:04', 'N', 3),
	(444, 'Jaleco ODONTOLÓGICO, Unisex, Na cor Branca, PSF - Tamanho PP', 'Jaleco ODONTOLÓGICO, Unisex, Na cor Branca, PSF - Tamanho PP', 6, -1, 'UNIDADE', '1', 'RODRIGO DIEGO', '2019-10-18 11:45:34', 'RODRIGO DIEGO', '2019-10-18 11:45:34', 'N', 3),
	(445, 'Jaleco ODONTOLÓGICO, Unisex, Na cor Branca, PSF - Tamanho P', 'Jaleco ODONTOLÓGICO, Unisex, Na cor Branca, PSF - Tamanho P', 6, -1, 'UNIDADE', '1', 'RODRIGO DIEGO', '2019-10-18 11:43:35', 'RODRIGO DIEGO', '2019-10-18 11:43:35', 'N', 3),
	(446, 'Jaleco ODONTOLÓGICO, Unisex, Na cor Branca, PSF - Tamanho M', 'Jaleco ODONTOLÓGICO, Unisex, Na cor Branca, PSF - Tamanho M', 6, -1, 'UNIDADE', '1', 'RODRIGO DIEGO', '2019-10-18 11:46:50', 'RODRIGO DIEGO', '2019-10-18 11:46:50', 'N', 3),
	(447, 'Jaleco ODONTOLÓGICO, Unisex, Na cor Branca, PSF - Tamanho G', 'Jaleco ODONTOLÓGICO, Unisex, Na cor Branca, PSF - Tamanho G', 6, -1, 'UNIDADE', '1', 'RODRIGO DIEGO', '2019-10-18 11:47:05', 'RODRIGO DIEGO', '2019-10-18 11:47:05', 'N', 3),
	(448, 'Jaleco ODONTOLÓGICO, Unisex, Na cor Branca, PSF - Tamanho GG', 'Jaleco ODONTOLÓGICO, Unisex, Na cor Branca, PSF - Tamanho GG', 6, -1, 'UNIDADE', '1', 'RODRIGO DIEGO', '2019-10-18 11:47:43', 'RODRIGO DIEGO', '2019-10-18 11:47:43', 'N', 3),
	(449, 'Jaleco ODONTOLÓGICO, Unisex, Na cor Branca, PSF - Tamanho EXG', 'Jaleco ODONTOLÓGICO, Unisex, Na cor Branca, PSF - Tamanho EXG', 6, -1, 'UNIDADE', '1', 'RODRIGO DIEGO', '2019-10-18 11:48:08', 'RODRIGO DIEGO', '2019-10-18 11:48:08', 'N', 3),
	(450, 'PSF - Jaleco MÉDICO, Unisex, Na cor Branca, Manga Longa, Tamanho PP', 'PSF - Jaleco MÉDICO, Unisex, Na cor Branca, Manga Longa, Tamanho PP', 6, -1, 'UNIDADE', '1', 'RODRIGO DIEGO', '2019-10-18 11:50:13', 'RODRIGO DIEGO', '2019-10-18 11:50:13', 'N', 3),
	(451, 'PSF - Jaleco MÉDICO, Unisex, Na cor Branca, Manga Longa, Tamanho P', 'PSF - Jaleco MÉDICO, Unisex, Na cor Branca, Manga Longa, Tamanho P', 6, -1, 'UNIDADE', '1', 'RODRIGO DIEGO', '2019-10-18 11:49:50', 'RODRIGO DIEGO', '2019-10-18 11:49:50', 'N', 3),
	(452, 'PSF - Jaleco MÉDICO, Unisex, Na cor Branca, Manga Longa, Tamanho M', 'PSF - Jaleco MÉDICO, Unisex, Na cor Branca, Manga Longa, Tamanho M', 6, -1, 'UNIDADE', '1', 'RODRIGO DIEGO', '2019-10-18 11:50:34', 'RODRIGO DIEGO', '2019-10-18 11:50:34', 'N', 3),
	(453, 'PSF - Jaleco MÉDICO, Unisex, Na cor Branca, Manga Longa, Tamanho G', 'PSF - Jaleco MÉDICO, Unisex, Na cor Branca, Manga Longa, Tamanho G', 6, -1, 'UNIDADE', '1', 'RODRIGO DIEGO', '2019-10-18 11:50:53', 'RODRIGO DIEGO', '2019-10-18 11:50:53', 'N', 3),
	(454, 'PSF - Jaleco MÉDICO, Unisex, Na cor Branca, Manga Longa, Tamanho GG', 'PSF - Jaleco MÉDICO, Unisex, Na cor Branca, Manga Longa, Tamanho GG', 6, -1, 'UNIDADE', '1', 'RODRIGO DIEGO', '2019-10-18 11:51:09', 'RODRIGO DIEGO', '2019-10-18 11:51:09', 'N', 3),
	(455, 'PSF - Jaleco MÉDICO, Unisex, Na cor Branca, Manga Longa, Tamanho EXG', 'PSF - Jaleco MÉDICO, Unisex, Na cor Branca, Manga Longa, Tamanho EXG', 6, -1, 'UNIDADE', '1', 'RODRIGO DIEGO', '2019-10-18 11:51:26', 'RODRIGO DIEGO', '2019-10-18 11:51:26', 'N', 3),
	(456, 'Colete Adulto, Unissex, sem manga, Cor PRETO - VIGILÂNCIA SANITÁRIA FISCAL - Tamanho P', 'Colete Adulto, Unissex, sem manga, Cor PRETO - VIGILÂNCIA SANITÁRIA FISCAL, Tamanho P', 6, -1, 'UNIDADE', '1', 'RODRIGO DIEGO', '2019-10-18 11:55:27', 'RODRIGO DIEGO', '2019-10-18 11:55:27', 'N', 3),
	(457, 'Colete Adulto, Unissex, sem manga, Cor PRETO - VIGILÂNCIA SANITÁRIA FISCAL - Tamanho M', 'Colete Adulto, Unissex, sem manga, Cor PRETO - VIGILÂNCIA SANITÁRIA FISCAL, Tamanho M', 6, -1, 'UNIDADE', '1', 'RODRIGO DIEGO', '2019-10-18 11:55:56', 'RODRIGO DIEGO', '2019-10-18 11:55:56', 'N', 3),
	(458, 'Colete Adulto, Unissex, sem manga, Cor PRETO - VIGILÂNCIA SANITÁRIA FISCAL - Tamanho G', 'Colete Adulto, Unissex, sem manga, Cor PRETO - VIGILÂNCIA SANITÁRIA FISCAL, Tamanho G', 6, -1, 'UNIDADE', '1', 'RODRIGO DIEGO', '2019-10-18 11:56:17', 'RODRIGO DIEGO', '2019-10-18 11:56:17', 'N', 3),
	(459, 'Botas Modelo 7 Léguas - Serviços Gerais (BORRACHA) - Nº 34', 'Botas Modelo 7 Léguas - Serviços Gerais (BORRACHA) - Nº 34', 6, -1, 'UNIDADE', '1', 'RODRIGO DIEGO', '2019-10-18 12:05:20', 'RODRIGO DIEGO', '2019-10-18 12:05:20', 'N', 3),
	(460, 'Botas Modelo 7 Léguas - Serviços Gerais (BORRACHA) - Nº 35', 'Botas Modelo 7 Léguas - Serviços Gerais (BORRACHA) - Nº 35', 6, -1, 'UNIDADE', '1', 'RODRIGO DIEGO', '2019-10-18 13:14:45', 'RODRIGO DIEGO', '2019-10-18 13:14:45', 'N', 3),
	(461, 'Botas Modelo 7 Léguas - Serviços Gerais (BORRACHA) - Nº 36', 'Botas Modelo 7 Léguas - Serviços Gerais (BORRACHA) - Nº 36', 6, -1, 'UNIDADE', '1', 'RODRIGO DIEGO', '2019-10-18 13:13:42', 'RODRIGO DIEGO', '2019-10-18 13:13:42', 'N', 3),
	(462, 'Botas Modelo 7 Léguas - Serviços Gerais (BORRACHA) - Nº 37', 'Botas Modelo 7 Léguas - Serviços Gerais (BORRACHA) - Nº 37', 6, -1, 'UNIDADE', '1', 'RODRIGO DIEGO', '2019-10-18 13:15:15', 'RODRIGO DIEGO', '2019-10-18 13:15:15', 'N', 3),
	(463, 'Botas Modelo 7 Léguas - Serviços Gerais (BORRACHA) - Nº 38', 'Botas Modelo 7 Léguas - Serviços Gerais (BORRACHA) - Nº 38', 6, -1, 'UNIDADE', '1', 'RODRIGO DIEGO', '2019-10-18 13:15:29', 'RODRIGO DIEGO', '2019-10-18 13:15:29', 'N', 3),
	(464, 'Botas Modelo 7 Léguas - Serviços Gerais (BORRACHA) - Nº 39', 'Botas Modelo 7 Léguas - Serviços Gerais (BORRACHA) - Nº 39', 6, -1, 'UNIDADE', '1', 'RODRIGO DIEGO', '2019-10-18 13:15:45', 'RODRIGO DIEGO', '2019-10-18 13:15:45', 'N', 3),
	(465, 'Botas Modelo 7 Léguas - Serviços Gerais (BORRACHA) - Nº 40', 'Botas Modelo 7 Léguas - Serviços Gerais (BORRACHA) - Nº 40', 6, -1, 'UNIDADE', '1', 'RODRIGO DIEGO', '2019-10-18 13:16:24', 'RODRIGO DIEGO', '2019-10-18 13:16:24', 'N', 3),
	(466, 'Botas Modelo 7 Léguas - Serviços Gerais (BORRACHA) - Nº 41', 'Botas Modelo 7 Léguas - Serviços Gerais (BORRACHA) - Nº 41', 6, -1, 'UNIDADE', '1', 'RODRIGO DIEGO', '2019-10-18 13:16:46', 'RODRIGO DIEGO', '2019-10-18 13:16:46', 'N', 3),
	(467, 'Botas Modelo 7 Léguas - Serviços Gerais (BORRACHA) - Nº 42', 'Botas Modelo 7 Léguas - Serviços Gerais (BORRACHA) - Nº 42', 6, -1, 'UNIDADE', '1', 'RODRIGO DIEGO', '2019-10-18 13:18:40', 'RODRIGO DIEGO', '2019-10-18 13:18:40', 'N', 3),
	(468, 'Botas Modelo 7 Léguas - Serviços Gerais (BORRACHA) - Nº 43', 'Botas Modelo 7 Léguas - Serviços Gerais (BORRACHA) - Nº 43', 6, -1, 'UNIDADE', '1', 'RODRIGO DIEGO', '2019-10-18 13:18:58', 'RODRIGO DIEGO', '2019-10-18 13:18:58', 'N', 3),
	(469, 'Calça Serviços Gerais - TECTEL 100% POLIÉSTER, Unissex, Na cor PRETA. Tamanho PP', 'Calça Serviços Gerais - TECTEL 100% POLIÉSTER, Unissex, Na cor PRETA. Tamanho PP', 6, -1, 'UNIDADE', '1', 'RODRIGO DIEGO', '2019-10-18 13:25:29', 'RODRIGO DIEGO', '2019-10-18 13:25:29', 'N', 3),
	(470, 'Calça Serviços Gerais - TECTEL 100% POLIÉSTER, Unissex, Na cor PRETA. Tamanho P', 'Calça Serviços Gerais - TECTEL 100% POLIÉSTER, Unissex, Na cor PRETA. Tamanho P', 6, -1, 'UNIDADE', '1', 'RODRIGO DIEGO', '2019-10-18 13:21:47', 'RODRIGO DIEGO', '2019-10-18 13:21:47', 'N', 3),
	(471, 'Calça Serviços Gerais - TECTEL 100% POLIÉSTER, Unissex, Na cor PRETA. Tamanho M', 'Calça Serviços Gerais - TECTEL 100% POLIÉSTER, Unissex, Na cor PRETA. Tamanho M', 6, -1, 'UNIDADE', '1', 'RODRIGO DIEGO', '2019-10-18 13:22:59', 'RODRIGO DIEGO', '2019-10-18 13:22:59', 'N', 3),
	(472, 'Calça Serviços Gerais - TECTEL 100% POLIÉSTER, Unissex, Na cor PRETA. Tamanho G', 'Calça Serviços Gerais - TECTEL 100% POLIÉSTER, Unissex, Na cor PRETA. Tamanho G', 6, -1, 'UNIDADE', '1', 'RODRIGO DIEGO', '2019-10-18 13:23:38', 'RODRIGO DIEGO', '2019-10-18 13:23:38', 'N', 3),
	(473, 'Calça Serviços Gerais - TECTEL 100% POLIÉSTER, Unissex, Na cor PRETA. Tamanho GG', 'Calça Serviços Gerais - TECTEL 100% POLIÉSTER, Unissex, Na cor PRETA. Tamanho GG', 6, -1, 'UNIDADE', '1', 'RODRIGO DIEGO', '2019-10-18 13:24:41', 'RODRIGO DIEGO', '2019-10-18 13:24:41', 'N', 3),
	(474, 'Calça Serviços Gerais - TECTEL 100% POLIÉSTER, Unissex, Na cor PRETA. Tamanho EXG', 'Calça Serviços Gerais - TECTEL 100% POLIÉSTER, Unissex, Na cor PRETA. Tamanho EXG', 6, -1, 'UNIDADE', '1', 'RODRIGO DIEGO', '2019-10-18 13:25:48', 'RODRIGO DIEGO', '2019-10-18 13:25:48', 'N', 3),
	(475, 'Camiseta, Unisex, Gola em formato "O" com a mesma COR DO TECIDO - Cor AZUL MARINHO - Tamanho PP', 'Camiseta, Unisex, Gola em formato "O" com a mesma COR DO TECIDO - Cor AZUL MARINHO - Tamanho PP', 6, -1, 'UNIDADE', '1', 'RODRIGO DIEGO', '2019-10-18 13:33:33', 'RODRIGO DIEGO', '2019-10-18 13:33:33', 'N', 3),
	(476, 'Camiseta, Unisex, Gola em formato "O" com a mesma COR DO TECIDO - Cor AZUL MARINHO - Tamanho P', 'Camiseta, Unisex, Gola em formato "O" com a mesma COR DO TECIDO - Cor AZUL MARINHO - Tamanho P', 6, -1, 'UNIDADE', '1', 'RODRIGO DIEGO', '2019-10-18 13:33:49', 'RODRIGO DIEGO', '2019-10-18 13:33:49', 'N', 3),
	(477, 'Camiseta, Unisex, Gola em formato "O" com a mesma COR DO TECIDO - Cor AZUL MARINHO - Tamanho M', 'Camiseta, Unisex, Gola em formato "O" com a mesma COR DO TECIDO - Cor AZUL MARINHO - Tamanho M', 6, -1, 'UNIDADE', '1', 'RODRIGO DIEGO', '2019-10-18 13:34:16', 'RODRIGO DIEGO', '2019-10-18 13:34:16', 'N', 3),
	(478, 'Camiseta, Unisex, Gola em formato "O" com a mesma COR DO TECIDO - Cor AZUL MARINHO - Tamanho G', 'Camiseta, Unisex, Gola em formato "O" com a mesma COR DO TECIDO - Cor AZUL MARINHO - Tamanho G', 6, -1, 'UNIDADE', '1', 'RODRIGO DIEGO', '2019-10-18 13:34:49', 'RODRIGO DIEGO', '2019-10-18 13:34:49', 'N', 3),
	(479, 'Camiseta, Unisex, Gola em formato "O" com a mesma COR DO TECIDO - Cor AZUL MARINHO - Tamanho GG', 'Camiseta, Unisex, Gola em formato "O" com a mesma COR DO TECIDO - Cor AZUL MARINHO - Tamanho GG', 6, -1, 'UNIDADE', '1', 'RODRIGO DIEGO', '2019-10-18 13:35:20', 'RODRIGO DIEGO', '2019-10-18 13:35:20', 'N', 3),
	(480, 'Camiseta, Unisex, Gola em formato "O" com a mesma COR DO TECIDO - Cor AZUL MARINHO - Tamanho EXG', 'Camiseta, Unisex, Gola em formato "O" com a mesma COR DO TECIDO - Cor AZUL MARINHO - Tamanho EXG', 6, -1, 'UNIDADE', '1', 'RODRIGO DIEGO', '2019-10-18 13:35:46', 'RODRIGO DIEGO', '2019-10-18 13:35:46', 'N', 3),
	(481, 'Camiseta Unissex, Adulto GOLA POLO, Modelo 2 Botões, Manga Curta. Tamanho PP', 'Camiseta Unissex, Adulto GOLA POLO, Modelo 2 Botões, Manga Curta. Tamanho PP', 6, -1, 'UNIDADE', '1', 'RODRIGO DIEGO', '2019-10-18 13:40:59', 'RODRIGO DIEGO', '2019-10-18 13:40:59', 'N', 3),
	(482, 'Camiseta Unissex, Adulto GOLA POLO, Modelo 2 Botões, Manga Curta. Tamanho P', 'Camiseta Unissex, Adulto GOLA POLO, Modelo 2 Botões, Manga Curta. Tamanho P', 6, -1, 'UNIDADE', '1', 'RODRIGO DIEGO', '2019-10-18 13:41:15', 'RODRIGO DIEGO', '2019-10-18 13:41:15', 'N', 3),
	(483, 'Camiseta Unissex, Adulto GOLA POLO, Modelo 2 Botões, Manga Curta. Tamanho M', 'Camiseta Unissex, Adulto GOLA POLO, Modelo 2 Botões, Manga Curta. Tamanho M', 6, -1, 'UNIDADE', '1', 'RODRIGO DIEGO', '2019-10-18 13:42:34', 'RODRIGO DIEGO', '2019-10-18 13:42:34', 'N', 3),
	(484, 'Camiseta Unissex, Adulto GOLA POLO, Modelo 2 Botões, Manga Curta. Tamanho G', 'Camiseta Unissex, Adulto GOLA POLO, Modelo 2 Botões, Manga Curta. Tamanho G', 6, -1, 'UNIDADE', '1', 'RODRIGO DIEGO', '2019-10-18 13:43:58', 'RODRIGO DIEGO', '2019-10-18 13:43:58', 'N', 3),
	(485, 'Camiseta Unissex, Adulto GOLA POLO, Modelo 2 Botões, Manga Curta. Tamanho EXG', 'Camiseta Unissex, Adulto GOLA POLO, Modelo 2 Botões, Manga Curta. Tamanho EXG', 6, -1, 'UNIDADE', '1', 'RODRIGO DIEGO', '2019-10-18 13:45:26', 'RODRIGO DIEGO', '2019-10-18 13:45:26', 'N', 3),
	(486, 'Camiseta, Feminina, BABY LOOK, Adulto, GOLA POLO, Modelo 02 botões, MANGA CURTA, Cor Azul Marinho.. Tamanho PP', 'Camiseta, Feminina, BABY LOOK, Adulto, GOLA POLO, Modelo 02 botões, MANGA CURTA, Cor Azul Marinho.. Tamanho PP', 6, -1, 'UNIDADE', '1', 'RODRIGO DIEGO', '2019-10-18 13:58:36', 'RODRIGO DIEGO', '2019-10-18 13:58:36', 'N', 3),
	(487, 'Camiseta, Feminina, BABY LOOK, Adulto, GOLA POLO, Modelo 02 botões, MANGA CURTA, Cor Azul Marinho. Tamanho P', 'Camiseta, Feminina, BABY LOOK, Adulto, GOLA POLO, Modelo 02 botões, MANGA CURTA, Cor Azul Marinho. Tamanho P', 6, -1, 'UNIDADE', '1', 'RODRIGO DIEGO', '2019-10-18 13:53:43', 'RODRIGO DIEGO', '2019-10-18 13:53:43', 'N', 3),
	(488, 'Camiseta, Feminina, BABY LOOK, Adulto, GOLA POLO, Modelo 02 botões, MANGA CURTA, Cor Azul Marinho.. Tamanho M', 'Camiseta, Feminina, BABY LOOK, Adulto, GOLA POLO, Modelo 02 botões, MANGA CURTA, Cor Azul Marinho.. Tamanho M', 6, -1, 'UNIDADE', '1', 'RODRIGO DIEGO', '2019-10-18 13:54:11', 'RODRIGO DIEGO', '2019-10-18 13:54:11', 'N', 3),
	(489, 'Camiseta, Feminina, BABY LOOK, Adulto, GOLA POLO, Modelo 02 botões, MANGA CURTA, Cor Azul Marinho.. Tamanho G', 'Camiseta, Feminina, BABY LOOK, Adulto, GOLA POLO, Modelo 02 botões, MANGA CURTA, Cor Azul Marinho.. Tamanho G', 6, -1, 'UNIDADE', '1', 'RODRIGO DIEGO', '2019-10-18 13:54:29', 'RODRIGO DIEGO', '2019-10-18 13:54:29', 'N', 3),
	(490, 'Camiseta, Feminina, BABY LOOK, Adulto, GOLA POLO, Modelo 02 botões, MANGA CURTA, Cor Azul Marinho.. Tamanho GG', 'Camiseta, Feminina, BABY LOOK, Adulto, GOLA POLO, Modelo 02 botões, MANGA CURTA, Cor Azul Marinho.. Tamanho GG', 6, -1, 'UNIDADE', '1', 'RODRIGO DIEGO', '2019-10-18 13:59:08', 'RODRIGO DIEGO', '2019-10-18 13:59:08', 'N', 3),
	(491, 'Camiseta, Feminina, BABY LOOK, Adulto, GOLA POLO, Modelo 02 botões, MANGA CURTA, Cor Azul Marinho.. Tamanho EXG', 'Camiseta, Feminina, BABY LOOK, Adulto, GOLA POLO, Modelo 02 botões, MANGA CURTA, Cor Azul Marinho.. Tamanho EXG', 6, -1, 'UNIDADE', '1', 'RODRIGO DIEGO', '2019-10-18 13:59:51', 'RODRIGO DIEGO', '2019-10-18 13:59:51', 'N', 3),
	(492, 'Camiseta, MANUTENÇÃO - MANGA LONGA, Gola em formato "O" com a mesma COR DO TECIDO - Cor AZUL MARINHO - Tamanho P', 'Camiseta, MANUTENÇÃO - MANGA LONGA, Gola em formato "O" com a mesma COR DO TECIDO - Cor AZUL MARINHO - Tamanho P', 6, -1, 'UNIDADE', '1', 'RODRIGO DIEGO', '2019-10-18 14:05:48', 'RODRIGO DIEGO', '2019-10-18 14:05:48', 'N', 3),
	(493, 'Camiseta, MANUTENÇÃO - MANGA LONGA, Gola em formato "O" com a mesma COR DO TECIDO - Cor AZUL MARINHO - Tamanho M', 'Camiseta, MANUTENÇÃO - MANGA LONGA, Gola em formato "O" com a mesma COR DO TECIDO - Cor AZUL MARINHO - Tamanho M', 6, -1, 'UNIDADE', '1', 'RODRIGO DIEGO', '2019-10-18 14:06:10', 'RODRIGO DIEGO', '2019-10-18 14:06:10', 'N', 3),
	(494, 'Camiseta, MANUTENÇÃO - MANGA LONGA, Gola em formato "O" com a mesma COR DO TECIDO - Cor AZUL MARINHO - Tamanho G', 'Camiseta, MANUTENÇÃO - MANGA LONGA, Gola em formato "O" com a mesma COR DO TECIDO - Cor AZUL MARINHO - Tamanho G', 6, -1, 'UNIDADE', '1', 'RODRIGO DIEGO', '2019-10-18 14:06:42', 'RODRIGO DIEGO', '2019-10-18 14:06:42', 'N', 3),
	(495, 'Calça Comprida, MASCULINA, BRIM Pesado Profissional, Unisex, Na cor Cinza Escuro. Tamanho PP', 'Calça Comprida, MASCULINA, BRIM Pesado Profissional, Unisex, Na cor Cinza Escuro. Tamanho PP', 6, -1, 'UNIDADE', '1', 'RODRIGO DIEGO', '2019-10-18 15:26:59', 'RODRIGO DIEGO', '2019-10-18 15:26:59', 'N', 3),
	(496, 'Calça Comprida, MASCULINA, BRIM Pesado Profissional, Unisex, Na cor Cinza Escuro. Tamanho P', 'Calça Comprida, MASCULINA, BRIM Pesado Profissional, Unisex, Na cor Cinza Escuro. Tamanho P', 6, -1, 'UNIDADE', '1', 'RODRIGO DIEGO', '2019-10-18 15:27:38', 'RODRIGO DIEGO', '2019-10-18 15:27:38', 'N', 3),
	(497, 'Calça Comprida, MASCULINA, BRIM Pesado Profissional, Unisex, Na cor Cinza Escuro. Tamanho M', 'Calça Comprida, MASCULINA, BRIM Pesado Profissional, Unisex, Na cor Cinza Escuro. Tamanho M', 6, -1, 'UNIDADE', '1', 'RODRIGO DIEGO', '2019-10-18 15:28:00', 'RODRIGO DIEGO', '2019-10-18 15:28:00', 'N', 3),
	(498, 'Calça Comprida, MASCULINA, BRIM Pesado Profissional, Unisex, Na cor Cinza Escuro. Tamanho G', 'Calça Comprida, MASCULINA, BRIM Pesado Profissional, Unisex, Na cor Cinza Escuro. Tamanho G', 6, -1, 'UNIDADE', '1', 'RODRIGO DIEGO', '2019-10-18 15:28:16', 'RODRIGO DIEGO', '2019-10-18 15:28:16', 'N', 3),
	(499, 'Calça Comprida, MASCULINA, BRIM Pesado Profissional, Unisex, Na cor Cinza Escuro. Tamanho GG', 'Calça Comprida, MASCULINA, BRIM Pesado Profissional, Unisex, Na cor Cinza Escuro. Tamanho GG', 6, -1, 'UNIDADE', '1', 'RODRIGO DIEGO', '2019-10-18 15:28:33', 'RODRIGO DIEGO', '2019-10-18 15:28:33', 'N', 3),
	(500, 'Calça Comprida, MASCULINA, BRIM Pesado Profissional, Unisex, Na cor Cinza Escuro. Tamanho EXG', 'Calça Comprida, MASCULINA, BRIM Pesado Profissional, Unisex, Na cor Cinza Escuro. Tamanho EXG', 6, -1, 'UNIDADE', '1', 'RODRIGO DIEGO', '2019-10-18 15:28:51', 'RODRIGO DIEGO', '2019-10-18 15:28:51', 'N', 3),
	(501, 'Botina de Segurança MANUTENÇÃO, em couro com palmilha de montagem. N° 35', 'Botina de Segurança MANUTENÇÃO, em couro com palmilha de montagem. N° 35', 6, -1, 'PAR', '1', 'RODRIGO DIEGO', '2019-10-18 15:31:22', 'RODRIGO DIEGO', '2019-10-18 15:31:22', 'N', 3),
	(502, 'Botina de Segurança MANUTENÇÃO, em couro com palmilha de montagem. N° 36', 'Botina de Segurança MANUTENÇÃO, em couro com palmilha de montagem. N° 36', 6, -1, 'PAR', '1', 'RODRIGO DIEGO', '2019-10-18 15:34:19', 'RODRIGO DIEGO', '2019-10-18 15:34:19', 'N', 3),
	(503, 'Botina de Segurança MANUTENÇÃO, em couro com palmilha de montagem. N° 37', 'Botina de Segurança MANUTENÇÃO, em couro com palmilha de montagem. N° 37', 6, -1, 'PAR', '1', 'RODRIGO DIEGO', '2019-10-18 15:31:58', 'RODRIGO DIEGO', '2019-10-18 15:31:58', 'N', 3),
	(504, 'Botina de Segurança MANUTENÇÃO, em couro com palmilha de montagem. N° 38', 'Botina de Segurança MANUTENÇÃO, em couro com palmilha de montagem. N° 38', 6, -1, 'PAR', '1', 'RODRIGO DIEGO', '2019-10-18 15:32:15', 'RODRIGO DIEGO', '2019-10-18 15:32:15', 'N', 3),
	(505, 'Botina de Segurança MANUTENÇÃO, em couro com palmilha de montagem. N° 39', 'Botina de Segurança MANUTENÇÃO, em couro com palmilha de montagem. N° 39', 6, -1, 'PAR', '1', 'RODRIGO DIEGO', '2019-10-18 15:32:36', 'RODRIGO DIEGO', '2019-10-18 15:32:36', 'N', 3),
	(506, 'Botina de Segurança MANUTENÇÃO, em couro com palmilha de montagem. N° 40', 'Botina de Segurança MANUTENÇÃO, em couro com palmilha de montagem. N° 40', 6, -1, 'PAR', '1', 'RODRIGO DIEGO', '2019-10-18 15:34:36', 'RODRIGO DIEGO', '2019-10-18 15:34:36', 'N', 3),
	(507, 'Botina de Segurança MANUTENÇÃO, em couro com palmilha de montagem. N° 41', 'Botina de Segurança MANUTENÇÃO, em couro com palmilha de montagem. N° 41', 6, -1, 'PAR', '1', 'RODRIGO DIEGO', '2019-10-18 15:36:10', 'RODRIGO DIEGO', '2019-10-18 15:36:10', 'N', 3),
	(508, 'Botina de Segurança MANUTENÇÃO, em couro com palmilha de montagem. N° 42', 'Botina de Segurança MANUTENÇÃO, em couro com palmilha de montagem. N° 42', 6, -1, 'PAR', '1', 'RODRIGO DIEGO', '2019-10-18 15:44:38', 'RODRIGO DIEGO', '2019-10-18 15:44:38', 'N', 3),
	(509, 'Camisa Social Masculina, MANGA LONGA, Tecido Azul (Motorista) - Tamanho PP', 'Camisa Social Masculina, MANGA LONGA, Tecido Azul (Motorista) - Tamanho PP', 6, -1, 'UNIDADE', '1', 'RODRIGO DIEGO', '2019-10-18 15:42:41', 'RODRIGO DIEGO', '2019-10-18 15:42:41', 'N', 3),
	(510, 'Camisa Social Masculina, MANGA LONGA, Tecido Azul (Motorista) - Tamanho P', 'Camisa Social Masculina, MANGA LONGA, Tecido Azul (Motorista) - Tamanho P', 6, -1, 'UNIDADE', '1', 'RODRIGO DIEGO', '2019-10-18 15:41:37', 'RODRIGO DIEGO', '2019-10-18 15:41:37', 'N', 3),
	(511, 'Camisa Social Masculina, MANGA LONGA, Tecido Azul (Motorista) - Tamanho M', 'Camisa Social Masculina, MANGA LONGA, Tecido Azul (Motorista) - Tamanho M', 6, -1, 'UNIDADE', '1', 'RODRIGO DIEGO', '2019-10-22 09:14:40', 'RODRIGO DIEGO', '2019-10-22 09:14:40', 'N', 3),
	(512, 'Camisa Social Masculina, MANGA LONGA, Tecido Azul (Motorista) - Tamanho G', 'Camisa Social Masculina, MANGA LONGA, Tecido Azul (Motorista) - Tamanho G', 6, -1, 'UNIDADE', '1', 'RODRIGO DIEGO', '2019-10-18 15:43:21', 'RODRIGO DIEGO', '2019-10-18 15:43:21', 'N', 3),
	(513, 'Camisa Social Masculina, MANGA LONGA, Tecido Azul (Motorista) - Tamanho GG', 'Camisa Social Masculina, MANGA LONGA, Tecido Azul (Motorista) - Tamanho GG', 6, -1, 'UNIDADE', '1', 'RODRIGO DIEGO', '2019-10-22 09:15:11', 'RODRIGO DIEGO', '2019-10-22 09:15:11', 'N', 3),
	(514, 'Camisa Social Masculina, Manga CURTA, Tecido Azul (Motorista) - Tamanho PP', 'Camisa Social Masculina, Manga CURTA, Tecido Azul (Motorista) - Tamanho PP', 6, -1, 'UNIDADE', '1', 'RODRIGO DIEGO', '2019-10-18 15:45:29', 'RODRIGO DIEGO', '2019-10-18 15:45:29', 'N', 3),
	(515, 'Camisa Social Masculina, Manga CURTA, Tecido Azul (Motorista) - Tamanho P', 'Camisa Social Masculina, Manga CURTA, Tecido Azul (Motorista) - Tamanho P', 6, -1, 'UNIDADE', '1', 'RODRIGO DIEGO', '2019-10-18 15:45:56', 'RODRIGO DIEGO', '2019-10-18 15:45:56', 'N', 3),
	(516, 'Camisa Social Masculina, Manga CURTA, Tecido Azul (Motorista) - Tamanho M', 'Camisa Social Masculina, Manga CURTA, Tecido Azul (Motorista) - Tamanho M', 6, -1, 'UNIDADE', '1', 'RODRIGO DIEGO', '2019-10-18 15:46:30', 'RODRIGO DIEGO', '2019-10-18 15:46:30', 'N', 3),
	(517, 'Camisa Social Masculina, Manga CURTA, Tecido Azul (Motorista) - Tamanho G', 'Camisa Social Masculina, Manga CURTA, Tecido Azul (Motorista) - Tamanho G', 6, -1, 'UNIDADE', '1', 'RODRIGO DIEGO', '2019-10-18 15:47:57', 'RODRIGO DIEGO', '2019-10-18 15:47:57', 'N', 3),
	(518, 'Camisa Social Masculina, Manga CURTA, Tecido Azul (Motorista) - Tamanho GG', 'Camisa Social Masculina, Manga CURTA, Tecido Azul (Motorista) - Tamanho GG', 6, -1, 'UNIDADE', '1', 'RODRIGO DIEGO', '2019-10-18 15:48:12', 'RODRIGO DIEGO', '2019-10-18 15:48:12', 'N', 3),
	(519, 'Camisa Social Masculina, Manga CURTA, Tecido Azul (Motorista) - Tamanho EXG', 'Camisa Social Masculina, Manga CURTA, Tecido Azul (Motorista) - Tamanho EXG', 6, -1, 'UNIDADE', '1', 'RODRIGO DIEGO', '2019-10-18 15:48:42', 'RODRIGO DIEGO', '2019-10-18 15:48:42', 'N', 3),
	(520, 'Maleta Médico com senha (Atendimento em casa). Tamanho ÚNICO', 'Maleta Médico com senha (Atendimento em casa). Tamanho UNICO', 6, -1, 'UNIDADE', '1', 'RODRIGO DIEGO', '2019-10-18 15:51:08', 'RODRIGO DIEGO', '2019-10-18 15:51:08', 'N', 3),
	(521, 'Camisa Social Masculina, MANGA LONGA, Tecido Azul (Motorista) - Tamanho EXG', 'Camisa Social Masculina, MANGA LONGA, Tecido Azul (Motorista) - Tamanho EXG', 6, -1, 'UNIDADE', '1', 'RODRIGO DIEGO', '2019-10-22 09:16:02', 'RODRIGO DIEGO', '2019-10-22 09:16:02', 'N', 3),
	(522, 'CALÇA SERVIÇOS GERAIS - Azul Marinho UPA TAM - PP', 'CALÇA SERVIÇOS GERAIS - Azul Marinho UPA (USO REMANEJADO PARA MANUTENÇÃO) - TAM - PP', 6, -1, 'UNIDADE', '1', 'RODRIGO DIEGO', '2019-11-01 10:22:27', 'RODRIGO DIEGO', '2019-11-01 10:22:27', 'N', 3),
	(523, 'CALÇA SERVIÇOS GERAIS - Azul Marinho UPA TAM - P', 'CALÇA SERVIÇOS GERAIS - Azul Marinho UPA (USO REMANEJADO PARA MANUTENÇÃO) - TAM - P', 6, -1, 'UNIDADE', '1', 'RODRIGO DIEGO', '2019-11-01 10:36:16', 'RODRIGO DIEGO', '2019-11-01 10:36:16', 'N', 3),
	(524, 'CALÇA SERVIÇOS GERAIS - Azul Marinho UPA TAM - M', 'CALÇA SERVIÇOS GERAIS - Azul Marinho UPA (USO REMANEJADO PARA MANUTENÇÃO) - TAM - M', 6, -1, 'UNIDADE', '1', 'RODRIGO DIEGO', '2019-11-01 10:39:32', 'RODRIGO DIEGO', '2019-11-01 10:39:32', 'N', 3),
	(525, 'CALÇA SERVIÇOS GERAIS - Azul Marinho UPA TAM - G', 'CALÇA SERVIÇOS GERAIS - Azul Marinho UPA (USO REMANEJADO PARA MANUTENÇÃO) - TAM - G', 6, -1, 'UNIDADE', '1', 'RODRIGO DIEGO', '2019-11-01 10:40:07', 'RODRIGO DIEGO', '2019-11-01 10:40:07', 'N', 3),
	(526, 'CALÇA SERVIÇOS GERAIS - Azul Marinho UPA TAM - GG', 'CALÇA SERVIÇOS GERAIS - Azul Marinho UPA (USO REMANEJADO PARA MANUTENÇÃO) - TAM - GG', 6, -1, 'UNIDADE', '1', 'RODRIGO DIEGO', '2019-11-01 10:37:39', 'RODRIGO DIEGO', '2019-11-01 10:37:39', 'N', 3),
	(527, 'CALÇA SERVIÇOS GERAIS - Azul Marinho UPA TAM - EXG', 'CALÇA SERVIÇOS GERAIS - Azul Marinho UPA (USO REMANEJADO PARA MANUTENÇÃO) - TAM - EXG', 6, -1, 'UNIDADE', '1', 'RODRIGO DIEGO', '2019-11-01 10:38:42', 'RODRIGO DIEGO', '2019-11-01 10:38:42', 'N', 3),
	(528, 'JALECO SERVIÇOS GERAIS - Azul Marinho UPA - TAM PP', 'JALECO SERVIÇOS GERAIS - Azul Marinho UPA (USO REMANEJADO PARA MANUTENÇÃO) - TAM PP', 6, -1, 'UNIDADE', '1', 'RODRIGO DIEGO', '2019-11-01 10:39:10', 'RODRIGO DIEGO', '2019-11-01 10:39:10', 'N', 3),
	(529, 'JALECO SERVIÇOS GERAIS - Azul Marinho UPA - TAM P', 'JALECO SERVIÇOS GERAIS - Azul Marinho UPA (USO REMANEJADO PARA MANUTENÇÃO) - TAM P', 6, -1, 'UNIDADE', '1', 'RODRIGO DIEGO', '2019-11-01 10:40:30', 'RODRIGO DIEGO', '2019-11-01 10:40:30', 'N', 3),
	(530, 'JALECO SERVIÇOS GERAIS - Azul Marinho UPA - TAM M', 'JALECO SERVIÇOS GERAIS - Azul Marinho UPA (USO REMANEJADO PARA MANUTENÇÃO) - TAM M', 6, -1, 'UNIDADE', '1', 'RODRIGO DIEGO', '2019-11-01 10:40:49', 'RODRIGO DIEGO', '2019-11-01 10:40:49', 'N', 3),
	(531, 'JALECO SERVIÇOS GERAIS - Azul Marinho UPA - TAM G', 'JALECO SERVIÇOS GERAIS - Azul Marinho UPA (USO REMANEJADO PARA MANUTENÇÃO) - TAM G', 6, -1, 'UNIDADE', '1', 'RODRIGO DIEGO', '2019-11-01 10:41:10', 'RODRIGO DIEGO', '2019-11-01 10:41:10', 'N', 3),
	(532, 'JALECO SERVIÇOS GERAIS - Azul Marinho UPA - TAM GG', 'JALECO SERVIÇOS GERAIS - Azul Marinho UPA (USO REMANEJADO PARA MANUTENÇÃO) - TAM GG', 6, -1, 'UNIDADE', '1', 'RODRIGO DIEGO', '2019-11-01 10:41:30', 'RODRIGO DIEGO', '2019-11-01 10:41:30', 'N', 3),
	(533, 'JALECO SERVIÇOS GERAIS - Azul Marinho UPA - TAM EXG', 'JALECO SERVIÇOS GERAIS - Azul Marinho UPA (USO REMANEJADO PARA MANUTENÇÃO) - TAM EXG', 6, -1, 'UNIDADE', '1', 'RODRIGO DIEGO', '2019-11-01 10:41:53', 'RODRIGO DIEGO', '2019-11-01 10:41:53', 'N', 3),
	(534, 'Cabo Impressora ZK antiburro', 'Cabo Impressora ZK antiburro', 7, -1, 'UNIDADE', '1', 'Renato Leandro', '2020-02-17 00:00:00', ' ', '0000-00-00 00:00:00', 'N', 3),
	(535, 'Cabo video VGA ', 'Cabo video VGA ', 7, -1, 'UNIDADE', '1', 'Renato Leandro', '2020-02-17 00:00:00', ' ', '0000-00-00 00:00:00', 'N', 3),
	(536, 'Capa para cabo impressora', 'Capa para cabo impressora', 7, -1, 'UNIDADE', '1', 'Renato Leandro', '2020-02-17 00:00:00', ' ', '0000-00-00 00:00:00', 'N', 3),
	(537, 'Eletrocardiografo', 'Eletrocardiografo', 7, -1, 'UNIDADE', '1', 'Renato Leandro', '2020-02-17 00:00:00', ' ', '0000-00-00 00:00:00', 'N', 3),
	(538, 'Estabilizador branco - Enermax', 'Estabilizador branco - Enermax', 7, -1, 'UNIDADE', '1', 'Renato Leandro', '2020-02-17 00:00:00', ' ', '0000-00-00 00:00:00', 'N', 3),
	(539, 'Estabilizador branco - Enermax TS. Shara', 'Estabilizador branco - Enermax TS. Shara', 7, -1, 'UNIDADE', '1', 'Renato Leandro', '2020-02-17 00:00:00', ' ', '0000-00-00 00:00:00', 'N', 3),
	(540, 'Moldem - D.P Link', 'Moldem - D.P Link', 7, -1, 'UNIDADE', '1', 'Renato Leandro', '2020-02-17 00:00:00', ' ', '0000-00-00 00:00:00', 'N', 3),
	(541, 'Nobreak 2 em 1 UPS - Soho', 'Nobreak 2 em 1 UPS - Soho', 7, -1, 'UNIDADE', '1', 'Renato Leandro', '2020-02-17 00:00:00', ' ', '0000-00-00 00:00:00', 'N', 3),
	(542, 'Projetor epson branco', 'Projetor epson branco', 7, -1, 'UNIDADE', '1', 'Renato Leandro', '2020-02-17 00:00:00', ' ', '0000-00-00 00:00:00', 'N', 3),
	(543, 'Roteador D.P link 300 MPBPS ', 'Roteador D.P link 300 MPBPS ', 7, -1, 'UNIDADE', '1', 'Renato Leandro', '2020-02-17 00:00:00', ' ', '0000-00-00 00:00:00', 'N', 3),
	(544, 'Tripé de respirador', 'Tripé de respirador', 7, -1, 'UNIDADE', '1', 'Renato Leandro', '2020-02-17 00:00:00', ' ', '0000-00-00 00:00:00', 'N', 3),
	(545, 'Cabo Aço para computador', 'Cabo Aço para computador', 7, -1, 'UNIDADE', '1', 'Renato Leandro', '2020-02-17 00:00:00', ' ', '0000-00-00 00:00:00', 'N', 3),
	(546, 'Cabo CPU ', 'Cabo CPU ', 7, -1, 'UNIDADE', '1', 'Renato Leandro', '2020-02-17 00:00:00', ' ', '0000-00-00 00:00:00', 'N', 3),
	(547, 'Cabo de internet Soho Plus - CAIXA', 'Cabo de internet Soho Plus - CAIXA', 7, -1, 'UNIDADE', '1', 'Renato Leandro', '2020-02-17 00:00:00', ' ', '0000-00-00 00:00:00', 'N', 3),
	(548, 'Cabo Impressora ', 'Cabo Impressora ', 7, -1, 'UNIDADE', '1', 'Renato Leandro', '2020-02-17 00:00:00', ' ', '0000-00-00 00:00:00', 'N', 3),
	(549, 'Cabo para Impressora matricial ', 'Cabo para Impressora matricial ', 7, -1, 'UNIDADE', '1', 'Renato Leandro', '2020-02-17 00:00:00', ' ', '0000-00-00 00:00:00', 'N', 3),
	(550, 'Cartucho de fio ', 'Cartucho de fio ', 7, -1, 'UNIDADE', '1', 'Renato Leandro', '2020-02-17 00:00:00', ' ', '0000-00-00 00:00:00', 'N', 3),
	(551, 'CPU positivo ', 'CPU positivo ', 7, -1, 'UNIDADE', '1', 'Renato Leandro', '2020-02-17 00:00:00', ' ', '0000-00-00 00:00:00', 'N', 3),
	(552, 'Estabilizador + filtro de linha 1.000 V.A 5 tomadas', 'Estabilizador + filtro de linha 1.000 V.A 5 tomadas', 7, -1, 'UNIDADE', '1', 'Renato Leandro', '2020-02-17 00:00:00', ' ', '0000-00-00 00:00:00', 'N', 3),
	(553, 'Estabilizador 1.000 V.A TS- Shara', 'Estabilizador 1.000 V.A TS- Shara', 7, -1, 'UNIDADE', '1', 'Renato Leandro', '2020-02-17 00:00:00', ' ', '0000-00-00 00:00:00', 'N', 3),
	(554, 'Fita para Impressora Matricial', 'Fita para Impressora Matricial', 7, -1, 'UNIDADE', '1', 'Renato Leandro', '2020-02-17 00:00:00', ' ', '0000-00-00 00:00:00', 'N', 3),
	(555, 'Fonte de Alimentação A.T.X', 'Fonte de Alimentação A.T.X', 7, -1, 'UNIDADE', '1', 'Renato Leandro', '2020-02-17 00:00:00', ' ', '0000-00-00 00:00:00', 'N', 3),
	(556, 'Gabinete Lenovo - CPU', 'Gabinete Lenovo - CPU', 7, -1, 'UNIDADE', '1', 'Renato Leandro', '2020-02-17 00:00:00', ' ', '0000-00-00 00:00:00', 'N', 3),
	(557, 'H.D 500 GB', 'H.D 500 GB', 7, -1, 'UNIDADE', '1', 'Renato Leandro', '2020-02-17 00:00:00', ' ', '0000-00-00 00:00:00', 'N', 3),
	(558, 'Impressora HP Jet Laser Ultra M 134 A Branca', 'Impressora HP Jet Laser Ultra M 134 A Branca', 7, -1, 'UNIDADE', '1', 'Renato Leandro', '2020-02-17 00:00:00', ' ', '0000-00-00 00:00:00', 'N', 3),
	(559, 'Impressora PHD', 'Impressora PHD', 7, -1, 'UNIDADE', '1', 'Renato Leandro', '2020-02-17 00:00:00', ' ', '0000-00-00 00:00:00', 'N', 3),
	(560, 'Memória PDR 2400', 'Memória PDR 2400', 7, -1, 'UNIDADE', '1', 'Renato Leandro', '2020-02-17 00:00:00', ' ', '0000-00-00 00:00:00', 'N', 3),
	(561, 'Microfone sem fio', 'Microfone sem fio', 7, -1, 'UNIDADE', '1', 'Renato Leandro', '2020-02-17 00:00:00', ' ', '0000-00-00 00:00:00', 'N', 3),
	(562, 'Monitor LED positivo', 'Monitor LED positivo', 7, -1, 'UNIDADE', '1', 'Renato Leandro', '2020-02-17 00:00:00', ' ', '0000-00-00 00:00:00', 'N', 3),
	(563, 'Monitor Lenovo Grande', 'Monitor Lenovo Grande', 7, -1, 'UNIDADE', '1', 'Renato Leandro', '2020-02-17 00:00:00', ' ', '0000-00-00 00:00:00', 'N', 3),
	(564, 'Monitor Levono', 'Monitor Levono', 7, -1, 'UNIDADE', '1', 'Renato Leandro', '2020-02-17 00:00:00', ' ', '0000-00-00 00:00:00', 'N', 3),
	(565, 'Monitor Positivo 19 5 Polegadas', 'Monitor Positivo 19 5 Polegadas', 7, -1, 'UNIDADE', '1', 'Renato Leandro', '2020-02-17 00:00:00', ' ', '0000-00-00 00:00:00', 'N', 3),
	(566, 'Mouse', 'Mouse', 7, -1, 'UNIDADE', '1', 'Renato Leandro', '2020-02-17 00:00:00', ' ', '0000-00-00 00:00:00', 'N', 3),
	(567, 'No break KVA', 'No break KVA', 7, -1, 'UNIDADE', '1', 'Renato Leandro', '2020-02-17 00:00:00', ' ', '0000-00-00 00:00:00', 'N', 3),
	(568, 'Nobreak max- power ', 'Nobreak max- power ', 7, -1, 'UNIDADE', '1', 'Renato Leandro', '2020-02-17 00:00:00', ' ', '0000-00-00 00:00:00', 'N', 3),
	(569, 'Pad mouse Cetech GEL', 'Pad mouse Cetech GEL', 7, -1, 'UNIDADE', '1', 'Renato Leandro', '2020-02-17 00:00:00', ' ', '0000-00-00 00:00:00', 'N', 3),
	(570, 'Pad Mouse prop.', 'Pad Mouse prop.', 7, -1, 'UNIDADE', '1', 'Renato Leandro', '2020-02-17 00:00:00', ' ', '0000-00-00 00:00:00', 'N', 3),
	(571, 'Pad mouse sem marca', 'Pad mouse sem marca', 7, -1, 'UNIDADE', '1', 'Renato Leandro', '2020-02-17 00:00:00', ' ', '0000-00-00 00:00:00', 'N', 3),
	(572, 'Passa fio cabo mesa', 'Passa fio cabo mesa', 7, -1, 'UNIDADE', '1', 'Renato Leandro', '2020-02-17 00:00:00', ' ', '0000-00-00 00:00:00', 'N', 3),
	(573, 'Placa de rede TP LINK', 'Placa de rede TP LINK', 7, -1, 'UNIDADE', '1', 'Renato Leandro', '2020-02-17 00:00:00', ' ', '0000-00-00 00:00:00', 'N', 3),
	(574, 'Placa TP Link rede Model 3239 DL', 'Placa TP Link rede Model 3239 DL', 7, -1, 'UNIDADE', '1', 'Renato Leandro', '2020-02-17 00:00:00', ' ', '0000-00-00 00:00:00', 'N', 3),
	(575, 'Projetor digital Benq', 'Projetor digital Benq', 7, -1, 'UNIDADE', '1', 'Renato Leandro', '2020-02-17 00:00:00', ' ', '0000-00-00 00:00:00', 'N', 3),
	(576, 'Rolo de fio de internet de Alta Performa azul - Topzz', 'Rolo de fio de internet de Alta Performa azul - Topzz', 7, -1, 'UNIDADE', '1', 'Renato Leandro', '2020-02-17 00:00:00', ' ', '0000-00-00 00:00:00', 'N', 3),
	(577, 'Roteador  TP LINK 3 Antenas', 'Roteador  TP LINK 3 Antenas', 7, -1, 'UNIDADE', '1', 'Renato Leandro', '2020-02-17 00:00:00', ' ', '0000-00-00 00:00:00', 'N', 3),
	(578, 'TG 3468', 'TG 3468', 7, -1, 'UNIDADE', '1', 'Renato Leandro', '2020-02-17 00:00:00', ' ', '0000-00-00 00:00:00', 'N', 3),
	(579, 'ALMOFADA PARA CARIMBO, COR AZUL, CAIXA EM PLÁSTICO.', 'ALMOFADA PARA CARIMBO, COR AZUL, CAIXA EM PLÁSTICO.', 8, -1, 'UNIDADE', '1', 'Renato Leandro', '2020-02-17 00:00:00', 'Renato Leandro', '2020-02-17 00:00:00', 'N', 3),
	(580, 'APONTADOR PARA LÁPIS COM RESERVATÓRIO, DE PLÁSTICO RÍGIDO, NAS CORES VARIADAS.', 'APONTADOR PARA LÁPIS COM RESERVATÓRIO, DE PLÁSTICO RÍGIDO, NAS CORES VARIADAS.', 8, -1, 'UNIDADE', '1', 'Renato Leandro', '2020-02-17 00:00:00', 'Renato Leandro', '2020-02-17 00:00:00', 'N', 3),
	(581, 'ARQUIVO MORTO POLIONDA NA COR AZUL MEDINDO NO MÍNIMO 350 X 245 X 135 MM.', 'ARQUIVO MORTO POLIONDA NA COR AZUL MEDINDO NO MÍNIMO 350 X 245 X 135 MM.', 8, -1, 'UNIDADE', '1', 'Renato Leandro', '2020-02-17 00:00:00', 'Renato Leandro', '2020-02-17 00:00:00', 'N', 3),
	(582, 'BALÃO N° 07 A 09,  CORES VARIADAS - EMBALAGEM COM 50 UNIDADES (MARCA SUGERIDA: SÃO ROQUE)', 'BALÃO N° 07 A 09,  CORES VARIADAS - EMBALAGEM COM 50 UNIDADES (MARCA SUGERIDA: SÃO ROQUE)', 8, -1, 'UNIDADE', '1', 'Renato Leandro', '2020-02-17 00:00:00', 'Renato Leandro', '2020-02-17 00:00:00', 'N', 3),
	(583, 'BATERIA 23ª 12V', 'BATERIA 23ª 12V', 8, -1, 'UNIDADE', '1', 'Renato Leandro', '2020-02-17 00:00:00', 'Renato Leandro', '2020-02-17 00:00:00', 'N', 3),
	(584, 'BATERIA 3V CR2032', 'BATERIA 3V CR2032', 8, -1, 'UNIDADE', '1', 'Renato Leandro', '2020-02-17 00:00:00', 'Renato Leandro', '2020-02-17 00:00:00', 'N', 3),
	(585, 'BATERIA 9V ALCALINA', 'BATERIA 9V ALCALINA', 8, -1, 'UNIDADE', '1', 'Renato Leandro', '2020-02-17 00:00:00', 'Renato Leandro', '2020-02-17 00:00:00', 'N', 3),
	(586, 'BORRACHA PLÁSTICA GOMA DE VINIL, 24X1', 'BORRACHA PLÁSTICA GOMA DE VINIL, 24X1', 8, -1, 'UNIDADE', '1', 'Renato Leandro', '2020-02-17 00:00:00', 'Renato Leandro', '2020-02-17 00:00:00', 'N', 3),
	(587, 'CANETA ESFEROGRÁFICA, CORPO HEXAGONAL, PONTA MÉDIA DE LATÃO DE 1,0 MM, ESFERA DE TUNGSTÊNIO, FURO LATERAL, TAMPA VENTILADA, COR AZUL, CX 50X1', 'CANETA ESFEROGRÁFICA, CORPO HEXAGONAL, PONTA MÉDIA DE LATÃO DE 1,0 MM, ESFERA DE TUNGSTÊNIO, FURO LATERAL, TAMPA VENTILADA, COR AZUL, CX 50X1', 8, -1, 'UNIDADE', '1', 'Renato Leandro', '2020-02-17 00:00:00', 'Renato Leandro', '2020-02-17 00:00:00', 'N', 3),
	(588, 'CANETA ESFEROGRÁFICA, CORPO HEXAGONAL, PONTA MÉDIA DE LATÃO DE 1,0 MM, ESFERA DE TUNGSTÊNIO, FURO LATERAL, TAMPA VENTILADA, COR VERMELHA, CX 50X1', 'CANETA ESFEROGRÁFICA, CORPO HEXAGONAL, PONTA MÉDIA DE LATÃO DE 1,0 MM, ESFERA DE TUNGSTÊNIO, FURO LATERAL, TAMPA VENTILADA, COR VERMELHA, CX 50X1', 8, -1, 'UNIDADE', '1', 'Renato Leandro', '2020-02-17 00:00:00', 'Renato Leandro', '2020-02-17 00:00:00', 'N', 3),
	(589, 'CANETA ESFEROGRÁFICA, CORPO HEXAGONAL, PONTA MÉDIA DE LATÃO DE 1,0 MM, ESFERA DE TUNGSTÊNIO, FURO LATERAL, TAMPA VENTILADA, COR PRETA, CX 50X1', 'CANETA ESFEROGRÁFICA, CORPO HEXAGONAL, PONTA MÉDIA DE LATÃO DE 1,0 MM, ESFERA DE TUNGSTÊNIO, FURO LATERAL, TAMPA VENTILADA, COR PRETA, CX 50X1', 8, -1, 'UNIDADE', '1', 'Renato Leandro', '2020-02-17 00:00:00', 'Renato Leandro', '2020-02-17 00:00:00', 'N', 3),
	(590, 'CARBONO PRETO COM O FORMATO DE 22 X 33CM, 100X1', 'CARBONO PRETO COM O FORMATO DE 22 X 33CM, 100X1', 8, -1, 'UNIDADE', '1', 'Renato Leandro', '2020-02-17 00:00:00', 'Renato Leandro', '2020-02-17 00:00:00', 'N', 3),
	(591, 'CARTOLINA DIVERSAS CORES (BRANCA, AMARELA, VERMELHA, VERDE, AZUL, PRETA, ROSA, LARANJA, ETC).', 'CARTOLINA DIVERSAS CORES (BRANCA, AMARELA, VERMELHA, VERDE, AZUL, PRETA, ROSA, LARANJA, ETC).', 8, -1, 'UNIDADE', '1', 'Renato Leandro', '2020-02-17 00:00:00', 'Renato Leandro', '2020-02-17 00:00:00', 'N', 3),
	(592, 'COLA BRANCA, LAVÁVEL, NÃO TÓXICA, USO ESCOLAR, 90 GRAMAS', 'COLA BRANCA, LAVÁVEL, NÃO TÓXICA, USO ESCOLAR, 90 GRAMAS', 8, -1, 'UNIDADE', '1', 'Renato Leandro', '2020-02-17 00:00:00', 'Renato Leandro', '2020-02-17 00:00:00', 'N', 3),
	(593, 'COLA GLITER - LAVAVEL - NÃO TOXICA - NÃO INFLAMAVEL - CX COM 6 UNDS COM 25 MG CADA.', 'COLA GLITER - LAVAVEL - NÃO TOXICA - NÃO INFLAMAVEL - CX COM 6 UNDS COM 25 MG CADA.', 8, -1, 'UNIDADE', '1', 'Renato Leandro', '2020-02-17 00:00:00', 'Renato Leandro', '2020-02-17 00:00:00', 'N', 3),
	(594, 'COLA QUENTE PARA PISTOLA GROSSA', 'COLA QUENTE PARA PISTOLA GROSSA', 8, -1, 'UNIDADE', '1', 'Renato Leandro', '2020-02-17 00:00:00', 'Renato Leandro', '2020-02-17 00:00:00', 'N', 3),
	(595, 'CORRETIVO LÍQUIDO A BASE D ÁGUA, LAVÁVEL, NÃO TÓXICO, 18 ML, CX 12X1', 'CORRETIVO LÍQUIDO A BASE D ÁGUA, LAVÁVEL, NÃO TÓXICO, 18 ML, CX 12X1', 8, -1, 'UNIDADE', '1', 'Renato Leandro', '2020-02-17 00:00:00', 'Renato Leandro', '2020-02-17 00:00:00', 'N', 3),
	(596, 'ENVELOPE AMARELO TAMANHO 240 X 340 MM, 500X1', 'ENVELOPE AMARELO TAMANHO 240 X 340 MM, 500X1', 8, -1, 'UNIDADE', '1', 'Renato Leandro', '2020-02-17 00:00:00', 'Renato Leandro', '2020-02-17 00:00:00', 'N', 3),
	(597, 'ENVELOPE BRANCO TAMANHO 240 X 340 MM, 500X1', 'ENVELOPE BRANCO TAMANHO 240 X 340 MM, 500X1', 8, -1, 'UNIDADE', '1', 'Renato Leandro', '2020-02-17 00:00:00', 'Renato Leandro', '2020-02-17 00:00:00', 'N', 3),
	(598, 'ENVELOPE PARDO TAMANHO 240 X 340 MM, 500X1', 'ENVELOPE PARDO TAMANHO 240 X 340 MM, 500X1', 8, -1, 'UNIDADE', '1', 'Renato Leandro', '2020-02-17 00:00:00', 'Renato Leandro', '2020-02-17 00:00:00', 'N', 3),
	(599, 'ESPIRAL PARA ENCADERNAÇÃO EM PLÁSTICO 17 MM, COR PRETA, CAPACIDADE PARA 100 FOLHAS.', 'ESPIRAL PARA ENCADERNAÇÃO EM PLÁSTICO 17 MM, COR PRETA, CAPACIDADE PARA 100 FOLHAS.', 8, -1, 'UNIDADE', '1', 'Renato Leandro', '2020-02-17 00:00:00', 'Renato Leandro', '2020-02-17 00:00:00', 'N', 3),
	(600, 'ESPIRAL PARA ENCADERNAÇÃO EM PLÁSTICO 9MM, COR PRETA, CAPACIDADE PARA 50 FOLHAS.', 'ESPIRAL PARA ENCADERNAÇÃO EM PLÁSTICO 9MM, COR PRETA, CAPACIDADE PARA 50 FOLHAS.', 8, -1, 'UNIDADE', '1', 'Renato Leandro', '2020-02-17 00:00:00', 'Renato Leandro', '2020-02-17 00:00:00', 'N', 3),
	(601, 'ESTILETE EM PLÁSTICO RÍGIDO, COM LÂMINA LARGA EM AÇO TEMPERADO, CORES VARIADAS, 12X1', 'ESTILETE EM PLÁSTICO RÍGIDO, COM LÂMINA LARGA EM AÇO TEMPERADO, CORES VARIADAS, 12X1', 8, -1, 'UNIDADE', '1', 'Renato Leandro', '2020-02-17 00:00:00', 'Renato Leandro', '2020-02-17 00:00:00', 'N', 3),
	(602, 'EXTRATOR DE GRAMPO GALVANIZADO', 'EXTRATOR DE GRAMPO GALVANIZADO', 8, -1, 'UNIDADE', '1', 'Renato Leandro', '2020-02-17 00:00:00', 'Renato Leandro', '2020-02-17 00:00:00', 'N', 3),
	(603, 'FITA ADESIVA DUREX TRANSPARENTE 12MMX40M', 'FITA ADESIVA DUREX TRANSPARENTE 12MMX40M', 8, -1, 'UNIDADE', '1', 'Renato Leandro', '2020-02-17 00:00:00', 'Renato Leandro', '2020-02-17 00:00:00', 'N', 3),
	(604, 'FITA CREPE 19 MM X 50M', 'FITA CREPE 19 MM X 50M', 8, -1, 'UNIDADE', '1', 'Renato Leandro', '2020-02-17 00:00:00', 'Renato Leandro', '2020-02-17 00:00:00', 'N', 3),
	(605, 'FITA CREPE 50 MM X 50M', 'FITA CREPE 50 MM X 50M', 8, -1, 'UNIDADE', '1', 'Renato Leandro', '2020-02-17 00:00:00', 'Renato Leandro', '2020-02-17 00:00:00', 'N', 3),
	(606, 'FOLHA/PLACA DE EVA DIVERSAS CORES (BRANCA, AMARELA, VERMELHA, VERDE, AZUL, PRETA, ROSA, LARANJA, ETC).', 'FOLHA/PLACA DE EVA DIVERSAS CORES (BRANCA, AMARELA, VERMELHA, VERDE, AZUL, PRETA, ROSA, LARANJA, ETC).', 8, -1, 'UNIDADE', '1', 'Renato Leandro', '2020-02-17 00:00:00', 'Renato Leandro', '2020-02-17 00:00:00', 'N', 3),
	(607, 'GRAMPEADOR ESTRUTURA METÁLICA REFORÇADA, CORPO METÁLICO, CAPACIDADE PARA GRAMPEAR ATÉ 20 FOLHAS 75 G/M², UTILIZA GRAMPOS 26/6, DUAS FORMAS DE GRAMPEAR.', 'GRAMPEADOR ESTRUTURA METÁLICA REFORÇADA, CORPO METÁLICO, CAPACIDADE PARA GRAMPEAR ATÉ 20 FOLHAS 75 G/M², UTILIZA GRAMPOS 26/6, DUAS FORMAS DE GRAMPEAR.', 8, -1, 'UNIDADE', '1', 'Renato Leandro', '2020-02-17 00:00:00', 'Renato Leandro', '2020-02-17 00:00:00', 'N', 3),
	(608, 'GRAMPO PARA GRAMPEADOR 26/6, CX COM 5000 UND.', 'GRAMPO PARA GRAMPEADOR 26/6, CX COM 5000 UND.', 8, -1, 'UNIDADE', '1', 'Renato Leandro', '2020-02-17 00:00:00', 'Renato Leandro', '2020-02-17 00:00:00', 'N', 3),
	(609, 'GRAMPO TRILHO METAL, 50X1', 'GRAMPO TRILHO METAL, 50X1', 8, -1, 'UNIDADE', '1', 'Renato Leandro', '2020-02-17 00:00:00', 'Renato Leandro', '2020-02-17 00:00:00', 'N', 3),
	(610, 'LIGA DE BORRACHA PCT COM 100GR COR AMARELA.', 'LIGA DE BORRACHA PCT COM 100GR COR AMARELA.', 8, -1, 'UNIDADE', '1', 'Renato Leandro', '2020-02-17 00:00:00', 'Renato Leandro', '2020-02-17 00:00:00', 'N', 3),
	(611, 'LIVRO ATA, PAUTADO, MEDINDO 210X300MM, CAPA DURA  PRETO, 50 FOLHAS, COM FOLHAS NUMERADAS.', 'LIVRO ATA, PAUTADO, MEDINDO 210X300MM, CAPA DURA  PRETO, 50 FOLHAS, COM FOLHAS NUMERADAS.', 8, -1, 'UNIDADE', '1', 'Renato Leandro', '2020-02-17 00:00:00', 'Renato Leandro', '2020-02-17 00:00:00', 'N', 3),
	(612, 'LIVRO DE REGISTRO DE ENTRADA E SAIDA DE MEDICAMENTOS CONTROLADOS.', 'LIVRO DE REGISTRO DE ENTRADA E SAIDA DE MEDICAMENTOS CONTROLADOS.', 8, -1, 'UNIDADE', '1', 'Renato Leandro', '2020-02-17 00:00:00', 'Renato Leandro', '2020-02-17 00:00:00', 'N', 3),
	(613, 'MARCA TEXTO COR FLUORESCENTE AMARELA, 2 MEDIDAS DE TRAÇO: 1,0MM PARA SUBLINHAR E 3,6MM PARA DESTACAR, BOA RESISTÊNCIA A LUZ, PONTA MACIA CHANFRADA EM FELTRO', 'MARCA TEXTO COR FLUORESCENTE AMARELA, 2 MEDIDAS DE TRAÇO: 1,0MM PARA SUBLINHAR E 3,6MM PARA DESTACAR, BOA RESISTÊNCIA A LUZ, PONTA MACIA CHANFRADA EM FELTRO', 8, -1, 'UNIDADE', '1', 'Renato Leandro', '2020-02-17 00:00:00', 'Renato Leandro', '2020-02-17 00:00:00', 'N', 3),
	(614, 'PALITO DE PICOLE - PCT COM 100 UNDS - CRU', 'PALITO DE PICOLE - PCT COM 100 UNDS - CRU', 8, -1, 'UNIDADE', '1', 'Renato Leandro', '2020-02-17 00:00:00', 'Renato Leandro', '2020-02-17 00:00:00', 'N', 3),
	(615, 'PAPEL CARTÃO - DIVERSAS CORES', 'PAPEL CARTÃO - DIVERSAS CORES', 8, -1, 'UNIDADE', '1', 'Renato Leandro', '2020-02-17 00:00:00', 'Renato Leandro', '2020-02-17 00:00:00', 'N', 3),
	(616, 'PAPEL CREPOM CORES VARIADAS ', 'PAPEL CREPOM CORES VARIADAS ', 8, -1, 'UNIDADE', '1', 'Renato Leandro', '2020-02-17 00:00:00', 'Renato Leandro', '2020-02-17 00:00:00', 'N', 3),
	(617, 'PAPEL LAMINADO CORES VARIADAS', 'PAPEL LAMINADO CORES VARIADAS', 8, -1, 'UNIDADE', '1', 'Renato Leandro', '2020-02-17 00:00:00', 'Renato Leandro', '2020-02-17 00:00:00', 'N', 3),
	(618, 'PAPEL PARDO, BOBINA DE PAPEL SEMI KRAFT P/ EMBALAGENS E OUTRAS APLICAÇÕES, 60 CM DE LARGURA.', 'PAPEL PARDO, BOBINA DE PAPEL SEMI KRAFT P/ EMBALAGENS E OUTRAS APLICAÇÕES, 60 CM DE LARGURA.', 8, -1, 'UNIDADE', '1', 'Renato Leandro', '2020-02-17 00:00:00', 'Renato Leandro', '2020-02-17 00:00:00', 'N', 3),
	(619, 'PAPEL XEROGRÁFICO A4 75 G/M², 210X297MM, BRANCO, 500 FOLHAS', 'PAPEL XEROGRÁFICO A4 75 G/M², 210X297MM, BRANCO, 500 FOLHAS', 8, -1, 'RESMA', '1', 'Renato Leandro', '2020-03-02 11:03:31', 'Renato Leandro', '2020-03-02 11:03:31', 'N', 3),
	(620, 'PASTA AZ - EM PAPELÃO PRENSADO; LOMBO LARGO DE 80MM; MEDINDO 280 X 350MM; POR ALAVANCA COM 02 ARGOLAS; FORMATO DAS GUIAS EM D; COM VISOR; AS FERRAGENS DEVEM SER ANTIOXIDANTES, DE ALTA PRECISÃO PARA O FECHAMENTO PERFEITO DOS ARCOS.', 'PASTA AZ - EM PAPELÃO PRENSADO; LOMBO LARGO DE 80MM; MEDINDO 280 X 350MM; POR ALAVANCA COM 02 ARGOLAS; FORMATO DAS GUIAS EM D; COM VISOR; AS FERRAGENS DEVEM SER ANTIOXIDANTES, DE ALTA PRECISÃO PARA O FECHAMENTO PERFEITO DOS ARCOS.', 8, -1, 'UNIDADE', '1', 'Renato Leandro', '2020-02-17 00:00:00', 'Renato Leandro', '2020-02-17 00:00:00', 'N', 3),
	(621, 'PASTA COM ELÁSTICO DE POLIPROPILENO, TAMANHO OFICIO 30MM ESTRELA A-30', 'PASTA COM ELÁSTICO DE POLIPROPILENO, TAMANHO OFICIO 30MM ESTRELA A-30', 8, -1, 'UNIDADE', '1', 'Renato Leandro', '2020-02-17 00:00:00', 'Renato Leandro', '2020-02-17 00:00:00', 'N', 3),
	(622, 'PASTA COM ELÁSTICO DE POLIPROPILENO, TAMANHO OFICIO 50MM ESTRELA A-50', 'PASTA COM ELÁSTICO DE POLIPROPILENO, TAMANHO OFICIO 50MM ESTRELA A-50', 8, -1, 'UNIDADE', '1', 'Renato Leandro', '2020-02-17 00:00:00', 'Renato Leandro', '2020-02-17 00:00:00', 'N', 3),
	(623, 'PASTA DE PLÁSTICO COM GRAMPO', 'PASTA DE PLÁSTICO COM GRAMPO', 8, -1, 'UNIDADE', '1', 'Renato Leandro', '2020-02-17 00:00:00', 'Renato Leandro', '2020-02-17 00:00:00', 'N', 3),
	(624, 'PASTA SANFONADA COM 31 DIVISÓRIAS TAMANHO OFICIO', 'PASTA SANFONADA COM 31 DIVISÓRIAS TAMANHO OFICIO', 8, -1, 'UNIDADE', '1', 'Renato Leandro', '2020-02-17 00:00:00', 'Renato Leandro', '2020-02-17 00:00:00', 'N', 3),
	(625, 'PASTA SUSPENSA PARA ARQUIVO', 'PASTA SUSPENSA PARA ARQUIVO', 8, -1, 'UNIDADE', '1', 'Renato Leandro', '2020-02-17 00:00:00', 'Renato Leandro', '2020-02-17 00:00:00', 'N', 3),
	(626, 'PERCEVEJO LATONADO 100X1', 'PERCEVEJO LATONADO 100X1', 8, -1, 'UNIDADE', '1', 'Renato Leandro', '2020-02-17 00:00:00', 'Renato Leandro', '2020-02-17 00:00:00', 'N', 3),
	(627, 'PERFURADOR DE FOLHAS - PARA 25 FOLHAS', 'PERFURADOR DE FOLHAS - PARA 25 FOLHAS', 8, -1, 'UNIDADE', '1', 'Renato Leandro', '2020-02-17 00:00:00', 'Renato Leandro', '2020-02-17 00:00:00', 'N', 3),
	(628, 'PERFURADOR DE FOLHAS - PARA 60 FOLHAS', 'PERFURADOR DE FOLHAS - PARA 60 FOLHAS', 8, -1, 'UNIDADE', '1', 'Renato Leandro', '2020-02-17 00:00:00', 'Renato Leandro', '2020-02-17 00:00:00', 'N', 3),
	(629, 'PILHA AA, NÃO RECARREGÁVEL ALCALINA MÉDIA 1,5V, PCT COM 2 X 1', 'PILHA AA, NÃO RECARREGÁVEL ALCALINA MÉDIA 1,5V, PCT COM 2 X 1', 8, -1, 'UNIDADE', '1', 'Renato Leandro', '2020-02-17 00:00:00', 'Renato Leandro', '2020-02-17 00:00:00', 'N', 3),
	(630, 'PILHA AAA, NÃO RECARREGÁVEL ALCALINA, PCT COM 2 X 1', 'PILHA AAA, NÃO RECARREGÁVEL ALCALINA, PCT COM 2 X 1', 8, -1, 'UNIDADE', '1', 'Renato Leandro', '2020-02-17 00:00:00', 'Renato Leandro', '2020-02-17 00:00:00', 'N', 3),
	(631, 'PILHAS MEDIA ALCALINAS C', 'PILHAS MEDIA ALCALINAS C', 8, -1, 'UNIDADE', '1', 'Renato Leandro', '2020-02-17 00:00:00', 'Renato Leandro', '2020-02-17 00:00:00', 'N', 3),
	(632, 'PINCEL CHATO N° 06 - 1° LINHA', 'PINCEL CHATO N° 06 - 1° LINHA', 8, -1, 'UNIDADE', '1', 'Renato Leandro', '2020-02-17 00:00:00', 'Renato Leandro', '2020-02-17 00:00:00', 'N', 3),
	(633, 'PINCEL CHATO N° 08 - 1° LINHA', 'PINCEL CHATO N° 08 - 1° LINHA', 8, -1, 'UNIDADE', '1', 'Renato Leandro', '2020-02-17 00:00:00', 'Renato Leandro', '2020-02-17 00:00:00', 'N', 3),
	(634, 'PINCEL CHATO N° 12 - 1° LINHA', 'PINCEL CHATO N° 12 - 1° LINHA', 8, -1, 'UNIDADE', '1', 'Renato Leandro', '2020-02-17 00:00:00', 'Renato Leandro', '2020-02-17 00:00:00', 'N', 3),
	(635, 'PISTOLA PARA COLA QUENTE FINA 8MM - PEQUENA', 'PISTOLA PARA COLA QUENTE FINA 8MM - PEQUENA', 8, -1, 'UNIDADE', '1', 'Renato Leandro', '2020-02-20 08:59:14', 'Renato Leandro', '2020-02-20 08:59:14', 'N', 3),
	(636, 'PISTOLA PARA COLA QUENTE HOT MELT G-250', 'PISTOLA PARA COLA QUENTE HOT MELT G-250', 8, -1, 'UNIDADE', '1', 'Renato Leandro', '2020-02-17 00:00:00', 'Renato Leandro', '2020-02-17 00:00:00', 'N', 3),
	(637, 'PRANCHETA DE  POLIESTIRENO  TRANSPARENTE A4', 'PRANCHETA DE  POLIESTIRENO  TRANSPARENTE A4', 8, -1, 'UNIDADE', '1', 'Renato Leandro', '2020-02-17 00:00:00', 'Renato Leandro', '2020-02-17 00:00:00', 'N', 3),
	(638, 'REGUA TRANSPARENTE 30CM ', 'REGUA TRANSPARENTE 30CM ', 8, -1, 'UNIDADE', '1', 'Renato Leandro', '2020-02-17 00:00:00', 'Renato Leandro', '2020-02-17 00:00:00', 'N', 3),
	(639, 'TESOURA LISA SEM PONTA, EM AÇO INOXIDÁVEL, CABO PLÁSTICO. DIMENSÕES APROXIMADAS: 13 CM - 1° LINHA.', 'TESOURA LISA SEM PONTA, EM AÇO INOXIDÁVEL, CABO PLÁSTICO. DIMENSÕES APROXIMADAS: 13 CM - 1° LINHA.', 8, -1, 'UNIDADE', '1', 'Renato Leandro', '2020-02-17 00:00:00', 'Renato Leandro', '2020-02-17 00:00:00', 'N', 3),
	(640, 'TESOURA MULTIUSO 21 CM, CABO PLÁSTICO, LÂMINA EM AÇO INOXIDÁVEL, FORMATO ANATÔMICO. 1º LINHA.', 'TESOURA MULTIUSO 21 CM, CABO PLÁSTICO, LÂMINA EM AÇO INOXIDÁVEL, FORMATO ANATÔMICO. 1º LINHA.', 8, -1, 'UNIDADE', '1', 'Renato Leandro', '2020-02-17 00:00:00', 'Renato Leandro', '2020-02-17 00:00:00', 'N', 3),
	(641, 'TINTA AQUARELA  PARA TECIDO 60 ML - CORES VARIADAS DE 1° LINHA', 'TINTA AQUARELA  PARA TECIDO 60 ML - CORES VARIADAS DE 1° LINHA', 8, -1, 'UNIDADE', '1', 'Renato Leandro', '2020-02-17 00:00:00', 'Renato Leandro', '2020-02-17 00:00:00', 'N', 3),
	(642, 'TINTA PARA CARIMBO, COR AZUL E PRETO', 'TINTA PARA CARIMBO, COR AZUL E PRETO', 8, -1, 'UNIDADE', '1', 'Renato Leandro', '2020-02-17 00:00:00', 'Renato Leandro', '2020-02-17 00:00:00', 'N', 3),
	(643, 'BARBANTE CRU 4/12 - ROLO COM 700 GRAMAS', 'BARBANTE CRU 4/12 - ROLO COM 700 GRAMAS', 8, -1, 'UNIDADE', '1', 'Renato Leandro', '2020-02-17 00:00:00', 'Renato Leandro', '2020-02-17 00:00:00', 'N', 3),
	(644, 'BARBANTE CRU 4/8 - ROLO COM 700 GRAMAS', 'BARBANTE CRU 4/8 - ROLO COM 700 GRAMAS', 8, -1, 'UNIDADE', '1', 'Renato Leandro', '2020-02-17 00:00:00', 'Renato Leandro', '2020-02-17 00:00:00', 'N', 3),
	(645, 'CAPA PARA ENCADERNAÇÃO EM LAMINADO DE POLIPROPILENO NA ESPESSURA APROXIMADA 0,30MM, FORMATO A4 - 210X297MM. COR PRETA. PCT 50X1', 'CAPA PARA ENCADERNAÇÃO EM LAMINADO DE POLIPROPILENO NA ESPESSURA APROXIMADA 0,30MM, FORMATO A4 - 210X297MM. COR PRETA. PCT 50X1', 8, -1, 'UNIDADE', '1', 'Renato Leandro', '2020-02-17 00:00:00', 'Renato Leandro', '2020-02-17 00:00:00', 'N', 3),
	(646, 'CAPA PARA ENCADERNAÇÃO EM LAMINADO DE POLIPROPILENO NA ESPESSURA APROXIMADA 0,30...', 'CAPA PARA ENCADERNAÇÃO EM LAMINADO DE POLIPROPILENO NA ESPESSURA APROXIMADA 0,30...', 8, -1, 'UNIDADE', '1', 'Renato Leandro', '2020-02-17 00:00:00', 'Renato Leandro', '2020-02-17 00:00:00', 'N', 3),
	(647, 'CLIPES PARA PAPEL Nº 2/0 EM ARAME DE AÇO LATONADO 500GR', 'CLIPES PARA PAPEL Nº 2/0 EM ARAME DE AÇO LATONADO 500GR', 8, -1, 'UNIDADE', '1', 'Renato Leandro', '2020-02-17 00:00:00', 'Renato Leandro', '2020-02-17 00:00:00', 'N', 3),
	(648, 'CLIPES PARA PAPEL Nº 3/0 EM ARAME DE AÇO LATONADO 500GR', 'CLIPES PARA PAPEL Nº 3/0 EM ARAME DE AÇO LATONADO 500GR', 8, -1, 'UNIDADE', '1', 'Renato Leandro', '2020-02-17 00:00:00', 'Renato Leandro', '2020-02-17 00:00:00', 'N', 3),
	(649, 'CLIPES PARA PAPEL Nº 6/0 EM ARAME DE AÇO LATONADO 500GR', 'CLIPES PARA PAPEL Nº 6/0 EM ARAME DE AÇO LATONADO 500GR', 8, -1, 'UNIDADE', '1', 'Renato Leandro', '2020-02-17 00:00:00', 'Renato Leandro', '2020-02-17 00:00:00', 'N', 3),
	(650, 'COLA QUENTE PARA PISTOLA FINA', 'COLA QUENTE PARA PISTOLA FINA', 8, -1, 'UNIDADE', '1', 'Renato Leandro', '2020-02-17 00:00:00', 'Renato Leandro', '2020-02-17 00:00:00', 'N', 3),
	(651, 'FITA ADESIVA PVC TRANSPARENTE 48MM', 'FITA ADESIVA PVC TRANSPARENTE 48MM', 8, -1, 'UNIDADE', '1', 'Renato Leandro', '2020-02-17 00:00:00', 'Renato Leandro', '2020-02-17 00:00:00', 'N', 3),
	(652, 'APARELHO DE TELEFONE SEM FIO - CONFORME TERMO DE REFERENCIA - ANEXO I DO EDITAL', 'APARELHO DE TELEFONE SEM FIO - CONFORME TERMO DE REFERENCIA - ANEXO I DO EDITAL', 8, -1, 'UNIDADE', '1', 'Renato Leandro', '2020-02-17 00:00:00', 'Renato Leandro', '2020-02-17 00:00:00', 'N', 3),
	(653, 'BOBINA RIBBON YMCKO 400IMP', 'RIBBON YMCKO 400IMP IMPRESSORA CRACHA HITI CS200E. CARACTERISTICAS: MARCA: HITI. MODELO...', 8, -1, 'UNIDADE', '1', 'Renato Leandro', '2020-02-20 09:05:08', 'Renato Leandro', '2020-02-20 09:05:08', 'N', 3),
	(654, 'LAPIS PRETO Nº2 144X1, 50X1 - 1° LINHA', 'LAPIS PRETO Nº2 144X1, 50X1 - 1° LINHA', 8, -1, 'UNIDADE', '1', 'Renato Leandro', '2020-02-17 00:00:00', 'Renato Leandro', '2020-02-17 00:00:00', 'N', 3),
	(655, 'BATERIA 357', 'BATERIA 357', 8, -1, 'UNIDADE', '1', 'Renato Leandro', '2020-02-17 00:00:00', 'Renato Leandro', '2020-02-17 00:00:00', 'N', 3),
	(656, 'COLA BRANCA PROPRIA PARA  ARTESANATO 1 KG (MARCA SUGERIDA: CASCOREZ)', 'COLA BRANCA PROPRIA PARA  ARTESANATO 1 KG (MARCA SUGERIDA: CASCOREZ)', 8, -1, 'UNIDADE', '1', 'Renato Leandro', '2020-03-03 08:20:40', 'Renato Leandro', '2020-03-03 08:20:40', 'N', 3),
	(657, 'COLA TEKBOND ADESIVO INSTANTÂNEO TEKBOND ARTESANATO N2 20GA - CAIXA COM 10 UNIDADES', 'COLA TEKBOND ADESIVO INSTANTÂNEO TEKBOND ARTESANATO N2 20GA - CAIXA COM 10 UNIDADES', 8, -1, 'UNIDADE', '1', 'Renato Leandro', '2020-02-17 00:00:00', 'Renato Leandro', '2020-02-17 00:00:00', 'N', 3),
	(658, 'QUADRO BRANCO MAGNÉTICO 90X60 - COM 2 PINCÉIS E 1 APAGADOR ', 'QUADRO BRANCO MAGNÉTICO 90X60 - COM 2 PINCÉIS E 1 APAGADOR ', 8, -1, 'UNIDADE', '1', 'Renato Leandro', '2020-02-17 00:00:00', 'Renato Leandro', '2020-02-17 00:00:00', 'N', 3),
	(659, 'VELA BRANCA VELA PALITO REGINA FESTAS BRANCA 24 UNID.', 'VELA BRANCA VELA PALITO REGINA FESTAS BRANCA 24 UNID.', 8, -1, 'PACOTE\r\n', '1', 'Renato Leandro', '2020-02-20 09:07:31', 'Renato Leandro', '2020-02-20 09:07:31', 'N', 3),
	(660, 'APARELHO TELEFÔNICO COM FIO, TECLADO COM 15 TECLAS INCLUINDO TECLAS FLASH, REDISCAR, E MUDO, DISCAGEM TOM E PULSO. EMBALAGEM CONTENDO 01 BASE, 01 MONOFONE, 01 FIO TELEFÔNICO, 01 CABO ESPIRAL. GARANTIA MÍNIMA DE 01 ANO.', 'APARELHO TELEFÔNICO COM FIO, TECLADO COM 15 TECLAS INCLUINDO TECLAS FLASH, REDISCAR, E MUDO, DISCAGEM TOM E PULSO. EMBALAGEM CONTENDO 01 BASE, 01 MONOFONE, 01 FIO TELEFÔNICO, 01 CABO ESPIRAL. GARANTIA MÍNIMA DE 01 ANO.', 8, -1, 'UNIDADE', '1', 'Renato Leandro', '2020-02-17 00:00:00', 'Renato Leandro', '2020-02-17 00:00:00', 'N', 3),
	(661, 'CD-R GRAVÁVEL (80MIN/700MB)52X PRINTABLE -  TUBO/ CAIXA COM 50 UNIDADES', 'CD-R GRAVÁVEL (80MIN/700MB)52X PRINTABLE -  TUBO/ CAIXA COM 50 UNIDADES', 8, -1, 'UNIDADE', '1', 'Renato Leandro', '2020-02-17 00:00:00', 'Renato Leandro', '2020-02-17 00:00:00', 'N', 3),
	(662, 'QUADRO DE AVISO 60X90CM,  EM CORTIÇA EMBORRACHADA REVESTIDA EM FELTRO COR AZUL, BORDAS EM ALUMÍNIO 25X12MM', 'QUADRO DE AVISO 60X90CM,  EM CORTIÇA EMBORRACHADA REVESTIDA EM FELTRO COR AZUL, BORDAS EM ALUMÍNIO 25X12MM', 8, -1, 'UNIDADE', '1', 'Renato Leandro', '2020-02-17 00:00:00', 'Renato Leandro', '2020-02-17 00:00:00', 'N', 3),
	(663, 'TINTA SPRAY TINTA SPRAY DE USO GERAL 350 ML - TEKBOND - CORES VARIADAS: PRETO, DOURADA, PRATA, VERDE, AMARELO, VERMELHO BRILHANTE', 'TINTA SPRAY TINTA SPRAY DE USO GERAL 350 ML - TEKBOND - CORES VARIADAS: PRETO, DOURADA, PRATA, VERDE, AMARELO, VERMELHO BRILHANTE', 8, -1, 'UNIDADE', '1', 'Renato Leandro', '2020-02-17 00:00:00', 'Renato Leandro', '2020-02-17 00:00:00', 'N', 3),
	(664, 'CARTÃO DE PVC EM ALTA QUALIDADE - EMBALAGEM 100 UNIDADES', 'CARTÃO DE PVC EM ALTA QUALIDADE - EMBALAGEM 100 UNIDADES', 8, -1, 'UNIDADE', '1', 'Renato Leandro', '2020-02-17 00:00:00', 'Renato Leandro', '2020-02-17 00:00:00', 'N', 3),
	(665, 'CORDÃO DE POLIESTER 12 MM, COR PRETO, PARA CRACHÁ COM CLIPES METALICO (JACARÉ).', 'CORDÃO DE POLIESTER 12 MM, COR PRETO, PARA CRACHÁ COM CLIPES METALICO (JACARÉ).', 8, -1, 'UNIDADE', '1', 'Renato Leandro', '2020-02-17 00:00:00', 'Renato Leandro', '2020-02-17 00:00:00', 'N', 3),
	(666, 'ESPETOS DE MADEIRA PARA CHURRASCO - PACOTE COM 50 UNIDADES', 'ESPETOS DE MADEIRA PARA CHURRASCO - PACOTE COM 50 UNIDADES', 8, -1, 'UNIDADE', '1', 'Renato Leandro', '2020-02-17 00:00:00', 'Renato Leandro', '2020-02-17 00:00:00', 'N', 3),
	(667, 'FITA DE CETIM 100% POLIESTER N° 02 - 10 MM C/ 10 METROS (SIMPLES).', 'FITA DE CETIM 100% POLIESTER N° 02 - 10 MM C/ 10 METROS (SIMPLES).', 8, -1, 'UNIDADE', '1', 'Renato Leandro', '2020-02-17 00:00:00', 'Renato Leandro', '2020-02-17 00:00:00', 'N', 3),
	(668, 'FITA DE CETIM 100% POLIESTER N° 05 - 22 MM C/ 10 METROS (SIMPLES).', 'FITA DE CETIM 100% POLIESTER N° 05 - 22 MM C/ 10 METROS (SIMPLES).', 8, -1, 'UNIDADE', '1', 'Renato Leandro', '2020-02-17 00:00:00', 'Renato Leandro', '2020-02-17 00:00:00', 'N', 3),
	(669, 'GRAMPO PARA GRAMPEADOR 23/13, CX COM 5000 UND.', 'GRAMPO PARA GRAMPEADOR 23/13, CX COM 5000 UND.', 8, -1, 'UNIDADE', '1', 'Renato Leandro', '2020-02-17 00:00:00', 'Renato Leandro', '2020-02-17 00:00:00', 'N', 3),
	(670, 'LAMINA PARA ESTILETE LARGO', 'LAMINA PARA ESTILETE LARGO', 8, -1, 'UNIDADE', '1', 'Renato Leandro', '2020-02-17 00:00:00', 'Renato Leandro', '2020-02-17 00:00:00', 'N', 3),
	(671, 'LAPIS DE COR - COM 12 CORES - TAMANHO GRANDE - 1° LINHA', 'LAPIS DE COR - COM 12 CORES - TAMANHO GRANDE - 1° LINHA', 8, -1, 'UNIDADE', '1', 'Renato Leandro', '2020-02-17 00:00:00', 'Renato Leandro', '2020-02-17 00:00:00', 'N', 3),
	(672, 'PINCEL ATÔMICO, COM PONTA REDONDA EM FELTRO, RECARREGÁVEL, TINTA A BASE DE ÁLCOOL, COR AZUL.', 'PINCEL ATÔMICO, COM PONTA REDONDA EM FELTRO, RECARREGÁVEL, TINTA A BASE DE ÁLCOOL, COR AZUL.', 8, -1, 'UNIDADE', '1', 'Renato Leandro', '2020-02-17 00:00:00', 'Renato Leandro', '2020-02-17 00:00:00', 'N', 3),
	(673, 'PINCEL ATÔMICO, COM PONTA REDONDA EM FELTRO, RECARREGÁVEL, TINTA A BASE DE ÁLCOOL, COR PRETA', 'PINCEL ATÔMICO, COM PONTA REDONDA EM FELTRO, RECARREGÁVEL, TINTA A BASE DE ÁLCOOL, COR PRETA', 8, -1, 'UNIDADE', '1', 'Renato Leandro', '2020-02-17 00:00:00', 'Renato Leandro', '2020-02-17 00:00:00', 'N', 3),
	(674, 'PINCEL ATÔMICO, COM PONTA REDONDA EM FELTRO, RECARREGÁVEL, TINTA A BASE DE ÁLCOOL, COR VERMELHA.', 'PINCEL ATÔMICO, COM PONTA REDONDA EM FELTRO, RECARREGÁVEL, TINTA A BASE DE ÁLCOOL, COR VERMELHA.', 8, -1, 'UNIDADE', '1', 'Renato Leandro', '2020-02-17 00:00:00', 'Renato Leandro', '2020-02-17 00:00:00', 'N', 3),
	(675, 'PINCEL REGARREGÁVEL PARA  QUADRO BRANCO CORES VARIADAS (AZUL/VERMELHO/PRETO)', 'PINCEL REGARREGÁVEL PARA  QUADRO BRANCO CORES VARIADAS (AZUL/VERMELHO/PRETO)', 8, -1, 'UNIDADE', '1', 'Renato Leandro', '2020-02-17 00:00:00', 'Renato Leandro', '2020-02-17 00:00:00', 'N', 3),
	(676, 'PRENDEDOR DE ROUPA DE MADEIRA', 'PRENDEDOR DE ROUPA DE MADEIRA', 8, -1, 'UNIDADE', '1', 'Renato Leandro', '2020-02-17 00:00:00', 'Renato Leandro', '2020-02-17 00:00:00', 'N', 3),
	(677, 'CALCULADORA DE MESA 12 DÍGITOS - VISOR LCD, 12 DÍGITOS GRANDES, MEMÓRIA, RAIZ, PORCENTAGEM, ALIMENTAÇÃO POR BATERIA + SOLAR. INVERSÃO DE SINAL 12 NÚMEROS DE DÍGITOS NO DISPLAY. DIMENSÕES APROXIMADAS: 13,2 X 10,5 X 3,1CM (AXLXP). ', 'CALCULADORA DE MESA 12 DÍGITOS - VISOR LCD, 12 DÍGITOS GRANDES, MEMÓRIA, RAIZ, PORCENTAGEM, ALIMENTAÇÃO POR BATERIA + SOLAR. INVERSÃO DE SINAL 12 NÚMEROS DE DÍGITOS NO DISPLAY. DIMENSÕES APROXIMADAS: 13,2 X 10,5 X 3,1CM (AXLXP). ', 8, -1, 'UNIDADE', '1', 'Renato Leandro', '2020-02-17 00:00:00', 'Renato Leandro', '2020-02-17 00:00:00', 'N', 3),
	(678, 'GIZ DE CERA - COM 12 CORES- TAMANHO GRANDE - 1° LINHA', 'GIZ DE CERA - COM 12 CORES- TAMANHO GRANDE - 1° LINHA', 8, -1, 'UNIDADE', '1', 'Renato Leandro', '2020-02-17 00:00:00', 'Renato Leandro', '2020-02-17 00:00:00', 'N', 3),
	(679, 'GIZ DE CERA COR AZUL - 12 UNIDADES - TAMANHO GRANDE - 1° LINHA', 'GIZ DE CERA COR AZUL - 12 UNIDADES - TAMANHO GRANDE - 1° LINHA', 8, -1, 'CAIXA', '1', 'Renato Leandro', '2020-02-20 09:13:27', 'Renato Leandro', '2020-02-20 09:13:27', 'N', 3),
	(680, 'MASSINHA DE MODELAR - COM 12 CORES - 1° LINHA', 'MASSINHA DE MODELAR - COM 12 CORES - 1° LINHA', 8, -1, 'CAIXA', '1', 'Renato Leandro', '2020-02-20 09:13:43', 'Renato Leandro', '2020-02-20 09:13:43', 'N', 3),
	(681, 'PINCEL REDONDO N° 03 - 1° LINHA', 'PINCEL REDONDO N° 03 - 1° LINHA', 8, -1, 'UNIDADE', '1', 'Renato Leandro', '2020-02-17 00:00:00', 'Renato Leandro', '2020-02-17 00:00:00', 'N', 3),
	(682, 'PINCEL REDONDO N° 06 - 1° LINHA', 'PINCEL REDONDO N° 06 - 1° LINHA', 8, -1, 'UNIDADE', '1', 'Renato Leandro', '2020-02-17 00:00:00', 'Renato Leandro', '2020-02-17 00:00:00', 'N', 3),
	(683, 'TINTA GUACHE 30 ML - CX COM 6 UNDS DE 1° LINHA', 'TINTA GUACHE 30 ML - CX COM 6 UNDS DE 1° LINHA', 8, -1, 'UNIDADE', '1', 'Renato Leandro', '2020-02-17 00:00:00', 'Renato Leandro', '2020-02-17 00:00:00', 'N', 3),
	(684, 'ÁGUA SANITARIA PARA LIMPEZA', 'ÁGUA SANITARIA PARA LIMPEZA, ACONDICIONADO EM FRASCO CONFECCIONADO EM PLASTICO RESISTENTE DE 05 LITROS. SOLUÇÃO AQUOSA, A BASE DE HIPOCLORITO SÓDIO OU CALCIO, FRASCO PLÁSTICO, 2% PP A 2,5% PP. A COMPOSIÇÃO DO PRODUTO DEVERA ESTAR DESCRITA NA EMBALAGEM.  APRESENTAR REGISTRO DO PRODUTO JUNTO AO MINISTÉRIO DA SAÚDE/ANVISA. APRESENTAR FICHA DE INFORMAÇÃO DE SEGURANÇA DE PRODUTO QUÍMICO - FISPQ, DE ACORDO COM NBR 14725.', 1, -1, 'UNIDADE', '1', 'Renato Leandro', '2020-02-19 13:08:55', 'Renato Leandro', '2020-02-19 13:08:55', 'N', 3),
	(685, 'RODO:  BASE DE ALUMÍNIO, COM DUAS BORRACHAS; COM A BASE MEDINDO 60 CM; COM CABO DE ALUMÍNIO DE NO MINIMO 120CM.', 'RODO:  BASE DE ALUMÍNIO, COM DUAS BORRACHAS; COM A BASE MEDINDO 60 CM; COM CABO DE ALUMÍNIO DE NO MINIMO 120CM.', 1, -1, 'UNIDADE', '1', 'Renato Leandro', '2020-02-17 00:00:00', 'Renato Leandro', '2020-02-17 00:00:00', 'N', 3),
	(686, 'SACO PLÁSTICO PARA LIXO 40 LITROS, COM 0,06 MICRAS, COR: PRETA, PCT 100X1', 'SACO PLÁSTICO PARA LIXO 40 LITROS, COM 0,06 MICRAS, COR: PRETA, PCT 100X1', 1, -1, 'PACOTE\r\n', '1', 'Renato Leandro', '2020-03-03 15:59:05', 'Renato Leandro', '2020-03-03 15:59:05', 'N', 3),
	(687, 'DESINFETANTE LIQUIDO COM ROTULO HOSPITALAR PARA SUPERFÍCIES EM GERAL - A BASE DE HIPOCLORITO DE SÓDIO ESTABILIZADO NA COMPOSIÇÃO 1% A 2,5% - - EMBALAGEM 05 LITROS - PRODUTO REGISTRADO NA ANVISA (DILUIÇÃO 1:1)', 'DESINFETANTE LIQUIDO COM ROTULO HOSPITALAR PARA SUPERFÍCIES EM GERAL - A BASE DE HIPOCLORITO DE SÓDIO ESTABILIZADO NA COMPOSIÇÃO 1% A 2,5% - - EMBALAGEM 05 LITROS - PRODUTO REGISTRADO NA ANVISA (DILUIÇÃO 1:1)', 1, -1, 'UNIDADE', '1', 'Renato Leandro', '2020-02-17 00:00:00', 'Renato Leandro', '2020-02-17 00:00:00', 'N', 3),
	(688, 'BALDE PLÁSTICO REFORÇADO COM ALÇA EM METAL CAPACIDADE 12 LITROS', 'BALDE PLÁSTICO REFORÇADO COM ALÇA EM METAL CAPACIDADE 12 LITROS', 1, -1, 'UNIDADE', '1', 'Renato Leandro', '2020-02-17 00:00:00', 'Renato Leandro', '2020-02-17 00:00:00', 'N', 3),
	(689, 'AÇÚCAR CRISTALIZADO, COMPOSIÇÃO BÁSICA: SACAROSE DE CANA-DE-AÇÚCAR, EM EMBALAGEM PLÁSTICA CONTENDO 2 KG, E CONTAR AINDA DATA DE VALIDADE E FABRICAÇÃO.', 'AÇÚCAR CRISTALIZADO, COMPOSIÇÃO BÁSICA: SACAROSE DE CANA-DE-AÇÚCAR, EM EMBALAGEM PLÁSTICA CONTENDO 2 KG, E CONTAR AINDA DATA DE VALIDADE E FABRICAÇÃO.', 1, -1, 'PACOTE\r\n', '1', 'Renato Leandro', '2020-03-03 15:55:48', 'Renato Leandro', '2020-03-03 15:55:48', 'N', 3),
	(690, 'ALCOOL EM GEL COM AÇÃO GERMICIDA 70% EMBALAGEM DE 500G. INDICADO PARA ASSEPSIA DAS MÃOS E TAMBÉM PARA USO EM CONSULTÓRIOS,', 'ALCOOL EM GEL COM AÇÃO GERMICIDA 70% EMBALAGEM DE 500G. INDICADO PARA ASSEPSIA DAS MÃOS E TAMBÉM PARA USO EM CONSULTÓRIOS, CABINE DE ESTÉTICA E PARA USO EM AMBIENTE ESCOLAR. FÓRMULA MOLECULAR: C2H5OH, SUBSTÂNCIA: ÁLCOOL ETÍLICO A 70O INPM, NATUREZA QUÍMICA: SOLUÇÃO A BASE DE ETANOL. APRESENTAR REGISTRO DO PRODUTO JUNTO AO MINISTÉRIO DA SAÚDE/ANVISA E AUTORIZAÇÃO DE FUNCIONAMENTO DA EMPRESA - AFE. APRESENTAR FICHA DE INFORMAÇÃO DE SEGURANÇA DE PRODUTO QUÍMICO - FISPQ, DE ACORDO COM NBR 14725.', 1, -1, 'UNIDADE', '1', 'RODRIGO DIEGO', '2020-03-17 09:58:25', 'RODRIGO DIEGO', '2020-03-17 09:58:25', 'N', 3),
	(691, 'COPO DESCARTÁVEL, EM PLÁSTICO CAPACIDADE DE 50 ML, EMBALAGEM COM 100 UNDS.', 'COPO DESCARTÁVEL, EM PLÁSTICO MALEÁVEL, CAPACIDADE DE 50 ML, EMBALAGEM COM 100 UNDS. FABRICADO SEGUNDO AS NORMAS DA ABNT. CX COM 5.000 UNDS', 1, -1, 'PACOTE\r\n', '1', 'Renato Leandro', '2020-03-03 16:02:13', 'Renato Leandro', '2020-03-03 16:02:13', 'N', 3),
	(692, 'COPO DESCARTÁVEL, EM PLÁSTICO, CAPACIDADE 200 ML, EMBALAGEM COM 100 UNDS.', 'COPO DESCARTÁVEL, EM PLÁSTICO MALEÁVEL, CAPACIDADE 200 ML, EMBALAGEM COM 100 UNDS. FABRICADO SEGUNDO AS NORMAS DA ABNT. CX COM 3.000 UNDS', 1, -1, 'PACOTE\r\n', '1', 'Renato Leandro', '2020-03-03 16:03:13', 'Renato Leandro', '2020-03-03 16:03:13', 'N', 3),
	(693, 'DESINFETANTE 5 LITROS, AÇÃO GERMICIDA, BACTERICIDA, AROMA LAVANDA. POSSUIR TENSOATIVO QUE PROPORCIONA ALTA DESINFECÇÃO E LIMPEZA DE SUPERFÍCIES EM GERAL. TEM COMPROVADA EFICIÊNCIA CONTRA BACTÉRIAS COMO: STAPHYLOCOCCUS AUREUS, SALMONELLA E PSEUDOMONAS AERUGINOSA. PH 6,0-8,0. APRESENTAR REGISTRO DO PRODUTO JUNTO AO MINISTÉRIO DA SAÚDE/ANVISA. APRESENTAR FICHA DE INFORMAÇÃO DE SEGURANÇA DE PRODUTO QUÍMICO -FISPQ, DE ACORDO COM NBR 14725.', 'DESINFETANTE 5 LITROS, AÇÃO GERMICIDA, BACTERICIDA, AROMA LAVANDA. POSSUIR TENSOATIVO QUE PROPORCIONA ALTA DESINFECÇÃO E LIMPEZA DE SUPERFÍCIES EM GERAL. TEM COMPROVADA EFICIÊNCIA CONTRA BACTÉRIAS COMO: STAPHYLOCOCCUS AUREUS, SALMONELLA E PSEUDOMONAS AERUGINOSA. PH 6,0-8,0. APRESENTAR REGISTRO DO PRODUTO JUNTO AO MINISTÉRIO DA SAÚDE/ANVISA. APRESENTAR FICHA DE INFORMAÇÃO DE SEGURANÇA DE PRODUTO QUÍMICO -FISPQ, DE ACORDO COM NBR 14725.', 1, -1, 'UNIDADE', '1', 'Renato Leandro', '2020-02-17 00:00:00', 'Renato Leandro', '2020-02-17 00:00:00', 'N', 3),
	(694, 'LIMPA PEDRAS E PISOS - GALÃO DE 5 LITROS - 1° LINHA', 'LIMPA PEDRAS E PISOS - GALÃO DE 5 LITROS - 1° LINHA', 1, -1, 'UNIDADE', '1', 'Renato Leandro', '2020-02-17 00:00:00', 'Renato Leandro', '2020-02-17 00:00:00', 'N', 3),
	(695, 'LIMPADOR DE ALUMINIO NEUTRO DE 500ML', 'LIMPADOR DE ALUMINIO NEUTRO DE 500ML', 1, -1, 'UNIDADE', '1', 'Renato Leandro', '2020-02-17 00:00:00', 'Renato Leandro', '2020-02-17 00:00:00', 'N', 3),
	(696, 'LUVA DE BORRACHA COM VIROLA NOS PUNHOS, TAMANHO GRANDE - 1º LINHA', 'LUVA DE BORRACHA COM VIROLA NOS PUNHOS, TAMANHO GRANDE - 1º LINHA', 1, -1, 'PARES\r\n', '1', 'Renato Leandro', '2020-03-03 16:04:16', 'Renato Leandro', '2020-03-03 16:04:16', 'N', 3),
	(697, 'LUVA DE BORRACHA COM VIROLA NOS PUNHOS, TAMANHO MÉDIO - 1º LINHA', 'LUVA DE BORRACHA COM VIROLA NOS PUNHOS, TAMANHO MÉDIO - 1º LINHA', 1, -1, 'PARES\r\n', '1', 'Renato Leandro', '2020-03-03 16:04:28', 'Renato Leandro', '2020-03-03 16:04:28', 'N', 3),
	(698, 'LUVA DE BORRACHA COM VIROLA NOS PUNHOS, TAMANHO PEQUENO - 1º LINHA', 'LUVA DE BORRACHA COM VIROLA NOS PUNHOS, TAMANHO PEQUENO - 1º LINHA', 1, -1, 'PARES\r\n', '1', 'Renato Leandro', '2020-03-03 16:04:39', 'Renato Leandro', '2020-03-03 16:04:39', 'N', 3),
	(699, 'MULTIUSO LIMPEZA GERAL, AÇÃO GERMICIDA E BACTERICIDA, FRASCO 500ML.', 'MULTIUSO LIMPEZA GERAL, AÇÃO GERMICIDA E BACTERICIDA, FRASCO 500ML.', 1, -1, 'UNIDADE', '1', 'Renato Leandro', '2020-02-17 00:00:00', 'Renato Leandro', '2020-02-17 00:00:00', 'N', 3),
	(700, 'PAPEL TOALHA, FOLHA SIMPLES, 20 CM X 21CM, EMBALAGEM COM 1.000 FOLHAS', 'PAPEL TOALHA, MATERIAL 100 FIBRAS CELULOSE VIRGEM ALTA ABSORÇÃO, TIPO FOLHA SIMPLES, INTERFOLHA, LINHA PREMIUM, BRANCO NEVE, MACIA, RESISTENTE, DIMENSÕES APROXIMADAS 20 CM X 21CM, GRAMATURA 35 A 42G/M², RESISTÊNCIA MECÂNICA E UMIDADE, CARACTERÍSTICA ADICIONAL LUXO, APLICAÇÃO EM TOALHEIROS DE 2 DOBRAS, NÃO PODERÁ ESFARELAR DURANTE O USO, SEM ODOR NÃO CARACTERÍSTICO, ZERO DE MATERIAL RECICLADO, CORTE SEM ENRUGAMENTO NAS DOBRAS, EMBALAGEM COM 1.000 FOLHAS', 1, -1, 'PACOTE\r\n', '1', 'Renato Leandro', '2020-03-03 16:12:24', 'Renato Leandro', '2020-03-03 16:12:24', 'N', 3),
	(701, 'RODO LIMPA VIDROS COM EXPONJA ACOPLADA, CABO EXTENSOR DE ALUMINIO COM APROXIMADAMENTE 2M.', 'RODO LIMPA VIDROS COM EXPONJA ACOPLADA, CABO EXTENSOR DE ALUMINIO COM APROXIMADAMENTE 2M.', 1, -1, 'UNIDADE', '1', 'Renato Leandro', '2020-02-17 00:00:00', 'Renato Leandro', '2020-02-17 00:00:00', 'N', 3),
	(702, 'SABONETE, LÍQUIDO, ASPECTO FÍSICO CREMOSO/ VISCOSO/ PEROLADO, AROMA ERVA DOCE, APLICAÇÃO HIGIENE DAS MÃOS, COMPOSIÇÃO ETILENO GLICOL, LAURIL ÉTER SULFATO DE SÓDIO, ESPESSASTE, UMECTANTE - GALÃO COM 5 LITROS. APRESENTAR REGISTRO DO PRODUTO JUNTO AO MINISTÉRIO DA SAÚDE/ANVISA. APRESENTAR FICHA DE INFORMAÇÃO DE SEGURANÇA DE PRODUTO QUÍMICO - FISPQ, DE ACORDO COM NBR 14725', 'SABONETE, LÍQUIDO, ASPECTO FÍSICO CREMOSO/ VISCOSO/ PEROLADO, AROMA ERVA DOCE, APLICAÇÃO HIGIENE DAS MÃOS, COMPOSIÇÃO ETILENO GLICOL, LAURIL ÉTER SULFATO DE SÓDIO, ESPESSASTE, UMECTANTE - GALÃO COM 5 LITROS. APRESENTAR REGISTRO DO PRODUTO JUNTO AO MINISTÉRIO DA SAÚDE/ANVISA. APRESENTAR FICHA DE INFORMAÇÃO DE SEGURANÇA DE PRODUTO QUÍMICO - FISPQ, DE ACORDO COM NBR 14725', 1, -1, 'UNIDADE', '1', 'Renato Leandro', '2020-02-17 00:00:00', 'Renato Leandro', '2020-02-17 00:00:00', 'N', 3),
	(703, 'VASSOURA - TIPO ESFREGÃO - PARA LAVAR VEICULOS - MEDIDAS APROXIMADAS 40X10 CM DE LARGURA, COM ESPUMA E CABO.', 'VASSOURA - TIPO ESFREGÃO - PARA LAVAR VEICULOS - MEDIDAS APROXIMADAS 40X10 CM DE LARGURA, COM ESPUMA E CABO.', 1, -1, 'UNIDADE', '1', 'Renato Leandro', '2020-02-17 00:00:00', 'Renato Leandro', '2020-02-17 00:00:00', 'N', 3),
	(704, 'REMOVEDOR DE CERA, IMPERMEABILIZANTE ACRÍLICO E SUJIDADE PESADA E OU ANTIGA - SEM AMONÍACO - CONCENTRADO EM DILUIÇÃO DE UMA PARTE DE PRODUTO PARA ATÉ 10 DE ÁGUA - EMBALAGEM 05 LT - PRODUTO NOTIFICADO NA ANVISA (DILUIÇÃO 1:5)', 'REMOVEDOR DE CERA, IMPERMEABILIZANTE ACRÍLICO E SUJIDADE PESADA E OU ANTIGA - SEM AMONÍACO - CONCENTRADO EM DILUIÇÃO DE UMA PARTE DE PRODUTO PARA ATÉ 10 DE ÁGUA - EMBALAGEM 05 LT - PRODUTO NOTIFICADO NA ANVISA (DILUIÇÃO 1:5)', 1, -1, 'UNIDADE', '1', 'Renato Leandro', '2020-02-17 00:00:00', 'Renato Leandro', '2020-02-17 00:00:00', 'N', 3),
	(705, 'PESCA LARVAS, CONFECCIONADO EM ARAME COBERTO COM PLÁSTICO VERDE, E NYLON BRANCO NAS SEGUINTES DIMENSÕES: QUADRADO: COM CABO DE 28 CM, E PUÇÁ NO SEGUINTE TAMANHO 10,5 CM X 9 CM LARGURA X 10 CM FUNDO; REDONDO: COM CABO DE 28 CM, E PUÇÁ NO SEGUINTE TAMANHO 9,5 CM X 9,5 CM LARGURA X 10 CM FUNDO.', 'PESCA LARVAS, CONFECCIONADO EM ARAME COBERTO COM PLÁSTICO VERDE, E NYLON BRANCO NAS SEGUINTES DIMENSÕES: QUADRADO: COM CABO DE 28 CM, E PUÇÁ NO SEGUINTE TAMANHO 10,5 CM X 9 CM LARGURA X 10 CM FUNDO; REDONDO: COM CABO DE 28 CM, E PUÇÁ NO SEGUINTE TAMANHO 9,5 CM X 9,5 CM LARGURA X 10 CM FUNDO.', 1, -1, 'UNIDADE', '1', 'Renato Leandro', '2020-02-17 00:00:00', 'Renato Leandro', '2020-02-17 00:00:00', 'N', 3),
	(706, 'PIPETAS DE PLÁSTICO TIPO CONTA GOTAS 3 ML.', 'PIPETAS DE PLÁSTICO TIPO CONTA GOTAS 3 ML.', 1, -1, 'UNIDADE', '1', 'Renato Leandro', '2020-02-17 00:00:00', 'Renato Leandro', '2020-02-17 00:00:00', 'N', 3),
	(707, 'REFIL PARA SUPORTE  DE PAREDE PARA SABONETE LÍQUIDO OU ÁLCOOL GEL: RESERVATÓRIO 900 ML DE 1° QUALIDADE. FABRICADO EM PLÁSTICO ABS. COMPATIVEL COM A MARCA PREMISSE - CLEAN VELOX', 'REFIL PARA SUPORTE  DE PAREDE PARA SABONETE LÍQUIDO OU ÁLCOOL GEL: RESERVATÓRIO 900 ML DE 1° QUALIDADE. FABRICADO EM PLÁSTICO ABS. COMPATIVEL COM A MARCA PREMISSE - CLEAN VELOX', 1, -1, 'UNIDADE', '1', 'Renato Leandro', '2020-02-17 00:00:00', 'Renato Leandro', '2020-02-17 00:00:00', 'N', 3),
	(708, 'SUPORTE DE PAREDE PARA SABONETE LÍQUIDO OU ÁLCOOL GEL:  COM RESERVATÓRIO 900 ML DE 1° QUALIDADE. FABRICADO EM PLÁSTICO ABS. DIMENSÕES: 25CM (ALTURA) X 12,3CM (LARGURA) X 12,5CM (PROFUNDIDADE). MARCA PREMISSE - CLEAN VELOX (PADRONIZAÇÃO DAS UNIDADES DE SAUDE).', 'SUPORTE DE PAREDE PARA SABONETE LÍQUIDO OU ÁLCOOL GEL:  COM RESERVATÓRIO 900 ML DE 1° QUALIDADE. FABRICADO EM PLÁSTICO ABS. DIMENSÕES: 25CM (ALTURA) X 12,3CM (LARGURA) X 12,5CM (PROFUNDIDADE). MARCA PREMISSE - CLEAN VELOX (PADRONIZAÇÃO DAS UNIDADES DE SAUDE).', 1, -1, 'UNIDADE', '1', 'Renato Leandro', '2020-02-17 00:00:00', 'Renato Leandro', '2020-02-17 00:00:00', 'N', 3),
	(709, 'VASILHA DE PLASTICO RESISTENTE, REDONDA, SEM TAMPA, NA COR AZUL, CAPACIDADE DE 350 ML. (MODELO: VASILHA DE MERENDA ESCOLAR)', 'VASILHA DE PLASTICO RESISTENTE, REDONDA, SEM TAMPA, NA COR AZUL, CAPACIDADE DE 350 ML. (MODELO: VASILHA DE MERENDA ESCOLAR)', 1, -1, 'UNIDADE', '1', 'Renato Leandro', '2020-02-17 00:00:00', 'Renato Leandro', '2020-02-17 00:00:00', 'N', 3),
	(710, 'GUARDANAPO DE PAPEL, 33CMX30CM, PCT COM 50 FOLHAS', 'GUARDANAPO DE PAPEL, MEDIDAS APROXIMADAS 33CMX30CM, FOLHA DUPLA DE ALTA QUALIDADE - 100% FIBRAS NATURAIS, PCT COM 50 FOLHAS', 1, -1, 'PACOTE\r\n', '1', 'Renato Leandro', '2020-03-03 16:07:40', 'Renato Leandro', '2020-03-03 16:07:40', 'N', 3),
	(711, 'MARGARINA CREMOSA C/ SAL - PRODUTO COM NO MÍNIMO 65% DE LIPÍDIOS. A EMBALAGEM DEVE CONTER O REGISTRO NO MINISTÉRIO DA SAÚDE, O LOCAL DE ORIGEM DO PRODUTO, PESO, DATA DE EMBALAGEM E DATA DE VENCIMENTO (VAL). EMBALAGEM DE 1 KG.', 'MARGARINA CREMOSA C/ SAL - PRODUTO COM NO MÍNIMO 65% DE LIPÍDIOS. A EMBALAGEM DEVE CONTER O REGISTRO NO MINISTÉRIO DA SAÚDE, O LOCAL DE ORIGEM DO PRODUTO, PESO, DATA DE EMBALAGEM E DATA DE VENCIMENTO (VAL). EMBALAGEM DE 1 KG.', 1, -1, 'UNIDADE', '1', 'Renato Leandro', '2020-02-17 00:00:00', 'Renato Leandro', '2020-02-17 00:00:00', 'N', 3),
	(712, 'LIMPA VIDROS COM ALCOOL, FRASCO 500ML. COMPOSIÇÃO: BUTIL, GLICOL, ALCOOL ISOPROPILICO, HIDROXIDO DE AMÔNIO, FORMODEÍDO, CORANTE, PREFUME E ÁGUA, 1º LINHA. ', 'LIMPA VIDROS COM ALCOOL, FRASCO 500ML. COMPOSIÇÃO: BUTIL, GLICOL, ALCOOL ISOPROPILICO, HIDROXIDO DE AMÔNIO, FORMODEÍDO, CORANTE, PREFUME E ÁGUA, 1º LINHA. ', 1, -1, 'UNIDADE', '1', 'Renato Leandro', '2020-02-17 00:00:00', 'Renato Leandro', '2020-02-17 00:00:00', 'N', 3),
	(713, 'LIMPADOR MULTIUSO, LIMPEZA PESADA FRASCO 500ML', 'LIMPADOR MULTIUSO, LIMPEZA PESADA FRASCO 500ML', 1, -1, 'UNIDADE', '1', 'Renato Leandro', '2020-02-17 00:00:00', 'Renato Leandro', '2020-02-17 00:00:00', 'N', 3),
	(714, 'SUPORTE DE VASSOURA, PARA FIXAR NA PAREDE, EM AÇO GALVANIZADO, FABRICADO EM VERGALHAO 1/4 ZINCADO +CHAPA #16 ACOMPANHA BUCHAS 8 E PARAFUSOS, COR BRANCA, 7 CM DE ALTURA, 10 DE LARGURA, 40 DE PROFUNDIDADE, CAPACIDADE PARA 8 VASSOURA.', 'SUPORTE DE VASSOURA, PARA FIXAR NA PAREDE, EM AÇO GALVANIZADO, FABRICADO EM VERGALHAO 1/4 ZINCADO +CHAPA #16 ACOMPANHA BUCHAS 8 E PARAFUSOS, COR BRANCA, 7 CM DE ALTURA, 10 DE LARGURA, 40 DE PROFUNDIDADE, CAPACIDADE PARA 8 VASSOURA.', 1, -1, 'UNIDADE', '1', 'Renato Leandro', '2020-02-17 00:00:00', 'Renato Leandro', '2020-02-17 00:00:00', 'N', 3),
	(715, 'VASSOURA DE TETO DE SISAL COM CABO PROLONGADOR MEDINDO 210CM', 'VASSOURA DE TETO DE SISAL COM CABO PROLONGADOR MEDINDO 210CM', 1, -1, 'UNIDADE', '1', 'Renato Leandro', '2020-02-17 00:00:00', 'Renato Leandro', '2020-02-17 00:00:00', 'N', 3),
	(716, 'ESCOVA OVAL DE PLASTICO (LAVAR ROUPA)', 'ESCOVA OVAL DE PLASTICO (LAVAR ROUPA)', 1, -1, 'UNIDADE', '1', 'Renato Leandro', '2020-02-17 00:00:00', 'Renato Leandro', '2020-02-17 00:00:00', 'N', 3),
	(717, 'ESCOVA SANITÁRIA, CERDAS EM NYLON, COM CORPO, CABO E ESTOJO EM PLÁSTICO, MEDINDO APROXIMADAMENTE 45CM', 'ESCOVA SANITÁRIA, CERDAS EM NYLON, COM CORPO, CABO E ESTOJO EM PLÁSTICO, MEDINDO APROXIMADAMENTE 45CM', 1, -1, 'UNIDADE', '1', 'Renato Leandro', '2020-02-17 00:00:00', 'Renato Leandro', '2020-02-17 00:00:00', 'N', 3),
	(718, 'ESPONJA DUPLA FACE, USO GERAL, TAMANHO PADRÃO - EMBALAGEM INDIVIDUAL.', 'ESPONJA DUPLA FACE, USO GERAL, TAMANHO PADRÃO - EMBALAGEM INDIVIDUAL.', 1, -1, 'UNIDADE', '1', 'Renato Leandro', '2020-02-17 00:00:00', 'Renato Leandro', '2020-02-17 00:00:00', 'N', 3),
	(719, 'PÁ DE LIXO PLÁSTICA 24X16,5X7 COM CABO LONGO MADEIRA REVESTIDA (80CM)', 'PÁ DE LIXO PLÁSTICA 24X16,5X7 COM CABO LONGO MADEIRA REVESTIDA (80CM)', 1, -1, 'UNIDADE', '1', 'Renato Leandro', '2020-02-17 00:00:00', 'Renato Leandro', '2020-02-17 00:00:00', 'N', 3),
	(720, 'REFIL PARA RODO DE ALUMINIO DE EVA, COR PRETA - 40 CM.', 'REFIL PARA RODO DE ALUMINIO DE EVA, COR PRETA - 40 CM.', 1, -1, 'UNIDADE', '1', 'Renato Leandro', '2020-02-17 00:00:00', 'Renato Leandro', '2020-02-17 00:00:00', 'N', 3),
	(721, 'REFIL PARA RODO DE ALUMINIO DE EVA, COR PRETA - 60 CM.', 'REFIL PARA RODO DE ALUMINIO DE EVA, COR PRETA - 60 CM.', 1, -1, 'UNIDADE', '1', 'Renato Leandro', '2020-02-17 00:00:00', 'Renato Leandro', '2020-02-17 00:00:00', 'N', 3),
	(722, 'SODA CAUSTICA - EMBALAGEM DE 1 KG', 'SODA CAUSTICA - EMBALAGEM DE 1 KG', 1, -1, 'UNIDADE', '1', 'Renato Leandro', '2020-02-17 00:00:00', 'Renato Leandro', '2020-02-17 00:00:00', 'N', 3),
	(723, 'VASSOURA DE PALHA - COM BASE DE 30CM; COM CABO DE MADEIRA.', 'VASSOURA DE PALHA - COM BASE DE 30CM; COM CABO DE MADEIRA.', 1, -1, 'UNIDADE', '1', 'Renato Leandro', '2020-02-17 00:00:00', 'Renato Leandro', '2020-02-17 00:00:00', 'N', 3),
	(724, 'VASSOURA DE PÊLO - COM CERDAS DE PÊLO SINTÉTICO; COM BASE DE 30CM; COM CABO DE MADEIRA.', 'VASSOURA DE PÊLO - COM CERDAS DE PÊLO SINTÉTICO; COM BASE DE 30CM; COM CABO DE MADEIRA.', 1, -1, 'UNIDADE', '1', 'Renato Leandro', '2020-02-17 00:00:00', 'Renato Leandro', '2020-02-17 00:00:00', 'N', 3),
	(725, 'CERA LIQUIDA PARA PISOS, PERFUMADA, INCOLOR 5 LITROS. COMPOSIÇÃO: PARAFINA, CERA DE CARNAÚBA, COADJUVANTE, EMULSIFICANTE, CONSERVANTE, CORANTE, ESSÊNCIA E ÁGUA.PH: 7,50-8,50. APRESENTAR REGISTRO DO PRODUTO JUNTO AO MINISTÉRIO DA SAÚDE/ANVISA. APRESENTAR FICHA DE INFORMAÇÃO DE SEGURANÇA DE PRODUTO QUÍMICO - FISPQ, DE ACORDO COM NBR 14725', 'CERA LIQUIDA PARA PISOS, PERFUMADA, INCOLOR 5 LITROS. COMPOSIÇÃO: PARAFINA, CERA DE CARNAÚBA, COADJUVANTE, EMULSIFICANTE, CONSERVANTE, CORANTE, ESSÊNCIA E ÁGUA.PH: 7,50-8,50. APRESENTAR REGISTRO DO PRODUTO JUNTO AO MINISTÉRIO DA SAÚDE/ANVISA. APRESENTAR FICHA DE INFORMAÇÃO DE SEGURANÇA DE PRODUTO QUÍMICO - FISPQ, DE ACORDO COM NBR 14725', 1, -1, 'UNIDADE', '1', 'Renato Leandro', '2020-02-17 00:00:00', 'Renato Leandro', '2020-02-17 00:00:00', 'N', 3),
	(726, 'FOSFORO TIPO LONGO 9,4 CM - 50X1', 'FOSFORO TIPO LONGO 9,4 CM - 50X1', 1, -1, 'UNIDADE', '1', 'Renato Leandro', '2020-02-17 00:00:00', 'Renato Leandro', '2020-02-17 00:00:00', 'N', 3),
	(727, 'PANO DE CHÃO 100% ALGODÃO ALVEJADO, FLANELADO, REFORÇADO, MEDINDO APROXIMADAMENTE 40CM X 70CM.', 'PANO DE CHÃO 100% ALGODÃO ALVEJADO, FLANELADO, REFORÇADO, MEDINDO APROXIMADAMENTE 40CM X 70CM.', 1, -1, 'UNIDADE', '1', 'Renato Leandro', '2020-02-17 00:00:00', 'Renato Leandro', '2020-02-17 00:00:00', 'N', 3),
	(728, 'PAPEL HIGIÊNICO EXTRA BRANCO, FOLHA SIMPLES, 30MX10CM, PCT 4X1.', 'PAPEL HIGIÊNICO EXTRA BRANCO, GOFRADO E DE ALTA QUALIDADE. FOLHA SIMPLES, FABRICADO COM MATERIAL PURO (CELULOSE 100% VIRGEM), ALTAMENTE ABSORVENTE E RESISTENTE AO ÚMIDO. MEDINDO 30MX10CM, 100% CELULOSE, PCT 4X1 - 1° LINHA.', 1, -1, 'PACOTE\r\n', '1', 'Renato Leandro', '2020-03-03 16:10:25', 'Renato Leandro', '2020-03-03 16:10:25', 'N', 3),
	(729, 'LIXEIRA COM PEDAL, CAPACIDADE DE 30 LITROS. DIMENSÕES EXTERNAS: ALTURA 410 MM X LARGURA 360 MM X PROFUNDIDADE 350 MM. PRODUZIDA EM POLIPROPILENO E ADITIVOS. MARCA SUGERIDA: SÃO BERNARDO (PADRONIZAÇÃO DAS UNIDADES DE SAUDE).', 'LIXEIRA COM PEDAL, CAPACIDADE DE 30 LITROS. DIMENSÕES EXTERNAS: ALTURA 410 MM X LARGURA 360 MM X PROFUNDIDADE 350 MM. PRODUZIDA EM POLIPROPILENO E ADITIVOS. MARCA SUGERIDA: SÃO BERNARDO (PADRONIZAÇÃO DAS UNIDADES DE SAUDE).', 1, -1, 'UNIDADE', '1', 'Renato Leandro', '2020-02-17 00:00:00', 'Renato Leandro', '2020-02-17 00:00:00', 'N', 3),
	(730, 'ESPONJA DE LÃ DE AÇO 8X1', 'ESPONJA DE LÃ DE AÇO 8X1', 1, -1, 'UNIDADE', '1', 'Renato Leandro', '2020-02-17 00:00:00', 'Renato Leandro', '2020-02-17 00:00:00', 'N', 3),
	(731, 'FLANELA 100% ALGODÃO MEDIDAS APROXIMADAS 50X40CM NA COR BRANCA. ', 'FLANELA 100% ALGODÃO MEDIDAS APROXIMADAS 50X40CM NA COR BRANCA. ', 1, -1, 'UNIDADE', '1', 'Renato Leandro', '2020-02-17 00:00:00', 'Renato Leandro', '2020-02-17 00:00:00', 'N', 3),
	(732, 'PANO DE PRATO BRANCO, 100% ALGODÃO, FLANELADO, MEDIDA MÍNIMA 75X48CM, COR BRANCO LISO', 'PANO DE PRATO BRANCO, 100% ALGODÃO, FLANELADO, MEDIDA MÍNIMA 75X48CM, COR BRANCO LISO', 1, -1, 'UNIDADE', '1', 'Renato Leandro', '2020-02-17 00:00:00', 'Renato Leandro', '2020-02-17 00:00:00', 'N', 3),
	(733, 'RODO:  BASE DE ALUMÍNIO, COM DUAS BORRACHAS; COM A BASE MEDINDO 40 CM; COM CABO DE ALUMÍNIO DE NO MINIMO 120CM.', 'RODO:  BASE DE ALUMÍNIO, COM DUAS BORRACHAS; COM A BASE MEDINDO 40 CM; COM CABO DE ALUMÍNIO DE NO MINIMO 120CM.', 1, -1, 'UNIDADE', '1', 'Renato Leandro', '2020-02-17 00:00:00', 'Renato Leandro', '2020-02-17 00:00:00', 'N', 3),
	(734, 'SABÃO EM BARRA GLICERINADO EMBALAGEM 1KG, AROMA NEUTRO. EMBALAGEM 5X1X200G', 'SABÃO EM BARRA GLICERINADO EMBALAGEM 1KG, SENDO 5 X 1, AROMA NEUTRO. EMBALAGEM 5X1X200G', 1, -1, 'PACOTE\r\n', '1', 'Renato Leandro', '2020-03-03 16:13:50', 'Renato Leandro', '2020-03-03 16:13:50', 'N', 3),
	(735, 'SABÃO EM PÓ, COM AMACIANTE, USO DOMÉSTICO, BIODEGRADÁVEL, EMBALAGEM DE 1 KG. 1ª LINHA.', 'SABÃO EM PÓ, COM AMACIANTE, USO DOMÉSTICO, BIODEGRADÁVEL, EMBALAGEM DE 1 KG. 1ª LINHA.', 1, -1, 'UNIDADE', '1', 'Renato Leandro', '2020-02-17 00:00:00', 'Renato Leandro', '2020-02-17 00:00:00', 'N', 3),
	(736, 'SACO PLÁSTICO PARA LIXO 100 LITROS, COM 0,08 MICRAS BRANCO LEITOSO, PCT COM 100 UNDS. CONFORME EXIGÊNCIAS DA ABNT/ANVISA. CONFECCIONADO CONFORME NBR 9191, COM DENTIFICAÇÃO IMPRESSA NO SACO  INFECTANTE HOSPITALAR .', 'SACO PLÁSTICO PARA LIXO 100 LITROS, COM 0,08 MICRAS BRANCO LEITOSO, PCT COM 100 UNDS. CONFORME EXIGÊNCIAS DA ABNT/ANVISA. CONFECCIONADO CONFORME NBR 9191, COM DENTIFICAÇÃO IMPRESSA NO SACO  INFECTANTE HOSPITALAR .', 1, -1, 'PACOTE\r\n', '1', 'Renato Leandro', '2020-03-03 16:14:28', 'Renato Leandro', '2020-03-03 16:14:28', 'N', 3),
	(737, 'SACO PLÁSTICO PARA LIXO 100 LITROS, COM 0,10 MICRAS, SUPER REFORÇADO, COR: PRETA, PCT 100X1', 'SACO PLÁSTICO PARA LIXO 100 LITROS, COM 0,10 MICRAS, SUPER REFORÇADO, COR: PRETA, PCT 100X1', 1, -1, 'PACOTE\r\n', '1', 'Renato Leandro', '2020-03-03 16:14:43', 'Renato Leandro', '2020-03-03 16:14:43', 'N', 3),
	(738, 'SACO PLÁSTICO PARA LIXO 60 LITROS, COM 0,06 MICRAS, COR: PRETA, PCT 100X1', 'SACO PLÁSTICO PARA LIXO 60 LITROS, COM 0,06 MICRAS, COR: PRETA, PCT 100X1', 1, -1, 'PACOTE\r\n', '1', 'Renato Leandro', '2020-03-03 16:15:23', 'Renato Leandro', '2020-03-03 16:15:23', 'N', 3),
	(739, 'SACO PLÁSTICO PARA LIXO 60 LITROS, COM 0,10 MICRAS BRANCO LEITOSO, PCT COM 100 UNDS. CONFORME EXIGÊNCIAS DA ABNT/ANVISA. CONFECCIONADO CONFORME NBR 9191, COM DENTIFICAÇÃO IMPRESSA NO SACO  INFECTANTE HOSPITALAR .', 'SACO PLÁSTICO PARA LIXO 60 LITROS, COM 0,10 MICRAS BRANCO LEITOSO, PCT COM 100 UNDS. CONFORME EXIGÊNCIAS DA ABNT/ANVISA. CONFECCIONADO CONFORME NBR 9191, COM DENTIFICAÇÃO IMPRESSA NO SACO  INFECTANTE HOSPITALAR .', 1, -1, 'PACOTE\r\n', '1', 'Renato Leandro', '2020-03-03 16:15:36', 'Renato Leandro', '2020-03-03 16:15:36', 'N', 3),
	(740, 'SACO PLÁSTICO TRANSPARENTE TAMANHO 15X30CM', 'SACO PLÁSTICO TRANSPARENTE TAMANHO 15X30CM', 1, -1, 'PACOTE\r\n', '1', 'Renato Leandro', '2020-03-03 16:16:08', 'Renato Leandro', '2020-03-03 16:16:08', 'N', 3),
	(741, 'SACO PLÁSTICO TRANSPARENTE TAMANHO 20X30CM', 'SACO PLÁSTICO TRANSPARENTE TAMANHO 20X30CM', 1, -1, 'PACOTE\r\n', '1', 'Renato Leandro', '2020-03-03 16:16:25', 'Renato Leandro', '2020-03-03 16:16:25', 'N', 3),
	(742, 'SACO PLÁSTICO TRANSPARENTE TAMANHO 25X35CM', 'SACO PLÁSTICO TRANSPARENTE TAMANHO 25X35CM', 1, -1, 'PACOTE\r\n', '1', 'Renato Leandro', '2020-03-03 16:16:43', 'Renato Leandro', '2020-03-03 16:16:43', 'N', 3),
	(743, 'SACO PLÁSTICO TRANSPARENTE TAMANHO 35X40CM', 'SACO PLÁSTICO TRANSPARENTE TAMANHO 35X40CM', 1, -1, 'PACOTE\r\n', '1', 'Renato Leandro', '2020-03-03 16:17:32', 'Renato Leandro', '2020-03-03 16:17:32', 'N', 3),
	(744, 'SACO PLÁSTICO TRANSPARENTE TAMANHO 40X60CM', 'SACO PLÁSTICO TRANSPARENTE TAMANHO 40X60CM', 1, -1, 'PACOTE\r\n', '1', 'Renato Leandro', '2020-03-03 16:17:52', 'Renato Leandro', '2020-03-03 16:17:52', 'N', 3),
	(745, 'IMPERMEABILIZANTE PARA PISOS EM GERAL - RESISTENTE AO ALTO TRAFEGO - ANTIDERRAPANTE - RESISTENTE A MAQUINA HIGH SPEED - COMPOSTO DE POLÍMERO ACRÍLICO SINTÉTICO - FILME TRANSPARENTE E BRILHANTE - PRONTO USO - PRODUTO DEVER SER TOTALMENTE ISENTO DE MATÉRIA', 'IMPERMEABILIZANTE PARA PISOS EM GERAL - RESISTENTE AO ALTO TRAFEGO - ANTIDERRAPANTE - RESISTENTE A MAQUINA HIGH SPEED - COMPOSTO DE POLÍMERO ACRÍLICO SINTÉTICO - FILME TRANSPARENTE E BRILHANTE - PRONTO USO - PRODUTO DEVER SER TOTALMENTE ISENTO DE MATÉRIA', 1, -1, 'UNIDADE', '1', 'Renato Leandro', '2020-02-17 00:00:00', 'Renato Leandro', '2020-02-17 00:00:00', 'N', 3),
	(746, 'RESFRESCO EM PÓ ADOÇADO, VÁRIOS SABORES (MÍNIMO 4 SABORES), COM RENDIMENTO DE 1/10 A 1/25. EMBALAGEM: PACOTES DE 500 GRAMAS A 1 KG. A EMBALAGEM PRIMÁRIA DO PRODUTO DEVERÁ SER DE PLÁSTICO ATÓXICO. ', 'RESFRESCO EM PÓ ADOÇADO, VÁRIOS SABORES (MÍNIMO 4 SABORES), COM RENDIMENTO DE 1/10 A 1/25. EMBALAGEM: PACOTES DE 500 GRAMAS A 1 KG. A EMBALAGEM PRIMÁRIA DO PRODUTO DEVERÁ SER DE PLÁSTICO ATÓXICO. ', 1, -1, 'UNIDADE', '1', 'Renato Leandro', '2020-02-17 00:00:00', 'Renato Leandro', '2020-02-17 00:00:00', 'N', 3),
	(747, 'REFRESCO EM PÓ ADOÇADO, VÁRIOS SABORES SACHÊ "SUCO" 1KG', 'REFRESCO EM PÓ ADOÇADO, VÁRIOS SABORES SACHÊ "SUCO"', 1, -1, 'SACHE', '1', 'Renato Leandro', '2020-02-28 14:59:58', 'Renato Leandro', '2020-02-28 14:59:58', 'N', 3),
	(748, 'CAFE TORRADO MOIDO - PACOTE 500G', 'CAFE TORRADO MOIDO EXTRA FORTE - PACOTE 500G', 12, -1, 'PACOTE\r\n', '1', 'RODRIGO DIEGO', '2020-03-17 10:07:39', 'RODRIGO DIEGO', '2020-03-17 10:07:39', 'N', 3),
	(749, 'DETERGENTE LIQUIDO 5 LT', 'DETERGENTE LIQUIDO 5 LT', 1, -1, 'LITRO', '1', 'Renato Leandro', '2020-02-28 15:02:10', 'Renato Leandro', '2020-02-28 15:02:10', 'N', 3),
	(750, 'SACO PLÁSTICO PARA LIXO 50 LITROS, COM 0,10 MICRAS BRANCO LEITOSO, PCT COM 100 UNDS.', 'SACO PLÁSTICO PARA LIXO 60 LITROS, COM 0,10 MICRAS BRANCO LEITOSO, PCT COM 100 UNDS. CONFORME EXIGÊNCIAS DA ABNT/ANVISA. CONFECCIONADO CONFORME NBR 9191, COM DENTIFICAÇÃO IMPRESSA NO SACO  INFECTANTE HOSPITALAR .', 1, -1, 'PACOTE\r\n', '1', 'RODRIGO DIEGO', '2020-02-28 15:59:10', 'RODRIGO DIEGO', '2020-02-28 15:59:10', 'N', 3),
	(751, 'ESPIRAL PARA ENCADERNAÇÃO EM PLÁSTICO 23 MM, COR PRETA, CAPACIDADE PARA 100 FOLHAS.', 'ESPIRAL PARA ENCADERNAÇÃO EM PLÁSTICO 23 MM, COR PRETA, CAPACIDADE PARA 100 FOLHAS.', 8, -1, 'UNIDADE', '1', 'Renato Leandro', '2020-03-02 11:09:23', 'Renato Leandro', '2020-03-02 11:09:23', 'N', 3),
	(752, 'PAPEL CAMURÇA CORES VARIADAS', 'PAPEL CAMURÇA CORES VARIADAS', 8, -1, 'UNIDADE', '1', 'Renato Leandro', '2020-03-02 15:44:40', 'Renato Leandro', '2020-03-02 15:44:40', 'N', 3),
	(753, 'ARGOLA PARA HIDRO GINÁSTICA', 'ARGOLA PARA HIDRO GINÁSTICA - PACOTE', 5, -1, 'PACOTE\r\n', '1', 'RODRIGO DIEGO', '2020-03-10 08:36:54', 'RODRIGO DIEGO', '2020-03-10 08:36:54', 'N', 3),
	(754, 'BOMBA DE AR PARA ENCHER BALÃO', 'BOMBA DE AR PARA ENCHER BALÃO - UNIDADE', 5, -1, 'UNIDADE', '1', 'RODRIGO DIEGO', '2020-03-10 08:40:10', 'RODRIGO DIEGO', '2020-03-10 08:40:10', 'N', 3),
	(755, 'CAIXA DE SOM BLUETOOTH - JBL', 'CAIXA DE SOM BLUETOOTH - JBL', 0, -1, 'UNIDADE', '1', 'RODRIGO DIEGO', '2020-03-10 08:44:30', 'RODRIGO DIEGO', '2020-03-10 08:44:30', 'N', 3),
	(756, 'CANELEIRA (ACQUA SLADE) 1 KG - PAR', 'CANELEIRA (ACQUA SLADE) - PAR - 1KG', 10, -1, 'PAR', '1', 'RODRIGO DIEGO', '2020-03-10 08:49:16', 'RODRIGO DIEGO', '2020-03-10 08:49:16', 'N', 3),
	(757, 'CANELEIRA 2 - SCALIBUIR - PAR 2KG', 'CANELEIRA 2 - SCALIBUIR - PAR 2KG', 10, -1, 'PARES\r\n', '1', 'RODRIGO DIEGO', '2020-03-10 08:50:39', 'RODRIGO DIEGO', '2020-03-10 08:50:39', 'N', 3),
	(758, 'PALMAR DE BORRACHA E.V.A. - PAR', 'PALMAR DE BORRACHA E.V.A. - PAR', 10, -1, 'PAR', '1', 'RODRIGO DIEGO', '2020-03-10 09:02:43', 'RODRIGO DIEGO', '2020-03-10 09:02:43', 'N', 3),
	(759, 'PRANCHA AZUL DE BORRACHA EM E.V.A. - UNIDADE', 'PRANCHA AZUL DE BORRACHA EM E.V.A. - UNIDADE', 10, -1, 'UNIDADE', '1', 'RODRIGO DIEGO', '2020-03-10 09:03:48', 'RODRIGO DIEGO', '2020-03-10 09:03:48', 'N', 3),
	(760, 'CANELEIRA ARKTUS - PAR 2KG', 'CANELEIRA ARKTUS - PAR 2KG', 10, -1, 'PARES\r\n', '1', 'RODRIGO DIEGO', '2020-03-10 08:54:30', 'RODRIGO DIEGO', '2020-03-10 08:54:30', 'N', 3),
	(761, 'CANELEIRA ARKTUS - PAR 3KG', 'CANELEIRA ARKTUS - PAR 3KG', 10, -1, 'PARES\r\n', '1', 'RODRIGO DIEGO', '2020-03-10 08:55:00', 'RODRIGO DIEGO', '2020-03-10 08:55:00', 'N', 3),
	(762, 'CANELEIRA PARA HIDROTERAPIA', 'CANELEIRA PARA HIDROTERAPIA', 10, -1, 'PARES\r\n', '1', 'RODRIGO DIEGO', '2020-03-10 08:57:39', 'RODRIGO DIEGO', '2020-03-10 08:57:39', 'N', 3),
	(763, 'HALTER 0,5 KG', 'HALTER MASSIÇO 0,5KG', 10, -1, 'UNIDADE', '1', 'RODRIGO DIEGO', '2020-03-10 08:59:46', 'RODRIGO DIEGO', '2020-03-10 08:59:46', 'N', 3),
	(764, 'HAND GRIP - EXERCÍCIO PARA OS DEDOS (FISIOTERAPIA)', 'HAND GRIP - EXERCÍCIO PARA OS DEDOS (FISIOTERAPIA)', 10, -1, 'UNIDADE', '1', 'RODRIGO DIEGO', '2020-03-10 09:01:47', 'RODRIGO DIEGO', '2020-03-10 09:01:47', 'N', 3),
	(765, 'KIT UMIDIFICADOR REPIRADOR - ADULTO', 'KIT UMIDIFICADOR REPIRADOR - ADULTO', 11, -1, 'KIT', '1', 'RODRIGO DIEGO', '2020-03-12 16:56:41', 'RODRIGO DIEGO', '2020-03-12 16:56:41', 'N', 3),
	(766, 'KIT UMIDIFICADOR REPIRADOR - INFANTIL', 'KIT UMIDIFICADOR REPIRADOR - INFANTIL', 11, -1, 'KIT', '1', 'RODRIGO DIEGO', '2020-03-12 16:58:26', 'RODRIGO DIEGO', '2020-03-12 16:58:26', 'N', 3),
	(767, 'VÁLVULA DO RESPIRADOR', 'VÁLVULA DO RESPIRADOR', 11, -1, 'UNIDADE', '1', 'RODRIGO DIEGO', '2020-03-16 08:23:53', 'RODRIGO DIEGO', '2020-03-16 08:23:53', 'N', 3),
	(768, 'ALCOOL EM GEL COM AÇÃO GERMICIDA 70% EMBALAGEM DE 5L.', 'ALCOOL EM GEL COM AÇÃO GERMICIDA 70% EMBALAGEM DE 5 LITROS. INDICADO PARA ASSEPSIA DAS MÃOS E TAMBÉM PARA USO EM CONSULTÓRIOS, CABINE DE ESTÉTICA E PARA USO EM AMBIENTE ESCOLAR. FÓRMULA MOLECULAR: C2H5OH, SUBSTÂNCIA: ÁLCOOL ETÍLICO A 70O INPM, NATUREZA QUÍMICA: SOLUÇÃO A BASE DE ETANOL. APRESENTAR REGISTRO DO PRODUTO JUNTO AO MINISTÉRIO DA SAÚDE/ANVISA E AUTORIZAÇÃO DE FUNCIONAMENTO DA EMPRESA - AFE. APRESENTAR FICHA DE INFORMAÇÃO DE SEGURANÇA DE PRODUTO QUÍMICO - FISPQ, DE ACORDO COM NBR 14725.', 1, 48, 'GALÃO', '1', 'RODRIGO DIEGO', '2020-03-17 10:02:07', 'RODRIGO DIEGO', '2020-03-17 10:02:07', 'N', 3),
	(769, 'BLOCO DE ATESTADO DE COMPARECIMENTO.', 'BLOCO DE ATESTADO DE COMPARECIMENTO.', 13, -1, 'UNIDADE', '1', 'RODRIGO DIEGO', '2020-03-17 11:32:25', 'RODRIGO DIEGO', '2020-03-17 11:32:25', 'N', 3),
	(770, 'BLOCO DE ATESTADO MÉDICO.', 'BLOCO DE ATESTADO MÉDICO.', 13, -1, 'UNIDADE', '1', 'RODRIGO DIEGO', '2020-03-17 11:33:21', 'RODRIGO DIEGO', '2020-03-17 11:33:21', 'N', 3),
	(771, 'BLOCO DE ASSISTENCIA ODONTOLÓGICA', 'BLOCO DE ASSISTENCIA ODONTOLÓGICA', 13, -1, 'UNIDADE', '1', 'RODRIGO DIEGO', '2020-03-17 11:35:36', 'RODRIGO DIEGO', '2020-03-17 11:35:36', 'N', 3),
	(772, 'BLOCO PRONTUÁRIO', 'BLOCO PRONTUÁRIO', 13, -1, 'UNIDADE', '1', 'RODRIGO DIEGO', '2020-03-17 14:06:53', 'RODRIGO DIEGO', '2020-03-17 14:06:53', 'N', 3),
	(773, 'CARTÃO DA GESTANTE', 'BLOCO CARTÃO DA GESTANTE', 13, -1, 'UNIDADE', '1', 'RODRIGO DIEGO', '2020-03-17 15:20:36', 'RODRIGO DIEGO', '2020-03-17 15:20:36', 'N', 3),
	(774, 'BLOCO APAC - A.P.A.C', 'BLOCO A.P.A.C', 13, -1, 'UNIDADE', '1', 'RODRIGO DIEGO', '2020-03-17 14:01:23', 'RODRIGO DIEGO', '2020-03-17 14:01:23', 'N', 3),
	(775, 'CARTÃO DE  AFERIR PRESSÃO P.A.', 'CARTÃO DE  AFERIR PRESSÃO P.A.', 13, -1, 'UNIDADE', '1', 'RODRIGO DIEGO', '2020-03-17 14:10:51', 'RODRIGO DIEGO', '2020-03-17 14:10:51', 'N', 3),
	(776, 'CARTÃO DA GESTANTE', 'CARTÃO DA GESTANTE', 13, -1, 'UNIDADE', '1', 'RODRIGO DIEGO', '2020-03-17 15:22:25', 'RODRIGO DIEGO', '2020-03-17 15:22:25', 'N', 3),
	(777, 'CADERNETA DA GESTANTE - AZUL', 'CADERNETA DA GESTANTE', 13, -1, 'UNIDADE', '1', 'RODRIGO DIEGO', '2020-03-17 15:23:41', 'RODRIGO DIEGO', '2020-03-17 15:23:41', 'N', 3),
	(778, 'REQUISIÇÃO DE EXAME - SIMPLES', 'REQUISIÇÃO DE EXAME - SIMPLES', 13, -1, 'UNIDADE', '1', 'RODRIGO DIEGO', '2020-03-17 15:24:22', 'RODRIGO DIEGO', '2020-03-17 15:24:22', 'N', 3),
	(779, 'BLOCO EMCAMINHAMENTO - REFERENCIA E CONTRA REFERENCIA', 'BLOCO EMCAMINHAMENTO - REFERENCIA E CONTRA REFERENCIA', 13, -1, 'UNIDADE', '1', 'RODRIGO DIEGO', '2020-03-17 15:25:25', 'RODRIGO DIEGO', '2020-03-17 15:25:25', 'N', 3),
	(780, 'BLOCO RECEITUÁRIO DE CONTROLE ESPECIAL', 'BLOCO RECEITUÁRIO DE CONTROLE ESPECIAL', 13, -1, 'UNIDADE', '1', 'RODRIGO DIEGO', '2020-03-17 15:29:35', 'RODRIGO DIEGO', '2020-03-17 15:29:35', 'N', 3),
	(781, 'BLOCO RECEITUÁRIO DE CONTROLE SIMPLES', 'BLOCO RECEITUÁRIO DE CONTROLE SIMPLES', 13, -1, 'UNIDADE', '1', 'RODRIGO DIEGO', '2020-03-17 15:30:05', 'RODRIGO DIEGO', '2020-03-17 15:30:05', 'N', 3),
	(782, 'BLOCO - FICHA D', 'BLOCO - FICHA D', 13, -1, 'UNIDADE', '1', 'RODRIGO DIEGO', '2020-03-17 15:30:41', 'RODRIGO DIEGO', '2020-03-17 15:30:41', 'N', 3),
	(783, 'BLOCO - MAMOGRAFIA', 'BLOCO - MAMOGRAFIA', 13, -1, 'UNIDADE', '1', 'RODRIGO DIEGO', '2020-03-17 15:32:20', 'RODRIGO DIEGO', '2020-03-17 15:32:20', 'N', 3),
	(784, 'BLOCO CADASTRO DE GESTANTE', 'BLOCO CADASTRO DE GESTANTE', 13, -1, 'UNIDADE', '1', 'RODRIGO DIEGO', '2020-03-17 15:34:06', 'RODRIGO DIEGO', '2020-03-17 15:34:06', 'N', 3);
/*!40000 ALTER TABLE `produtos` ENABLE KEYS */;

-- Copiando estrutura para tabela sms.saida
DROP TABLE IF EXISTS `saida`;
CREATE TABLE IF NOT EXISTS `saida` (
  `CODSAIDA` int(11) NOT NULL AUTO_INCREMENT,
  `CODEMPRESA` int(11) NOT NULL DEFAULT '0',
  `CODDEPARTAMENTO` int(11) DEFAULT NULL,
  `CODUNIDADE` int(11) DEFAULT NULL,
  `NUMEROPEDIDO` varchar(50) DEFAULT NULL,
  `DATAENTREGA` datetime DEFAULT NULL,
  `RESPINCLUSAO` varchar(255) DEFAULT NULL,
  `DATAINCLUSAO` datetime DEFAULT NULL,
  `RESPALTERACAO` varchar(255) DEFAULT NULL,
  `DATAALTERACAO` datetime DEFAULT NULL,
  `EXCLUIDO` varchar(2) DEFAULT NULL,
  PRIMARY KEY (`CODSAIDA`)
) ENGINE=InnoDB AUTO_INCREMENT=97 DEFAULT CHARSET=latin1 ROW_FORMAT=COMPACT;

-- Copiando dados para a tabela sms.saida: ~90 rows (aproximadamente)
/*!40000 ALTER TABLE `saida` DISABLE KEYS */;
INSERT INTO `saida` (`CODSAIDA`, `CODEMPRESA`, `CODDEPARTAMENTO`, `CODUNIDADE`, `NUMEROPEDIDO`, `DATAENTREGA`, `RESPINCLUSAO`, `DATAINCLUSAO`, `RESPALTERACAO`, `DATAALTERACAO`, `EXCLUIDO`) VALUES
	(3, 1, 3, 31, '2', '2020-02-11 00:00:00', 'Renato Leandro', '2020-02-11 00:00:00', 'Renato Leandro', '2020-02-11 00:00:00', 'N'),
	(4, 1, 3, 31, '3', '2020-02-11 00:00:00', 'Renato Leandro', '2020-02-11 00:00:00', 'Renato Leandro', '2020-02-11 00:00:00', 'N'),
	(5, 1, 3, 32, '7', '2020-02-19 00:00:00', 'RODRIGO DIEGO', '2020-02-19 10:15:24', NULL, NULL, 'N'),
	(6, 1, 3, 30, '8', '2020-02-28 00:00:00', 'Ingrid Gondin', '2020-02-28 14:45:50', NULL, NULL, 'N'),
	(7, 1, 3, 3, '9', '2020-02-28 00:00:00', 'Ingrid Gondin', '2020-02-28 14:50:49', NULL, NULL, 'N'),
	(8, 1, 3, 36, '11', '2020-02-28 00:00:00', 'Ingrid Gondin', '2020-02-28 15:14:16', NULL, NULL, 'N'),
	(9, 1, 3, 35, '12', '2020-02-28 00:00:00', 'Ingrid Gondin', '2020-02-28 15:16:43', NULL, NULL, 'N'),
	(10, 1, 3, 34, '13', '2020-02-28 00:00:00', 'Ingrid Gondin', '2020-02-28 15:18:15', NULL, NULL, 'N'),
	(11, 1, 3, 35, '14', '2020-02-28 00:00:00', 'Ingrid Gondin', '2020-02-28 15:27:54', NULL, NULL, 'N'),
	(12, 1, 3, 32, '15', '2020-02-28 00:00:00', 'Ingrid Gondin', '2020-02-28 15:33:55', NULL, NULL, 'N'),
	(13, 1, 3, 27, '16', '2020-02-28 00:00:00', 'Ingrid Gondin', '2020-02-28 15:42:50', NULL, NULL, 'N'),
	(15, 1, 3, 36, '18', '2020-03-03 00:00:00', 'Ingrid Gondin', '2020-03-03 08:22:11', NULL, NULL, 'N'),
	(16, 1, 3, 35, '19', '2020-03-03 00:00:00', 'Ingrid Gondin', '2020-03-03 09:11:25', NULL, NULL, 'N'),
	(17, 1, 3, 39, '17', '2020-03-03 00:00:00', 'Ingrid Gondin', '2020-03-03 09:21:58', NULL, NULL, 'N'),
	(18, 1, 3, 30, '20', '2020-03-03 00:00:00', 'Ingrid Gondin', '2020-03-03 10:45:05', NULL, NULL, 'N'),
	(19, 1, 3, 30, '21', '2020-03-03 00:00:00', 'Ingrid Gondin', '2020-03-03 10:45:14', NULL, NULL, 'N'),
	(20, 1, 3, 29, '22', '2020-03-03 00:00:00', 'Ingrid Gondin', '2020-03-03 10:47:35', NULL, NULL, 'N'),
	(21, 1, 3, 37, '23', '2020-03-03 00:00:00', 'Ingrid Gondin', '2020-03-03 10:49:05', NULL, NULL, 'N'),
	(22, 1, 3, 1, '24', '2020-03-03 00:00:00', 'Ingrid Gondin', '2020-03-03 10:50:18', NULL, NULL, 'N'),
	(23, 1, 3, 7, '25', '2020-03-03 00:00:00', 'Ingrid Gondin', '2020-03-03 13:39:02', NULL, NULL, 'N'),
	(24, 1, 3, 6, '26', '2020-03-03 00:00:00', 'Ingrid Gondin', '2020-03-03 14:17:26', NULL, NULL, 'N'),
	(25, 1, 3, 5, '27', '2020-03-03 00:00:00', 'Ingrid Gondin', '2020-03-03 14:24:04', NULL, NULL, 'N'),
	(26, 1, 3, 17, '28', '2020-03-03 00:00:00', 'Ingrid Gondin', '2020-03-03 14:46:33', NULL, NULL, 'N'),
	(27, 1, 3, 3, '29', '2020-03-03 00:00:00', 'Ingrid Gondin', '2020-03-03 14:50:02', NULL, NULL, 'N'),
	(28, 1, 3, 16, '30', '2020-03-03 00:00:00', 'Ingrid Gondin', '2020-03-03 15:35:49', NULL, NULL, 'N'),
	(29, 1, 3, 8, '31', '2020-03-03 00:00:00', 'Ingrid Gondin', '2020-03-03 15:40:28', NULL, NULL, 'N'),
	(30, 1, 3, 20, '32', '2020-03-03 00:00:00', 'Ingrid Gondin', '2020-03-03 15:43:21', NULL, NULL, 'N'),
	(31, 1, 3, 9, '33', '2020-03-04 00:00:00', 'Ingrid Gondin', '2020-03-04 09:02:18', NULL, NULL, 'N'),
	(32, 1, 3, 31, '35', '2020-03-04 00:00:00', 'Ingrid Gondin', '2020-03-04 09:20:50', NULL, NULL, 'N'),
	(33, 1, 3, 29, '36', '2020-03-04 00:00:00', 'Ingrid Gondin', '2020-03-04 10:55:35', NULL, NULL, 'N'),
	(34, 1, 3, 29, '37', '2020-03-04 00:00:00', 'Ingrid Gondin', '2020-03-04 10:56:29', NULL, NULL, 'N'),
	(35, 1, 3, 35, '38', '2020-03-04 00:00:00', 'Ingrid Gondin', '2020-03-04 10:57:29', NULL, NULL, 'N'),
	(36, 1, 3, 35, '39', '2020-03-04 00:00:00', 'Ingrid Gondin', '2020-03-04 10:58:41', NULL, NULL, 'N'),
	(37, 1, 3, 33, '40', '2020-03-04 00:00:00', 'Ingrid Gondin', '2020-03-04 11:24:22', NULL, NULL, 'N'),
	(38, 1, 3, 36, '41', '2020-03-04 00:00:00', 'Ingrid Gondin', '2020-03-04 11:25:55', NULL, NULL, 'N'),
	(39, 1, 3, 1, '42', '2020-03-04 00:00:00', 'Ingrid Gondin', '2020-03-04 11:43:53', NULL, NULL, 'N'),
	(40, 1, 3, 31, '43', '2020-03-04 00:00:00', 'Ingrid Gondin', '2020-03-04 11:45:13', NULL, NULL, 'N'),
	(41, 1, 3, 19, '44', '2020-03-04 00:00:00', 'Ingrid Gondin', '2020-03-04 11:46:21', NULL, NULL, 'N'),
	(42, 1, 3, 9, '45', '2020-03-04 00:00:00', 'Ingrid Gondin', '2020-03-04 11:47:13', NULL, NULL, 'N'),
	(43, 1, 3, 20, '46', '2020-03-04 00:00:00', 'Ingrid Gondin', '2020-03-04 11:47:57', NULL, NULL, 'N'),
	(44, 1, 3, 8, '47', '2020-03-04 00:00:00', 'Ingrid Gondin', '2020-03-04 11:48:36', NULL, NULL, 'N'),
	(45, 1, 3, 16, '48', '2020-03-04 00:00:00', 'Ingrid Gondin', '2020-03-04 11:50:21', NULL, NULL, 'N'),
	(46, 1, 3, 3, '49', '2020-03-04 00:00:00', 'Ingrid Gondin', '2020-03-04 11:51:08', NULL, NULL, 'N'),
	(47, 1, 3, 17, '50', '2020-03-04 00:00:00', 'Ingrid Gondin', '2020-03-04 11:52:22', NULL, NULL, 'N'),
	(48, 1, 3, 6, '51', '2020-03-04 00:00:00', 'Ingrid Gondin', '2020-03-04 11:53:18', NULL, NULL, 'N'),
	(49, 1, 3, 7, '52', '2020-03-04 00:00:00', 'Ingrid Gondin', '2020-03-04 11:53:51', NULL, NULL, 'N'),
	(50, 1, 3, 5, '53', '2020-03-04 00:00:00', 'Ingrid Gondin', '2020-03-04 11:54:31', NULL, NULL, 'N'),
	(51, 1, 3, 21, '54', '2020-03-04 00:00:00', 'Ingrid Gondin', '2020-03-04 13:15:49', NULL, NULL, 'N'),
	(52, 1, 3, 29, '56', '2020-03-04 00:00:00', 'Ingrid Gondin', '2020-03-04 14:17:16', NULL, NULL, 'N'),
	(53, 1, 3, 29, '57', '2020-03-04 00:00:00', 'Ingrid Gondin', '2020-03-04 14:18:37', NULL, NULL, 'N'),
	(54, 1, 3, 25, '58', '2020-03-04 00:00:00', 'Ingrid Gondin', '2020-03-04 14:58:15', NULL, NULL, 'N'),
	(55, 1, 3, 29, '59', '2020-03-05 00:00:00', 'Ingrid Gondin', '2020-03-05 09:38:31', NULL, NULL, 'N'),
	(56, 1, 3, 33, '60', '2020-03-05 00:00:00', 'Ingrid Gondin', '2020-03-05 10:19:25', NULL, NULL, 'N'),
	(57, 1, 3, 29, '61', '2020-03-05 00:00:00', 'Ingrid Gondin', '2020-03-05 10:21:34', NULL, NULL, 'N'),
	(58, 1, 3, 29, '62', '2020-03-05 00:00:00', 'Ingrid Gondin', '2020-03-05 16:54:09', NULL, NULL, 'N'),
	(59, 1, 3, 29, '63', '2020-03-05 00:00:00', 'Ingrid Gondin', '2020-03-05 16:55:03', NULL, NULL, 'N'),
	(61, 1, 3, 29, '65', '2020-03-09 00:00:00', 'Ingrid Gondin', '2020-03-09 08:58:22', NULL, NULL, 'N'),
	(62, 1, 3, 29, '66', '2020-03-09 00:00:00', 'Ingrid Gondin', '2020-03-09 09:32:19', NULL, NULL, 'N'),
	(63, 1, 3, 33, '67', '2020-03-09 00:00:00', 'Ingrid Gondin', '2020-03-09 11:30:44', NULL, NULL, 'N'),
	(64, 1, 3, 33, '68', '2020-03-09 00:00:00', 'Ingrid Gondin', '2020-03-09 13:42:13', NULL, NULL, 'N'),
	(65, 1, 3, 43, '69', '2020-03-09 00:00:00', 'Ingrid Gondin', '2020-03-09 15:01:23', NULL, NULL, 'N'),
	(66, 1, 3, 40, '70', '2020-03-09 00:00:00', 'Ingrid Gondin', '2020-03-09 15:06:05', NULL, NULL, 'N'),
	(67, 1, 3, 35, '71', '2020-03-09 00:00:00', 'Ingrid Gondin', '2020-03-09 15:07:36', NULL, NULL, 'N'),
	(68, 1, 3, 15, '72', '2020-03-09 00:00:00', 'Ingrid Gondin', '2020-03-09 15:08:35', NULL, NULL, 'N'),
	(69, 1, 3, 32, '73', '2020-03-09 00:00:00', 'Ingrid Gondin', '2020-03-09 15:11:42', NULL, NULL, 'N'),
	(70, 1, 3, 44, '74', '2020-03-09 00:00:00', 'Ingrid Gondin', '2020-03-09 15:35:32', NULL, NULL, 'N'),
	(71, 1, 3, 44, '75', '2020-03-09 00:00:00', 'Ingrid Gondin', '2020-03-09 15:43:02', NULL, NULL, 'N'),
	(72, 1, 3, 24, '76', '2020-03-09 00:00:00', 'Ingrid Gondin', '2020-03-09 16:03:52', NULL, NULL, 'N'),
	(73, 1, 3, 29, '77', '2020-03-09 00:00:00', 'Ingrid Gondin', '2020-03-09 16:18:00', NULL, NULL, 'N'),
	(74, 1, 3, 29, '78', '2020-03-09 00:00:00', 'Ingrid Gondin', '2020-03-09 16:24:02', NULL, NULL, 'N'),
	(75, 1, 3, 37, '79', '2020-03-10 00:00:00', 'Ingrid Gondin', '2020-03-10 09:14:35', NULL, NULL, 'N'),
	(76, 1, 3, 45, '80', '2020-03-10 00:00:00', 'Ingrid Gondin', '2020-03-10 09:32:35', NULL, NULL, 'N'),
	(77, 1, 3, 29, '81', '2020-03-10 00:00:00', 'Ingrid Gondin', '2020-03-10 11:17:33', NULL, NULL, 'N'),
	(78, 1, 3, 32, '82', '2020-03-10 00:00:00', 'Ingrid Gondin', '2020-03-10 14:14:06', NULL, NULL, 'N'),
	(79, 1, 3, 46, '83', '2020-03-10 00:00:00', 'Ingrid Gondin', '2020-03-10 14:39:48', NULL, NULL, 'N'),
	(80, 1, 3, 40, '84', '2020-03-10 00:00:00', 'Ingrid Gondin', '2020-03-10 14:44:19', NULL, NULL, 'N'),
	(81, 1, 3, 41, '85', '2020-03-10 00:00:00', 'Ingrid Gondin', '2020-03-10 14:54:32', NULL, NULL, 'N'),
	(82, 1, 3, 26, '86', '2020-03-10 00:00:00', 'Ingrid Gondin', '2020-03-10 15:05:21', NULL, NULL, 'N'),
	(83, 1, 3, 2, '87', '2020-03-10 00:00:00', 'Ingrid Gondin', '2020-03-10 16:04:07', NULL, NULL, 'N'),
	(84, 1, 3, 4, '88', '2020-03-10 00:00:00', 'Ingrid Gondin', '2020-03-10 16:09:11', NULL, NULL, 'N'),
	(85, 1, 3, 38, '89', '2020-03-10 00:00:00', 'Ingrid Gondin', '2020-03-10 16:13:02', NULL, NULL, 'N'),
	(86, 1, 3, 14, '90', '2020-03-10 00:00:00', 'Ingrid Gondin', '2020-03-10 16:15:42', NULL, NULL, 'N'),
	(87, 1, 3, 22, '91', '2020-03-10 00:00:00', 'Ingrid Gondin', '2020-03-10 16:21:14', NULL, NULL, 'N'),
	(88, 1, 3, 48, '92', '2020-03-10 00:00:00', 'Ingrid Gondin', '2020-03-10 16:26:42', NULL, NULL, 'N'),
	(89, 1, 3, 29, '93', '2020-03-12 00:00:00', 'Ingrid Gondin', '2020-03-12 16:21:23', NULL, NULL, 'N'),
	(90, 1, 3, 29, '94', '2020-03-13 00:00:00', 'Ingrid Gondin', '2020-03-13 15:02:25', NULL, NULL, 'N'),
	(91, 1, 3, 50, '95', '2020-03-17 00:00:00', 'Ingrid Gondin', '2020-03-17 10:09:45', NULL, NULL, 'N'),
	(92, 1, 3, 33, '96', '2020-03-17 00:00:00', 'Ingrid Gondin', '2020-03-17 13:10:14', NULL, NULL, 'N'),
	(93, 1, 3, 33, '97', '2020-03-17 00:00:00', 'Ingrid Gondin', '2020-03-17 13:11:51', NULL, NULL, 'N'),
	(94, 1, 3, 51, '98', '2020-03-17 00:00:00', 'Ingrid Gondin', '2020-03-17 13:14:16', NULL, NULL, 'N');
/*!40000 ALTER TABLE `saida` ENABLE KEYS */;

-- Copiando estrutura para tabela sms.saida_item
DROP TABLE IF EXISTS `saida_item`;
CREATE TABLE IF NOT EXISTS `saida_item` (
  `CODSAIDA` int(11) DEFAULT NULL,
  `NUMEROPEDIDO` varchar(50) DEFAULT NULL,
  `CODPRODUTO` int(11) DEFAULT NULL,
  `LOTE` varchar(50) DEFAULT NULL,
  `VALIDADE` varchar(50) DEFAULT NULL,
  `SOLICITADO` decimal(10,0) DEFAULT NULL,
  `ENTREGUE` decimal(10,0) DEFAULT NULL,
  `MES` int(11) DEFAULT NULL,
  `ANO` int(11) DEFAULT NULL
) ENGINE=InnoDB DEFAULT CHARSET=latin1 ROW_FORMAT=COMPACT;

-- Copiando dados para a tabela sms.saida_item: ~595 rows (aproximadamente)
/*!40000 ALTER TABLE `saida_item` DISABLE KEYS */;
INSERT INTO `saida_item` (`CODSAIDA`, `NUMEROPEDIDO`, `CODPRODUTO`, `LOTE`, `VALIDADE`, `SOLICITADO`, `ENTREGUE`, `MES`, `ANO`) VALUES
	(3, '2', 323, '', '', 2, 2, 2, 2020),
	(4, '3', 416, '', '', 2, 2, 2, 2020),
	(5, '4', 488, '', '', 2, 2, 2, 2020),
	(5, '7', 553, '', '', 1, 1, 2, 2020),
	(6, '8', 613, '', '', 1, 1, 2, 2020),
	(6, '8', 610, '', '', 4, 4, 2, 2020),
	(6, '8', 620, '', '', 2, 2, 2, 2020),
	(6, '8', 744, '', '', 1, 1, 2, 2020),
	(6, '8', 741, '', '', 1, 1, 2, 2020),
	(6, '8', 628, '', '', 1, 1, 2, 2020),
	(7, '9', 619, '', '', 1, 1, 2, 2020),
	(8, '11', 619, '', '', 5, 5, 2, 2020),
	(9, '12', 623, '', '', 40, 40, 2, 2020),
	(10, '13', 651, '', '', 1, 1, 2, 2020),
	(11, '14', 605, '', '', 2, 2, 2, 2020),
	(11, '14', 604, '', '', 1, 1, 2, 2020),
	(12, '15', 611, '', '', 5, 5, 2, 2020),
	(12, '15', 588, '', '', 50, 50, 2, 2020),
	(12, '15', 619, '', '', 20, 20, 2, 2020),
	(13, '16', 580, '', '', 2, 2, 2, 2020),
	(13, '16', 661, '', '', 600, 600, 2, 2020),
	(13, '16', 598, '', '', 6, 6, 2, 2020),
	(13, '16', 651, '', '', 2, 2, 2, 2020),
	(13, '16', 604, '', '', 15, 15, 2, 2020),
	(13, '16', 619, '', '', 6, 6, 2, 2020),
	(13, '16', 624, '', '', 1, 1, 2, 2020),
	(13, '16', 640, '', '', 2, 2, 2, 2020),
	(13, '16', 607, '', '', 1, 1, 2, 2020),
	(15, '18', 598, '', '', 100, 100, 3, 2020),
	(15, '18', 623, '', '', 5, 5, 3, 2020),
	(15, '18', 610, '', '', 3, 3, 3, 2020),
	(15, '18', 742, '', '', 1, 1, 3, 2020),
	(15, '18', 740, '', '', 1, 1, 3, 2020),
	(15, '18', 677, '', '', 1, 1, 3, 2020),
	(15, '18', 587, '', '', 50, 50, 3, 2020),
	(15, '18', 654, '', '', 12, 12, 3, 2020),
	(15, '18', 580, '', '', 1, 1, 3, 2020),
	(16, '19', 646, '', '', 200, 200, 3, 2020),
	(16, '19', 646, '', '', 200, 200, 3, 2020),
	(16, '19', 600, '', '', 100, 100, 3, 2020),
	(17, '17', 450, '', '', 5, 5, 3, 2020),
	(18, '20', 608, '', '', 1, 1, 3, 2020),
	(19, '21', 607, '', '', 1, 1, 3, 2020),
	(20, '22', 713, '', '', 5, 5, 3, 2020),
	(21, '23', 587, '', '', 6, 6, 3, 2020),
	(22, '24', 657, '', '', 1, 1, 3, 2020),
	(23, '25', 684, '', '', 2, 2, 3, 2020),
	(23, '25', 690, '', '', 2, 2, 3, 2020),
	(23, '25', 749, '', '', 2, 2, 3, 2020),
	(23, '25', 730, '', '', 1, 1, 3, 2020),
	(23, '25', 718, '', '', 2, 2, 3, 2020),
	(23, '25', 731, '', '', 2, 2, 3, 2020),
	(23, '25', 699, '', '', 2, 2, 3, 2020),
	(23, '25', 713, '', '', 2, 2, 3, 2020),
	(23, '25', 727, '', '', 1, 1, 3, 2020),
	(23, '25', 732, '', '', 1, 1, 3, 2020),
	(23, '25', 728, '', '', 8, 8, 3, 2020),
	(23, '25', 702, '', '', 1, 1, 3, 2020),
	(23, '25', 737, '', '', 1, 1, 3, 2020),
	(23, '25', 686, '', '', 1, 1, 3, 2020),
	(23, '25', 736, '', '', 1, 1, 3, 2020),
	(23, '25', 739, '', '', 1, 1, 3, 2020),
	(23, '25', 696, '', '', 2, 2, 3, 2020),
	(23, '25', 692, '', '', 20, 20, 3, 2020),
	(24, '26', 684, '', '', 2, 2, 3, 2020),
	(24, '26', 690, '', '', 2, 2, 3, 2020),
	(24, '26', 687, '', '', 2, 2, 3, 2020),
	(24, '26', 749, '', '', 2, 2, 3, 2020),
	(24, '26', 730, '', '', 1, 1, 3, 2020),
	(24, '26', 718, '', '', 2, 2, 3, 2020),
	(24, '26', 699, '', '', 2, 2, 3, 2020),
	(24, '26', 713, '', '', 2, 2, 3, 2020),
	(24, '26', 727, '', '', 1, 1, 3, 2020),
	(24, '26', 732, '', '', 1, 1, 3, 2020),
	(24, '26', 728, '', '', 8, 8, 3, 2020),
	(24, '26', 702, '', '', 1, 1, 3, 2020),
	(24, '26', 737, '', '', 1, 1, 3, 2020),
	(24, '26', 686, '', '', 1, 1, 3, 2020),
	(24, '26', 736, '', '', 1, 1, 3, 2020),
	(24, '26', 739, '', '', 1, 1, 3, 2020),
	(24, '26', 696, '', '', 2, 2, 3, 2020),
	(24, '26', 692, '', '', 20, 20, 3, 2020),
	(25, '27', 684, '', '', 2, 2, 3, 2020),
	(25, '27', 690, '', '', 2, 2, 3, 2020),
	(25, '27', 687, '', '', 2, 2, 3, 2020),
	(25, '27', 749, '', '', 2, 2, 3, 2020),
	(25, '27', 730, '', '', 1, 1, 3, 2020),
	(25, '27', 718, '', '', 2, 2, 3, 2020),
	(25, '27', 699, '', '', 2, 2, 3, 2020),
	(25, '27', 713, '', '', 2, 2, 3, 2020),
	(25, '27', 727, '', '', 1, 1, 3, 2020),
	(25, '27', 732, '', '', 1, 1, 3, 2020),
	(25, '27', 728, '', '', 8, 8, 3, 2020),
	(25, '27', 702, '', '', 1, 1, 3, 2020),
	(25, '27', 737, '', '', 1, 1, 3, 2020),
	(25, '27', 686, '', '', 1, 1, 3, 2020),
	(25, '27', 736, '', '', 1, 1, 3, 2020),
	(25, '27', 739, '', '', 1, 1, 3, 2020),
	(25, '27', 696, '', '', 2, 2, 3, 2020),
	(25, '27', 692, '', '', 20, 20, 3, 2020),
	(26, '28', 684, '', '', 6, 6, 3, 2020),
	(26, '28', 690, '', '', 6, 6, 3, 2020),
	(26, '28', 687, '', '', 6, 6, 3, 2020),
	(26, '28', 749, '', '', 6, 6, 3, 2020),
	(26, '28', 730, '', '', 3, 3, 3, 2020),
	(26, '28', 718, '', '', 6, 6, 3, 2020),
	(26, '28', 731, '', '', 6, 6, 3, 2020),
	(26, '28', 699, '', '', 6, 6, 3, 2020),
	(26, '28', 713, '', '', 6, 6, 3, 2020),
	(26, '28', 727, '', '', 3, 3, 3, 2020),
	(26, '28', 732, '', '', 3, 3, 3, 2020),
	(26, '28', 728, '', '', 20, 20, 3, 2020),
	(26, '28', 702, '', '', 3, 3, 3, 2020),
	(26, '28', 737, '', '', 2, 2, 3, 2020),
	(26, '28', 686, '', '', 2, 2, 3, 2020),
	(26, '28', 736, '', '', 1, 1, 3, 2020),
	(26, '28', 739, '', '', 1, 1, 3, 2020),
	(26, '28', 696, '', '', 6, 6, 3, 2020),
	(26, '28', 692, '', '', 60, 60, 3, 2020),
	(27, '29', 684, '', '', 2, 2, 3, 2020),
	(27, '29', 690, '', '', 2, 2, 3, 2020),
	(27, '29', 725, '', '', 1, 1, 3, 2020),
	(27, '29', 687, '', '', 2, 2, 3, 2020),
	(27, '29', 749, '', '', 2, 2, 3, 2020),
	(27, '29', 730, '', '', 1, 1, 3, 2020),
	(27, '29', 718, '', '', 2, 2, 3, 2020),
	(27, '29', 731, '', '', 2, 2, 3, 2020),
	(27, '29', 699, '', '', 2, 2, 3, 2020),
	(27, '29', 713, '', '', 2, 2, 3, 2020),
	(27, '29', 727, '', '', 1, 1, 3, 2020),
	(27, '29', 732, '', '', 1, 1, 3, 2020),
	(27, '29', 728, '', '', 8, 8, 3, 2020),
	(27, '29', 702, '', '', 1, 1, 3, 2020),
	(27, '29', 737, '', '', 1, 1, 3, 2020),
	(27, '29', 686, '', '', 1, 1, 3, 2020),
	(27, '29', 736, '', '', 1, 1, 3, 2020),
	(27, '29', 739, '', '', 1, 1, 3, 2020),
	(27, '29', 696, '', '', 2, 2, 3, 2020),
	(27, '29', 692, '', '', 20, 20, 3, 2020),
	(28, '30', 684, '', '', 2, 2, 3, 2020),
	(28, '30', 690, '', '', 2, 2, 3, 2020),
	(28, '30', 687, '', '', 2, 2, 3, 2020),
	(28, '30', 725, '', '', 1, 1, 3, 2020),
	(28, '30', 687, '', '', 2, 2, 3, 2020),
	(28, '30', 749, '', '', 2, 2, 3, 2020),
	(28, '30', 730, '', '', 1, 1, 3, 2020),
	(28, '30', 718, '', '', 2, 2, 3, 2020),
	(28, '30', 731, '', '', 2, 2, 3, 2020),
	(28, '30', 699, '', '', 2, 2, 3, 2020),
	(28, '30', 713, '', '', 2, 2, 3, 2020),
	(28, '30', 727, '', '', 1, 1, 3, 2020),
	(28, '30', 732, '', '', 1, 1, 3, 2020),
	(28, '30', 728, '', '', 8, 8, 3, 2020),
	(28, '30', 702, '', '', 1, 1, 3, 2020),
	(28, '30', 737, '', '', 1, 1, 3, 2020),
	(28, '30', 686, '', '', 1, 1, 3, 2020),
	(28, '30', 736, '', '', 1, 1, 3, 2020),
	(28, '30', 696, '', '', 2, 2, 3, 2020),
	(28, '30', 692, '', '', 20, 20, 3, 2020),
	(29, '31', 684, '', '', 2, 2, 3, 2020),
	(29, '31', 690, '', '', 2, 2, 3, 2020),
	(29, '31', 687, '', '', 2, 2, 3, 2020),
	(29, '31', 749, '', '', 2, 2, 3, 2020),
	(29, '31', 730, '', '', 1, 1, 3, 2020),
	(29, '31', 718, '', '', 2, 2, 3, 2020),
	(29, '31', 731, '', '', 2, 2, 3, 2020),
	(29, '31', 699, '', '', 2, 2, 3, 2020),
	(29, '31', 713, '', '', 2, 2, 3, 2020),
	(29, '31', 727, '', '', 1, 1, 3, 2020),
	(29, '31', 732, '', '', 1, 1, 3, 2020),
	(29, '31', 728, '', '', 8, 8, 3, 2020),
	(29, '31', 702, '', '', 1, 1, 3, 2020),
	(29, '31', 737, '', '', 1, 1, 3, 2020),
	(29, '31', 686, '', '', 1, 1, 3, 2020),
	(29, '31', 736, '', '', 1, 1, 3, 2020),
	(29, '31', 739, '', '', 1, 1, 3, 2020),
	(29, '31', 696, '', '', 2, 2, 3, 2020),
	(30, '32', 684, '', '', 2, 2, 3, 2020),
	(30, '32', 690, '', '', 2, 2, 3, 2020),
	(30, '32', 687, '', '', 2, 2, 3, 2020),
	(30, '32', 749, '', '', 2, 2, 3, 2020),
	(30, '32', 730, '', '', 1, 1, 3, 2020),
	(30, '32', 718, '', '', 2, 2, 3, 2020),
	(30, '32', 731, '', '', 2, 2, 3, 2020),
	(30, '32', 699, '', '', 2, 2, 3, 2020),
	(30, '32', 713, '', '', 2, 2, 3, 2020),
	(30, '32', 727, '', '', 1, 1, 3, 2020),
	(30, '32', 732, '', '', 1, 1, 3, 2020),
	(30, '32', 728, '', '', 8, 8, 3, 2020),
	(30, '32', 702, '', '', 1, 1, 3, 2020),
	(30, '32', 737, '', '', 1, 1, 3, 2020),
	(30, '32', 686, '', '', 1, 1, 3, 2020),
	(30, '32', 736, '', '', 1, 1, 3, 2020),
	(30, '32', 739, '', '', 1, 1, 3, 2020),
	(30, '32', 696, '', '', 2, 2, 3, 2020),
	(31, '33', 684, '', '', 2, 2, 3, 2020),
	(31, '33', 690, '', '', 2, 2, 3, 2020),
	(31, '33', 687, '', '', 2, 2, 3, 2020),
	(31, '33', 749, '', '', 2, 2, 3, 2020),
	(31, '33', 730, '', '', 1, 1, 3, 2020),
	(31, '33', 718, '', '', 2, 2, 3, 2020),
	(31, '33', 731, '', '', 2, 2, 3, 2020),
	(31, '33', 699, '', '', 2, 2, 3, 2020),
	(31, '33', 713, '', '', 2, 2, 3, 2020),
	(31, '33', 727, '', '', 1, 1, 3, 2020),
	(31, '33', 732, '', '', 1, 1, 3, 2020),
	(31, '33', 728, '', '', 8, 8, 3, 2020),
	(31, '33', 702, '', '', 1, 1, 3, 2020),
	(31, '33', 737, '', '', 1, 1, 3, 2020),
	(31, '33', 686, '', '', 1, 1, 3, 2020),
	(31, '33', 736, '', '', 1, 1, 3, 2020),
	(31, '33', 739, '', '', 1, 1, 3, 2020),
	(31, '33', 696, '', '', 2, 2, 3, 2020),
	(32, '35', 684, '', '', 5, 5, 3, 2020),
	(32, '35', 690, '', '', 2, 2, 3, 2020),
	(32, '35', 687, '', '', 5, 5, 3, 2020),
	(32, '35', 749, '', '', 1, 1, 3, 2020),
	(32, '35', 730, '', '', 3, 3, 3, 2020),
	(32, '35', 718, '', '', 4, 4, 3, 2020),
	(32, '35', 731, '', '', 5, 5, 3, 2020),
	(32, '35', 699, '', '', 6, 6, 3, 2020),
	(32, '35', 713, '', '', 5, 5, 3, 2020),
	(32, '35', 727, '', '', 5, 5, 3, 2020),
	(32, '35', 732, '', '', 2, 2, 3, 2020),
	(32, '35', 728, '', '', 21, 21, 3, 2020),
	(32, '35', 702, '', '', 2, 2, 3, 2020),
	(32, '35', 737, '', '', 2, 2, 3, 2020),
	(32, '35', 698, '', '', 2, 2, 3, 2020),
	(32, '35', 695, '', '', 1, 1, 3, 2020),
	(32, '35', 734, '', '', 2, 2, 3, 2020),
	(32, '35', 735, '', '', 1, 1, 3, 2020),
	(33, '36', 450, '', '', 2, 2, 3, 2020),
	(34, '37', 487, '', '', 2, 2, 3, 2020),
	(35, '38', 444, '', '', 2, 2, 3, 2020),
	(36, '39', 450, '', '', 2, 2, 3, 2020),
	(37, '40', 748, '', '', 10, 10, 3, 2020),
	(38, '41', 748, '', '', 12, 10, 3, 2020),
	(39, '42', 748, '', '', 10, 10, 3, 2020),
	(39, '42', 735, '', '', 2, 2, 3, 2020),
	(39, '42', 713, '', '', 5, 5, 3, 2020),
	(39, '42', 718, '', '', 6, 6, 3, 2020),
	(39, '42', 730, '', '', 2, 2, 3, 2020),
	(39, '42', 696, '', '', 2, 2, 3, 2020),
	(39, '42', 728, '', '', 20, 20, 3, 2020),
	(39, '42', 727, '', '', 4, 4, 3, 2020),
	(39, '42', 690, '', '', 4, 4, 3, 2020),
	(39, '42', 731, '', '', 4, 4, 3, 2020),
	(39, '42', 737, '', '', 2, 2, 3, 2020),
	(39, '42', 686, '', '', 3, 3, 3, 2020),
	(39, '42', 726, '', '', 3, 3, 3, 2020),
	(39, '42', 710, '', '', 5, 5, 3, 2020),
	(39, '42', 608, '', '', 2, 2, 3, 2020),
	(39, '42', 611, '', '', 1, 1, 3, 2020),
	(39, '42', 602, '', '', 2, 2, 3, 2020),
	(40, '43', 748, '', '', 10, 10, 3, 2020),
	(41, '44', 748, '', '', 4, 4, 3, 2020),
	(42, '45', 748, '', '', 4, 4, 3, 2020),
	(43, '46', 748, '', '', 4, 4, 3, 2020),
	(44, '47', 748, '', '', 4, 4, 3, 2020),
	(45, '48', 748, '', '', 4, 4, 3, 2020),
	(46, '49', 748, '', '', 4, 4, 3, 2020),
	(47, '50', 748, '', '', 12, 12, 3, 2020),
	(48, '51', 748, '', '', 4, 4, 3, 2020),
	(49, '52', 748, '', '', 4, 4, 3, 2020),
	(50, '53', 748, '', '', 4, 4, 3, 2020),
	(51, '54', 684, '', '', 2, 2, 3, 2020),
	(51, '54', 690, '', '', 2, 2, 3, 2020),
	(51, '54', 687, '', '', 2, 2, 3, 2020),
	(51, '54', 749, '', '', 2, 2, 3, 2020),
	(51, '54', 730, '', '', 1, 1, 3, 2020),
	(51, '54', 718, '', '', 2, 2, 3, 2020),
	(51, '54', 731, '', '', 2, 2, 3, 2020),
	(51, '54', 699, '', '', 2, 2, 3, 2020),
	(51, '54', 713, '', '', 2, 2, 3, 2020),
	(51, '54', 727, '', '', 1, 1, 3, 2020),
	(51, '54', 732, '', '', 1, 1, 3, 2020),
	(51, '54', 728, '', '', 8, 8, 3, 2020),
	(51, '54', 702, '', '', 1, 1, 3, 2020),
	(51, '54', 737, '', '', 1, 1, 3, 2020),
	(51, '54', 686, '', '', 1, 1, 3, 2020),
	(51, '54', 736, '', '', 1, 1, 3, 2020),
	(51, '54', 739, '', '', 1, 1, 3, 2020),
	(51, '54', 696, '', '', 2, 2, 3, 2020),
	(51, '54', 748, '', '', 4, 4, 3, 2020),
	(52, '56', 487, '', '', 2, 2, 3, 2020),
	(53, '57', 488, '', '', 2, 2, 3, 2020),
	(54, '58', 684, '', '', 3, 3, 3, 2020),
	(54, '58', 690, '', '', 2, 2, 3, 2020),
	(54, '58', 687, '', '', 3, 3, 3, 2020),
	(54, '58', 749, '', '', 2, 2, 3, 2020),
	(54, '58', 730, '', '', 3, 3, 3, 2020),
	(54, '58', 718, '', '', 5, 5, 3, 2020),
	(54, '58', 731, '', '', 5, 5, 3, 2020),
	(54, '58', 699, '', '', 6, 6, 3, 2020),
	(54, '58', 713, '', '', 5, 5, 3, 2020),
	(54, '58', 727, '', '', 8, 8, 3, 2020),
	(54, '58', 732, '', '', 2, 2, 3, 2020),
	(54, '58', 728, '', '', 32, 32, 3, 2020),
	(54, '58', 702, '', '', 1, 1, 3, 2020),
	(54, '58', 737, '', '', 2, 2, 3, 2020),
	(54, '58', 686, '', '', 3, 3, 3, 2020),
	(54, '58', 739, '', '', 3, 3, 3, 2020),
	(54, '58', 696, '', '', 1, 1, 3, 2020),
	(54, '58', 697, '', '', 2, 2, 3, 2020),
	(54, '58', 698, '', '', 5, 5, 3, 2020),
	(54, '58', 695, '', '', 1, 1, 3, 2020),
	(54, '58', 694, '', '', 2, 2, 3, 2020),
	(54, '58', 710, '', '', 1, 1, 3, 2020),
	(54, '58', 726, '', '', 4, 4, 3, 2020),
	(54, '58', 748, '', '', 12, 12, 3, 2020),
	(55, '59', 444, '', '', 2, 2, 3, 2020),
	(56, '60', 449, '', '', 1, 1, 3, 2020),
	(57, '61', 446, '', '', 2, 2, 3, 2020),
	(58, '62', 510, '', '', 2, 2, 3, 2020),
	(59, '63', 487, '', '', 2, 2, 3, 2020),
	(61, '65', 450, '', '', 2, 2, 3, 2020),
	(62, '66', 478, '', '', 2, 2, 3, 2020),
	(63, '67', 547, '', '', 1, 1, 3, 2020),
	(64, '68', 577, '', '', 1, 1, 3, 2020),
	(65, '69', 739, '', '', 1, 1, 3, 2020),
	(66, '70', 748, '', '', 2, 2, 3, 2020),
	(67, '71', 690, '', '', 3, 3, 3, 2020),
	(67, '71', 605, '', '', 2, 2, 3, 2020),
	(68, '72', 727, '', '', 2, 2, 3, 2020),
	(69, '73', 707, '', '', 6, 6, 3, 2020),
	(70, '74', 690, '', '', 1, 1, 3, 2020),
	(70, '74', 687, '', '', 1, 1, 3, 2020),
	(70, '74', 725, '', '', 1, 1, 3, 2020),
	(70, '74', 749, '', '', 1, 1, 3, 2020),
	(70, '74', 730, '', '', 1, 1, 3, 2020),
	(70, '74', 718, '', '', 2, 2, 3, 2020),
	(70, '74', 731, '', '', 2, 2, 3, 2020),
	(70, '74', 699, '', '', 1, 1, 3, 2020),
	(70, '74', 713, '', '', 1, 1, 3, 2020),
	(70, '74', 727, '', '', 1, 1, 3, 2020),
	(70, '74', 732, '', '', 1, 1, 3, 2020),
	(70, '74', 728, '', '', 5, 5, 3, 2020),
	(70, '74', 702, '', '', 1, 1, 3, 2020),
	(70, '74', 737, '', '', 1, 1, 3, 2020),
	(70, '74', 686, '', '', 1, 1, 3, 2020),
	(70, '74', 736, '', '', 1, 1, 3, 2020),
	(70, '74', 739, '', '', 1, 1, 3, 2020),
	(70, '74', 696, '', '', 1, 1, 3, 2020),
	(70, '74', 723, '', '', 1, 1, 3, 2020),
	(70, '74', 747, '', '', 8, 8, 3, 2020),
	(71, '75', 748, '', '', 10, 10, 3, 2020),
	(71, '75', 711, '', '', 3, 3, 3, 2020),
	(72, '76', 690, '', '', 3, 3, 3, 2020),
	(72, '76', 725, '', '', 1, 1, 3, 2020),
	(72, '76', 687, '', '', 1, 1, 3, 2020),
	(72, '76', 749, '', '', 2, 2, 3, 2020),
	(72, '76', 730, '', '', 3, 3, 3, 2020),
	(72, '76', 718, '', '', 4, 4, 3, 2020),
	(72, '76', 731, '', '', 3, 3, 3, 2020),
	(72, '76', 712, '', '', 1, 1, 3, 2020),
	(72, '76', 699, '', '', 5, 5, 3, 2020),
	(72, '76', 713, '', '', 3, 3, 3, 2020),
	(72, '76', 727, '', '', 3, 3, 3, 2020),
	(72, '76', 728, '', '', 10, 10, 3, 2020),
	(72, '76', 734, '', '', 1, 1, 3, 2020),
	(72, '76', 735, '', '', 3, 3, 3, 2020),
	(72, '76', 702, '', '', 2, 2, 3, 2020),
	(72, '76', 737, '', '', 1, 1, 3, 2020),
	(72, '76', 738, '', '', 1, 1, 3, 2020),
	(72, '76', 697, '', '', 2, 2, 3, 2020),
	(72, '76', 695, '', '', 1, 1, 3, 2020),
	(72, '76', 726, '', '', 1, 1, 3, 2020),
	(72, '76', 748, '', '', 10, 10, 3, 2020),
	(72, '76', 711, '', '', 3, 3, 3, 2020),
	(72, '76', 747, '', '', 8, 8, 3, 2020),
	(73, '77', 453, '', '', 2, 2, 3, 2020),
	(74, '78', 453, '', '', 2, 2, 3, 2020),
	(75, '79', 582, '', '', 1, 1, 3, 2020),
	(75, '79', 582, '', '', 1, 1, 3, 2020),
	(76, '80', 684, '', '', 2, 2, 3, 2020),
	(76, '80', 690, '', '', 3, 3, 3, 2020),
	(76, '80', 688, '', '', 1, 1, 3, 2020),
	(76, '80', 687, '', '', 2, 2, 3, 2020),
	(76, '80', 749, '', '', 2, 2, 3, 2020),
	(76, '80', 730, '', '', 2, 2, 3, 2020),
	(76, '80', 718, '', '', 4, 4, 3, 2020),
	(76, '80', 731, '', '', 4, 4, 3, 2020),
	(76, '80', 699, '', '', 6, 6, 3, 2020),
	(76, '80', 713, '', '', 4, 4, 3, 2020),
	(76, '80', 727, '', '', 3, 3, 3, 2020),
	(76, '80', 728, '', '', 10, 10, 3, 2020),
	(76, '80', 702, '', '', 1, 1, 3, 2020),
	(76, '80', 737, '', '', 1, 1, 3, 2020),
	(76, '80', 694, '', '', 1, 1, 3, 2020),
	(76, '80', 710, '', '', 3, 3, 3, 2020),
	(76, '80', 726, '', '', 3, 3, 3, 2020),
	(76, '80', 748, '', '', 6, 6, 3, 2020),
	(77, '81', 446, '', '', 2, 2, 3, 2020),
	(78, '82', 414, '', '', 1, 1, 3, 2020),
	(78, '82', 414, '', '', 1, 1, 3, 2020),
	(78, '82', 426, '', '', 2, 2, 3, 2020),
	(78, '82', 414, '', '', 1, 1, 3, 2020),
	(78, '82', 414, '', '', 1, 1, 3, 2020),
	(78, '82', 414, '', '', 1, 1, 3, 2020),
	(78, '82', 414, '', '', 1, 1, 3, 2020),
	(78, '82', 414, '', '', 1, 1, 3, 2020),
	(78, '82', 414, '', '', 1, 1, 3, 2020),
	(78, '82', 414, '', '', 1, 1, 3, 2020),
	(78, '82', 426, '', '', 2, 2, 3, 2020),
	(78, '82', 416, '', '', 1, 1, 3, 2020),
	(78, '82', 414, '', '', 1, 1, 3, 2020),
	(78, '82', 416, '', '', 1, 1, 3, 2020),
	(78, '82', 415, '', '', 1, 1, 3, 2020),
	(78, '82', 414, '', '', 2, 2, 3, 2020),
	(78, '82', 416, '', '', 1, 1, 3, 2020),
	(78, '82', 414, '', '', 1, 1, 3, 2020),
	(78, '82', 414, '', '', 1, 1, 3, 2020),
	(78, '82', 426, '', '', 2, 2, 3, 2020),
	(78, '82', 426, '', '', 2, 2, 3, 2020),
	(78, '82', 414, '', '', 2, 2, 3, 2020),
	(78, '82', 426, '', '', 2, 2, 3, 2020),
	(78, '82', 416, '', '', 2, 2, 3, 2020),
	(78, '82', 414, '', '', 2, 2, 3, 2020),
	(78, '82', 425, '', '', 2, 2, 3, 2020),
	(78, '82', 426, '', '', 2, 2, 3, 2020),
	(78, '82', 414, '', '', 1, 1, 3, 2020),
	(78, '82', 426, '', '', 2, 2, 3, 2020),
	(78, '82', 513, '', '', 2, 2, 3, 2020),
	(78, '82', 414, '', '', 1, 1, 3, 2020),
	(78, '82', 414, '', '', 2, 2, 3, 2020),
	(78, '82', 414, '', '', 1, 1, 3, 2020),
	(78, '82', 414, '', '', 1, 1, 3, 2020),
	(78, '82', 414, '', '', 1, 1, 3, 2020),
	(78, '82', 426, '', '', 2, 2, 3, 2020),
	(79, '83', 684, '', '', 2, 2, 3, 2020),
	(79, '83', 725, '', '', 1, 1, 3, 2020),
	(79, '83', 687, '', '', 4, 4, 3, 2020),
	(79, '83', 749, '', '', 3, 3, 3, 2020),
	(79, '83', 730, '', '', 4, 4, 3, 2020),
	(79, '83', 718, '', '', 5, 5, 3, 2020),
	(79, '83', 731, '', '', 5, 5, 3, 2020),
	(79, '83', 712, '', '', 2, 2, 3, 2020),
	(79, '83', 699, '', '', 5, 5, 3, 2020),
	(79, '83', 727, '', '', 3, 3, 3, 2020),
	(79, '83', 728, '', '', 8, 8, 3, 2020),
	(79, '83', 735, '', '', 2, 2, 3, 2020),
	(79, '83', 702, '', '', 2, 2, 3, 2020),
	(79, '83', 686, '', '', 2, 2, 3, 2020),
	(79, '83', 736, '', '', 2, 2, 3, 2020),
	(79, '83', 739, '', '', 2, 2, 3, 2020),
	(79, '83', 697, '', '', 4, 4, 3, 2020),
	(79, '83', 748, '', '', 7, 7, 3, 2020),
	(80, '84', 684, '', '', 2, 2, 3, 2020),
	(80, '84', 690, '', '', 2, 2, 3, 2020),
	(80, '84', 687, '', '', 2, 2, 3, 2020),
	(80, '84', 749, '', '', 2, 2, 3, 2020),
	(80, '84', 730, '', '', 1, 1, 3, 2020),
	(80, '84', 718, '', '', 2, 2, 3, 2020),
	(80, '84', 731, '', '', 2, 2, 3, 2020),
	(80, '84', 699, '', '', 2, 2, 3, 2020),
	(80, '84', 713, '', '', 2, 2, 3, 2020),
	(80, '84', 727, '', '', 1, 1, 3, 2020),
	(80, '84', 732, '', '', 1, 1, 3, 2020),
	(80, '84', 728, '', '', 8, 8, 3, 2020),
	(80, '84', 702, '', '', 1, 1, 3, 2020),
	(80, '84', 737, '', '', 1, 1, 3, 2020),
	(80, '84', 686, '', '', 1, 1, 3, 2020),
	(80, '84', 736, '', '', 1, 1, 3, 2020),
	(80, '84', 739, '', '', 1, 1, 3, 2020),
	(80, '84', 696, '', '', 2, 2, 3, 2020),
	(80, '84', 748, '', '', 4, 4, 3, 2020),
	(81, '85', 684, '', '', 1, 1, 3, 2020),
	(81, '85', 690, '', '', 1, 1, 3, 2020),
	(81, '85', 725, '', '', 1, 1, 3, 2020),
	(81, '85', 687, '', '', 1, 1, 3, 2020),
	(81, '85', 749, '', '', 1, 1, 3, 2020),
	(81, '85', 730, '', '', 1, 1, 3, 2020),
	(81, '85', 718, '', '', 2, 2, 3, 2020),
	(81, '85', 731, '', '', 2, 2, 3, 2020),
	(81, '85', 699, '', '', 1, 1, 3, 2020),
	(81, '85', 713, '', '', 1, 1, 3, 2020),
	(81, '85', 727, '', '', 1, 1, 3, 2020),
	(81, '85', 732, '', '', 1, 1, 3, 2020),
	(81, '85', 728, '', '', 5, 5, 3, 2020),
	(81, '85', 702, '', '', 1, 1, 3, 2020),
	(81, '85', 737, '', '', 1, 1, 3, 2020),
	(81, '85', 686, '', '', 1, 1, 3, 2020),
	(81, '85', 736, '', '', 1, 1, 3, 2020),
	(81, '85', 739, '', '', 1, 1, 3, 2020),
	(81, '85', 723, '', '', 1, 1, 3, 2020),
	(81, '85', 696, '', '', 1, 1, 3, 2020),
	(81, '85', 748, '', '', 2, 2, 3, 2020),
	(82, '86', 690, '', '', 2, 2, 3, 2020),
	(82, '86', 687, '', '', 2, 2, 3, 2020),
	(82, '86', 749, '', '', 2, 2, 3, 2020),
	(82, '86', 730, '', '', 1, 1, 3, 2020),
	(82, '86', 718, '', '', 2, 2, 3, 2020),
	(82, '86', 731, '', '', 2, 2, 3, 2020),
	(82, '86', 699, '', '', 2, 2, 3, 2020),
	(82, '86', 713, '', '', 2, 2, 3, 2020),
	(82, '86', 727, '', '', 1, 1, 3, 2020),
	(82, '86', 732, '', '', 1, 1, 3, 2020),
	(82, '86', 702, '', '', 1, 1, 3, 2020),
	(82, '86', 737, '', '', 1, 1, 3, 2020),
	(82, '86', 686, '', '', 1, 1, 3, 2020),
	(82, '86', 736, '', '', 1, 1, 3, 2020),
	(82, '86', 739, '', '', 1, 1, 3, 2020),
	(82, '86', 696, '', '', 2, 2, 3, 2020),
	(82, '86', 748, '', '', 4, 4, 3, 2020),
	(83, '87', 690, '', '', 4, 4, 3, 2020),
	(83, '87', 749, '', '', 4, 4, 3, 2020),
	(83, '87', 730, '', '', 2, 2, 3, 2020),
	(83, '87', 718, '', '', 4, 4, 3, 2020),
	(83, '87', 731, '', '', 4, 4, 3, 2020),
	(83, '87', 699, '', '', 4, 4, 3, 2020),
	(83, '87', 713, '', '', 4, 4, 3, 2020),
	(83, '87', 727, '', '', 2, 2, 3, 2020),
	(83, '87', 732, '', '', 2, 2, 3, 2020),
	(83, '87', 702, '', '', 2, 2, 3, 2020),
	(83, '87', 737, '', '', 2, 2, 3, 2020),
	(83, '87', 686, '', '', 2, 2, 3, 2020),
	(83, '87', 736, '', '', 2, 2, 3, 2020),
	(83, '87', 739, '', '', 2, 2, 3, 2020),
	(83, '87', 696, '', '', 4, 4, 3, 2020),
	(83, '87', 748, '', '', 8, 8, 3, 2020),
	(84, '88', 690, '', '', 2, 2, 3, 2020),
	(84, '88', 749, '', '', 2, 2, 3, 2020),
	(84, '88', 730, '', '', 1, 1, 3, 2020),
	(84, '88', 718, '', '', 2, 2, 3, 2020),
	(84, '88', 731, '', '', 2, 2, 3, 2020),
	(84, '88', 699, '', '', 2, 2, 3, 2020),
	(84, '88', 713, '', '', 2, 2, 3, 2020),
	(84, '88', 727, '', '', 1, 1, 3, 2020),
	(84, '88', 732, '', '', 1, 1, 3, 2020),
	(84, '88', 702, '', '', 1, 1, 3, 2020),
	(84, '88', 737, '', '', 1, 1, 3, 2020),
	(84, '88', 686, '', '', 1, 1, 3, 2020),
	(84, '88', 736, '', '', 1, 1, 3, 2020),
	(84, '88', 739, '', '', 1, 1, 3, 2020),
	(84, '88', 696, '', '', 2, 2, 3, 2020),
	(84, '88', 748, '', '', 4, 4, 3, 2020),
	(85, '89', 687, '', '', 1, 1, 3, 2020),
	(85, '89', 731, '', '', 2, 2, 3, 2020),
	(85, '89', 727, '', '', 2, 2, 3, 2020),
	(85, '89', 748, '', '', 2, 2, 3, 2020),
	(86, '90', 690, '', '', 2, 2, 3, 2020),
	(86, '90', 749, '', '', 2, 2, 3, 2020),
	(86, '90', 730, '', '', 1, 1, 3, 2020),
	(86, '90', 718, '', '', 2, 2, 3, 2020),
	(86, '90', 731, '', '', 2, 2, 3, 2020),
	(86, '90', 699, '', '', 2, 2, 3, 2020),
	(86, '90', 713, '', '', 2, 2, 3, 2020),
	(86, '90', 727, '', '', 1, 1, 3, 2020),
	(86, '90', 732, '', '', 1, 1, 3, 2020),
	(86, '90', 702, '', '', 1, 1, 3, 2020),
	(86, '90', 737, '', '', 1, 1, 3, 2020),
	(86, '90', 686, '', '', 1, 1, 3, 2020),
	(86, '90', 736, '', '', 1, 1, 3, 2020),
	(86, '90', 739, '', '', 1, 1, 3, 2020),
	(86, '90', 696, '', '', 2, 2, 3, 2020),
	(86, '90', 748, '', '', 2, 2, 3, 2020),
	(87, '91', 690, '', '', 2, 2, 3, 2020),
	(87, '91', 749, '', '', 2, 2, 3, 2020),
	(87, '91', 730, '', '', 1, 1, 3, 2020),
	(87, '91', 718, '', '', 2, 2, 3, 2020),
	(87, '91', 731, '', '', 2, 2, 3, 2020),
	(87, '91', 699, '', '', 2, 2, 3, 2020),
	(87, '91', 713, '', '', 2, 2, 3, 2020),
	(87, '91', 727, '', '', 1, 1, 3, 2020),
	(87, '91', 732, '', '', 1, 1, 3, 2020),
	(87, '91', 702, '', '', 1, 1, 3, 2020),
	(87, '91', 739, '', '', 1, 1, 3, 2020),
	(87, '91', 696, '', '', 2, 2, 3, 2020),
	(87, '91', 748, '', '', 4, 4, 3, 2020),
	(88, '92', 690, '', '', 2, 2, 3, 2020),
	(88, '92', 749, '', '', 2, 2, 3, 2020),
	(88, '92', 730, '', '', 1, 1, 3, 2020),
	(88, '92', 718, '', '', 2, 2, 3, 2020),
	(88, '92', 731, '', '', 2, 2, 3, 2020),
	(88, '92', 699, '', '', 2, 2, 3, 2020),
	(88, '92', 713, '', '', 2, 2, 3, 2020),
	(88, '92', 727, '', '', 1, 1, 3, 2020),
	(88, '92', 732, '', '', 1, 1, 3, 2020),
	(88, '92', 702, '', '', 1, 1, 3, 2020),
	(88, '92', 737, '', '', 1, 1, 3, 2020),
	(88, '92', 686, '', '', 1, 1, 3, 2020),
	(88, '92', 736, '', '', 1, 1, 3, 2020),
	(88, '92', 739, '', '', 1, 1, 3, 2020),
	(88, '92', 748, '', '', 4, 4, 3, 2020),
	(89, '93', 454, '', '', 2, 2, 3, 2020),
	(90, '94', 488, '', '', 2, 2, 3, 2020),
	(91, '95', 690, '', '', 48, 48, 3, 2020),
	(92, '96', 488, '', '', 2, 2, 3, 2020),
	(93, '97', 488, '', '', 2, 2, 3, 2020),
	(94, '98', 488, '', '', 1, 1, 3, 2020);
/*!40000 ALTER TABLE `saida_item` ENABLE KEYS */;

-- Copiando estrutura para procedure sms.Sp_Add_ItemSaida
DROP PROCEDURE IF EXISTS `Sp_Add_ItemSaida`;
DELIMITER //
CREATE DEFINER=`renato`@`%` PROCEDURE `Sp_Add_ItemSaida`(
	IN `CodSaida` INT,
	IN `NumeroPedido` VARCHAR(50),
	IN `CodProduto` INT,
	IN `Lote` VARCHAR(50),
	IN `Validade` VARCHAR(50),
	IN `Solicitado` INT,
	IN `Entregue` INT,
	IN `Mes` INT,
	IN `Ano` INT
)
BEGIN
INSERT INTO saida_item (CODSAIDA, NUMEROPEDIDO, CODPRODUTO, LOTE, VALIDADE, SOLICITADO, ENTREGUE, MES, ANO)
                VALUES   (CODSAIDA, NUMEROPEDIDO, CODPRODUTO, LOTE, VALIDADE, SOLICITADO, ENTREGUE, MES, ANO);
                
SELECT LAST_INSERT_ID() as retorno;
END//
DELIMITER ;

-- Copiando estrutura para tabela sms.unidade
DROP TABLE IF EXISTS `unidade`;
CREATE TABLE IF NOT EXISTS `unidade` (
  `CODUNIDADE` int(11) NOT NULL AUTO_INCREMENT,
  `NOME` varchar(100) DEFAULT NULL,
  `TELEFONE` varchar(50) DEFAULT NULL,
  `EMAIL` varchar(50) DEFAULT NULL,
  `ENDERECO` varchar(255) DEFAULT NULL,
  `BAIRRO` varchar(255) DEFAULT NULL,
  `ATIVA` varchar(1) DEFAULT NULL,
  `RESPINCLUSAO` varchar(255) DEFAULT NULL,
  `DATAINCLUSAO` datetime DEFAULT NULL,
  `RESPALTERACAO` varchar(255) DEFAULT NULL,
  `DATAALTERACAO` datetime DEFAULT NULL,
  `EXCLUIDO` varchar(2) DEFAULT NULL,
  PRIMARY KEY (`CODUNIDADE`)
) ENGINE=InnoDB AUTO_INCREMENT=52 DEFAULT CHARSET=latin1 ROW_FORMAT=COMPACT;

-- Copiando dados para a tabela sms.unidade: ~50 rows (aproximadamente)
/*!40000 ALTER TABLE `unidade` DISABLE KEYS */;
INSERT INTO `unidade` (`CODUNIDADE`, `NOME`, `TELEFONE`, `EMAIL`, `ENDERECO`, `BAIRRO`, `ATIVA`, `RESPINCLUSAO`, `DATAINCLUSAO`, `RESPALTERACAO`, `DATAALTERACAO`, `EXCLUIDO`) VALUES
	(1, 'CAT - CENTRO AMBULATORIAL DE TRINDADE', '(62) 3506-4597', '', 'RUA ', 'VILA PERPÉTUO SOCORRO', 'S', NULL, NULL, 'RODRIGO DIEGO', '2020-03-10 15:16:06', 'N'),
	(2, '302 - MAYSA I', '(62) 3294-3900', '', 'RUA', 'MAYSA I', 'S', 'RENATO', '2019-08-14 00:00:00', 'RODRIGO DIEGO', '2020-03-10 15:14:15', 'N'),
	(3, '303 - VILA PAI ETERNO', NULL, NULL, 'RUA', 'BAIRRO', 'S', 'RENATO', '2019-08-14 00:00:00', 'RENATO', '2019-08-14 00:00:00', 'S'),
	(4, '304 - JARDIM FLORESTA', NULL, NULL, 'RUA', 'BAIRRO', 'S', 'RENATO', '2019-08-14 00:00:00', 'RENATO', '2019-08-14 00:00:00', 'S'),
	(5, '305 - JARDIM TAMAREIRAS', NULL, NULL, 'RUA', 'BAIRRO', 'S', 'RENATO', '2019-08-14 00:00:00', 'RENATO', '2019-08-14 00:00:00', 'S'),
	(6, '306 - RESIDENCIAL MARISE', NULL, NULL, 'RUA', 'BAIRRO', 'S', 'RENATO', '2019-08-14 00:00:00', 'RENATO', '2019-08-14 00:00:00', 'S'),
	(7, '307 - WALTER CORREA', NULL, NULL, 'RUA', 'BAIRRO', 'S', 'RENATO', '2019-08-14 00:00:00', 'RENATO', '2019-08-14 00:00:00', 'S'),
	(8, '308 - VILA REDENÇÃO', NULL, NULL, 'RUA', 'BAIRRO', 'S', 'RENATO', '2019-08-14 00:00:00', 'RENATO', '2019-08-14 00:00:00', 'S'),
	(9, '309 - JARDIM PRIMAVERA', NULL, NULL, 'RUA', 'BAIRRO', 'S', 'RENATO', '2019-08-14 00:00:00', 'RENATO', '2019-08-14 00:00:00', 'S'),
	(10, '311 - VILA JOÃO BRAZ', NULL, NULL, 'RUA', 'BAIRRO', 'S', 'RENATO', '2019-08-14 00:00:00', 'RENATO', '2019-08-14 00:00:00', 'S'),
	(11, '312 - PONTAKAYANA I', NULL, NULL, 'RUA', 'BAIRRO', 'S', 'RENATO', '2019-08-14 00:00:00', 'RENATO', '2019-08-14 00:00:00', 'S'),
	(12, '313 - JARDIM MARISTA', NULL, NULL, 'RUA', 'BAIRRO', 'S', 'RENATO', '2019-08-14 00:00:00', 'RENATO', '2019-08-14 00:00:00', 'S'),
	(13, '318 - BANDEIRANTES', NULL, NULL, 'RUA', 'BAIRRO', 'S', 'RENATO', '2019-08-14 00:00:00', 'RENATO', '2019-08-14 00:00:00', 'S'),
	(14, '319 - DONA IRIS II', NULL, NULL, 'RUA', 'BAIRRO', 'S', 'RENATO', '2019-08-14 00:00:00', 'RENATO', '2019-08-14 00:00:00', 'S'),
	(15, '322 - GUARUJA PARK', NULL, NULL, 'RUA', 'BAIRRO', 'S', 'RENATO', '2019-08-14 00:00:00', 'RENATO', '2019-08-14 00:00:00', 'S'),
	(16, '324 - LAGUNA PARK', NULL, NULL, 'RUA', 'BAIRRO', 'S', 'RENATO', '2019-08-14 00:00:00', 'RENATO', '2019-08-14 00:00:00', 'S'),
	(17, '325 - CENTRO', NULL, NULL, 'RUA', 'BAIRRO', 'S', 'RENATO', '2019-08-14 00:00:00', 'RENATO', '2019-08-14 00:00:00', 'S'),
	(18, '326 - JARDIM SALVADOR', NULL, NULL, 'RUA', 'BAIRRO', 'S', 'RENATO', '2019-08-14 00:00:00', 'RENATO', '2019-08-14 00:00:00', 'S'),
	(19, '328 - SOL DOURADO', NULL, NULL, 'RUA', 'BAIRRO', 'S', 'RENATO', '2019-08-14 00:00:00', 'RENATO', '2019-08-14 00:00:00', 'S'),
	(20, '329 - VIDA NOVA', NULL, NULL, 'RUA', 'BAIRRO', 'S', 'RENATO', '2019-08-14 00:00:00', 'RENATO', '2019-08-14 00:00:00', 'S'),
	(21, '330 - JARDIM CALIFORNIA', NULL, NULL, 'RUA', 'BAIRRO', 'S', 'RENATO', '2019-08-14 00:00:00', 'RENATO', '2019-08-14 00:00:00', 'S'),
	(22, '331 - JARDIM SCALA', NULL, NULL, 'RUA', 'BAIRRO', 'S', 'RENATO', '2019-08-14 00:00:00', 'RENATO', '2019-08-14 00:00:00', 'S'),
	(23, '332 - RESIDENCIAL GARAVELO', NULL, NULL, 'RUA', 'BAIRRO', 'S', 'RENATO', '2019-08-14 00:00:00', 'RENATO', '2019-08-14 00:00:00', 'S'),
	(24, 'CAPS CORAÇÃO DE MÃE', NULL, NULL, 'RUA', 'BAIRRO', 'S', 'RENATO', '2019-08-14 00:00:00', 'RENATO', '2019-08-14 00:00:00', 'S'),
	(25, 'CRISTINA 24 HORAS', NULL, NULL, 'RUA', 'BAIRRO', 'S', 'RENATO', '2019-08-14 00:00:00', 'RENATO', '2019-08-14 00:00:00', 'S'),
	(26, '314 - JARDIM DAS OLIVEIRAS', '(62) 3506-7048', '', 'RUA', 'JARDIM DAS OLIVEIRAS', 'S', 'RENATO', '2019-08-14 00:00:00', 'RODRIGO DIEGO', '2020-03-10 15:23:28', 'N'),
	(27, 'SIZENANDO', NULL, NULL, 'RUA', 'BAIRRO', 'S', 'RENATO', '2019-08-14 00:00:00', 'RENATO', '2019-08-14 00:00:00', 'S'),
	(28, '327 - SANTUARIO NOVO', '(62) 3294-7300', '', 'RUA', 'BAIRRO SANTUÁRIO', 'S', 'RENATO', '2019-08-14 00:00:00', 'RODRIGO DIEGO', '2020-03-10 15:21:45', 'N'),
	(29, 'COORDENAÇÃO RH', '(62) 3506-7218', '', 'RUA', 'BAIRRO', 'S', 'RENATO', '2019-10-30 08:38:50', 'RODRIGO DIEGO', '2020-03-10 15:19:04', 'N'),
	(30, 'CAFTRIN - CENTRO ABAST. FARMACEUTICO TRINDADE', '(62) 3506-7052', '', 'RUA', 'CRISTINA 2', 'S', 'RENATO', '2019-10-30 08:40:19', 'RODRIGO DIEGO', '2020-03-10 15:17:37', 'N'),
	(31, 'CENTRO DE ESPECIALIDADES MÉDICAS', '(  )     -', '', 'RUA', 'BAIRROQ', 'S', NULL, NULL, 'Renato Leandro', '2020-02-11 09:11:48', 'N'),
	(32, 'UPA - UNIDADE DE PRONTO ATENDIMENTO', '(62) 3211-3651', '', '', 'SETOR SOARES', 'S', 'RODRIGO DIEGO', '2020-02-19 10:10:57', NULL, NULL, 'N'),
	(33, 'SECRETARIA DE SAUDE', '(62) 3506-7238', '', '', 'VILA PERPETUO SOCORRO', 'S', 'Renato Leandro', '2020-02-28 15:08:44', 'RODRIGO DIEGO', '2020-03-10 15:24:45', 'N'),
	(34, 'MELHOR EM CASA', '(  )     -', '', '', '', 'S', 'Renato Leandro', '2020-02-28 15:08:59', NULL, NULL, 'N'),
	(35, 'ATENÇÃO BÁSICA', '(  )     -', '', '', '', 'S', 'Renato Leandro', '2020-02-28 15:09:14', NULL, NULL, 'N'),
	(36, 'VIGILÂNCIA E SAÚDE', '(  )     -', '', '', '', 'S', 'Renato Leandro', '2020-02-28 15:09:44', NULL, NULL, 'N'),
	(37, 'ACADEMIA DA SAÚDE - CENTRO', '(  )     -', '', '', '', 'S', 'Renato Leandro', '2020-02-28 15:09:58', 'Renato Leandro', '2020-02-28 15:10:11', 'N'),
	(38, 'ACADEMIA DA SAÚDE - LESTE', '(  )     -', '', '', '', 'S', 'Renato Leandro', '2020-02-28 15:10:29', NULL, NULL, 'N'),
	(39, 'CONSULTÓRIO DE RUA - (TRAILLERES)', '(  )     -', '', '', '', 'S', 'RODRIGO DIEGO', '2020-03-02 08:55:36', NULL, NULL, 'N'),
	(40, '323 - SAMARA', '(62) 3506-7076', '', '', 'SETOR SAMARA', 'S', 'Renato Leandro', '2020-03-03 15:12:10', 'RODRIGO DIEGO', '2020-03-10 15:26:46', 'N'),
	(41, '316 - SANTA MARIA', '(62) 3403-1025', '', '', 'POVOADO DE SANTA MARIA', 'S', NULL, NULL, 'RODRIGO DIEGO', '2020-03-10 16:11:46', 'N'),
	(42, 'CEO - CENTRO DE ESPECIALIDADES ODONTOLÓGICA', '(62) 3505-0967', '', '', 'RECANTO DOS LAGOS', 'S', 'Ingrid Gondin', '2020-03-04 10:05:27', 'RODRIGO DIEGO', '2020-03-10 15:57:48', 'N'),
	(43, 'TRAILER ODONTO', '(  )     -', '', '', '', 'S', 'Ingrid Gondin', '2020-03-09 15:00:17', NULL, NULL, 'N'),
	(44, 'CAPS A.D', '(  )     -', '', '', '', 'S', 'Ingrid Gondin', '2020-03-09 15:13:49', NULL, NULL, 'N'),
	(45, 'SAMU', '(  )     -', '', '', '', 'S', 'Ingrid Gondin', '2020-03-10 09:16:05', NULL, NULL, 'N'),
	(46, 'GALPÃO PNEUS - CIGANINHO', '(  )     -', '', '', 'LAGUNA', 'S', 'Ingrid Gondin', '2020-03-10 14:35:54', 'RODRIGO DIEGO', '2020-03-10 15:58:49', 'N'),
	(47, '302 - MAYSA II', '(62) 3506-7055', '', '', 'MAYSA II', 'S', 'RODRIGO DIEGO', '2020-03-10 16:14:23', 'RODRIGO DIEGO', '2020-03-10 16:39:07', 'N'),
	(48, '321 - BELA VISTA', '(62) 3294-3885', '', '', 'BELA VISTA', 'S', 'Ingrid Gondin', '2020-03-10 16:24:47', 'RODRIGO DIEGO', '2020-03-10 16:49:59', 'N'),
	(50, 'PREFEITURA', '(  )     -', '', '', '', 'S', 'Ingrid Gondin', '2020-03-17 10:08:52', NULL, NULL, 'N'),
	(51, 'DEPARTAMENTO DE REGULAÇÃO', '(  )     -', '', '', '', 'S', 'Ingrid Gondin', '2020-03-17 13:13:29', NULL, NULL, 'N');
/*!40000 ALTER TABLE `unidade` ENABLE KEYS */;

-- Copiando estrutura para tabela sms.unidademedida
DROP TABLE IF EXISTS `unidademedida`;
CREATE TABLE IF NOT EXISTS `unidademedida` (
  `CODUNIDADEMEDIDA` int(11) NOT NULL AUTO_INCREMENT,
  `DESCRICAO` varchar(255) DEFAULT NULL,
  `EXCLUIDO` varchar(1) DEFAULT 'N',
  PRIMARY KEY (`CODUNIDADEMEDIDA`)
) ENGINE=InnoDB AUTO_INCREMENT=19 DEFAULT CHARSET=latin1 ROW_FORMAT=COMPACT;

-- Copiando dados para a tabela sms.unidademedida: ~18 rows (aproximadamente)
/*!40000 ALTER TABLE `unidademedida` DISABLE KEYS */;
INSERT INTO `unidademedida` (`CODUNIDADEMEDIDA`, `DESCRICAO`, `EXCLUIDO`) VALUES
	(1, 'AMPOLA', 'N'),
	(2, 'COMPRIMIDO', 'N'),
	(3, 'FRASCO', 'N'),
	(4, 'REFIL', 'N'),
	(5, 'SACHE', 'N'),
	(6, 'SERINGA', 'N'),
	(7, 'UNIDADE', 'N'),
	(8, 'CAIXA', 'N'),
	(9, 'LITRO', 'N'),
	(10, 'GALÃO', 'N'),
	(11, 'PACOTE\r\n', 'N'),
	(12, 'PARES\r\n', 'N'),
	(13, 'ROLO', 'N'),
	(14, 'KIT', 'N'),
	(15, 'PAR', 'N'),
	(16, 'ENVELOPE', 'N'),
	(17, 'RESMA', 'N'),
	(18, '', 'N');
/*!40000 ALTER TABLE `unidademedida` ENABLE KEYS */;

-- Copiando estrutura para tabela sms.usuarios
DROP TABLE IF EXISTS `usuarios`;
CREATE TABLE IF NOT EXISTS `usuarios` (
  `CODUSUARIO` int(11) NOT NULL AUTO_INCREMENT,
  `CODEMPRESA` int(11) DEFAULT '0',
  `CODDEPARTAMENTO` int(11) DEFAULT '0',
  `CODUNIDADE` int(11) DEFAULT '0',
  `TIPOUSUARIO` int(11) DEFAULT '0',
  `NOME` varchar(255) DEFAULT '0',
  `CPF` varchar(12) DEFAULT NULL,
  `EMAIL` varchar(50) DEFAULT '0',
  `TELEFONE` varchar(50) DEFAULT '0',
  `LOGIN` varchar(30) DEFAULT '0',
  `SENHA` varchar(255) DEFAULT '0',
  `ATIVO` int(11) DEFAULT '0',
  `RESPINCLUSAO` varchar(50) DEFAULT '0',
  `DATAHORAINCLUSAO` datetime DEFAULT NULL,
  `RESPALTERACAO` varchar(50) DEFAULT '0',
  `DATAHORAALTERACAO` datetime DEFAULT NULL,
  `EXCLUIDO` varchar(2) DEFAULT '0',
  `FUNCAO` varchar(255) DEFAULT '0',
  `LOTACAO` varchar(255) DEFAULT '0',
  PRIMARY KEY (`CODUSUARIO`)
) ENGINE=InnoDB AUTO_INCREMENT=30 DEFAULT CHARSET=latin1;

-- Copiando dados para a tabela sms.usuarios: ~29 rows (aproximadamente)
/*!40000 ALTER TABLE `usuarios` DISABLE KEYS */;
INSERT INTO `usuarios` (`CODUSUARIO`, `CODEMPRESA`, `CODDEPARTAMENTO`, `CODUNIDADE`, `TIPOUSUARIO`, `NOME`, `CPF`, `EMAIL`, `TELEFONE`, `LOGIN`, `SENHA`, `ATIVO`, `RESPINCLUSAO`, `DATAHORAINCLUSAO`, `RESPALTERACAO`, `DATAHORAALTERACAO`, `EXCLUIDO`, `FUNCAO`, `LOTACAO`) VALUES
	(1, 1, 3, 1, 0, 'Renato Leandro', '76089479187', 'renatolsouza@gmail.com', '31100010', 'renato', '123', 1, '0', NULL, 'Renato Leandro', '2019-08-16 10:46:39', 'N', 'COORDENADOR', 'ODONTOLOGIA'),
	(2, 1, 2, 1, 1, 'Rodrigo Diego', '21', 'matheus@marrentinho.com.br', '(62)3110-0010', 'RODRIGO', 'assistida', 2, '0', NULL, 'Renato Leandro', '2019-05-15 09:49:46', 'N', '0', '0'),
	(3, 1, 2, 5, 5, 'FELIPE', '11123265498', 'felipe@sms.com', '3232-6654', 'FELIPE', '123', 2, 'Renato Leandro', '2019-07-17 07:54:42', '0', NULL, 'N', '0', '0'),
	(4, 1, 1, 17, 17, 'AMANDA', '11123265498', 'amanda@sms.com', '6266660066', '11123265499', '123456', 2, 'Renato Leandro', '2019-07-17 07:55:36', '0', NULL, 'N', '0', '0'),
	(5, 1, 1, 1, 1, 'Renato Leandro', '76089479187', 'renatolsouza@gmail.com', '31100010', 'renato1', 'taroba', 1, '0', '2019-07-26 09:53:59', '0', '2019-07-26 09:54:01', 'N', 'COORDENADOR', 'ODONTOLOGIA'),
	(6, 1, 1, 1, 0, 'ZE', '11111111111', 'AAA', '3120-0062', 'teste', '123456', 2, 'Renato Leandro', '2019-08-16 11:38:13', '0', NULL, 'N', '0', '0'),
	(7, 1, 1, 1, 0, 'RODRIGO DIEGO', '02102151190', 'r.diego@hotmail.com', '62 986194341', 'R. DIEGO', 'odonto', 1, 'Renato Leandro', '2019-09-18 10:27:00', '0', NULL, 'N', '0', '0'),
	(8, 1, 3, 1, 0, 'RODRIGO DIEGO', '02102151190', 'r.diego@hotmail.com', '62 986194341', 'R. DIEGO', 'caftrin', 1, 'Renato Leandro', '2019-10-17 14:10:52', '0', NULL, 'N', '0', '0'),
	(9, 1, 3, 30, 0, 'Ingrid Gondin', '02038950105', 'ingridgondin@gmail.com', '98499-4141', 'ingrid', '3103', 1, 'Renato Leandro', '2019-10-29 13:38:01', '0', NULL, 'N', 'USUARIO', 'CAFTRIN'),
	(10, 1, 3, 29, 0, 'JOAO RICARDO P. SIQUEIRA LOPES', '11111111111', 'A', '0000000000', 'João RH', '123456', 1, 'Renato Leandro', '2019-10-29 15:04:12', '0', NULL, 'N', 'COORDENADOR', 'RH'),
	(11, 1, 3, 1, 0, 'KATIA CRISTINA RODRIGUES ALVES', '22222222222', 'A', '0000000000', 'Katia', '123456', 1, 'Renato Leandro', '2019-10-29 15:04:52', '0', NULL, 'N', 'COORDENADOR', 'CAT'),
	(12, 1, 3, -1, 0, 'ALESANDRA TADAO', '', 'A', '', 'ALESANDRA TADAO', '123456', 1, 'Renato Leandro', '2019-11-01 08:53:44', '0', NULL, 'N', 'Coordenador', 'SISENANDO'),
	(13, 1, 3, 0, 0, 'ALESSANDRA MARQUES ', '', 'A', '', 'ALESSANDRA MARQUES ', '123456', 1, 'Renato Leandro', '2019-11-01 08:54:12', '0', NULL, 'N', 'Coordenador', 'REGULAÇÃO'),
	(14, 1, 3, 0, 0, 'ALEXANDRE', '', 'A', '', 'ALEXANDRE', '123456', 1, 'Renato Leandro', '2019-11-01 08:54:39', '0', NULL, 'N', 'Coordenador', 'ODONTOLOGIA'),
	(15, 1, 3, 0, 0, 'AMANDA', '', 'A', '', 'AMANDA', '123456', 1, 'Renato Leandro', '2019-11-01 08:55:05', '0', NULL, 'N', 'Coordenador', 'MELHOR EM CASA'),
	(16, 1, 3, 0, 0, 'ELTER', '', 'A', '', 'ELTER', '123456', 1, 'Renato Leandro', '2019-11-01 08:56:20', '0', NULL, 'N', 'Coordenador', 'UPA'),
	(17, 1, 3, 0, 0, 'ISABELA', '', 'A', '', 'ISABELA', '123456', 1, 'Renato Leandro', '2019-11-01 08:56:45', '0', NULL, 'N', 'Coordenador', 'CAFTRIN'),
	(18, 1, 3, 0, 0, 'LEONARDO', '', 'A', '', 'LEONARDO', '123456', 1, 'Renato Leandro', '2019-11-01 08:57:12', '0', NULL, 'N', 'Coordenador', 'VIGILÃNCIA'),
	(19, 1, 3, 0, 0, 'LETICIA', '', 'A', '', 'LETICIA', '123456', 1, 'Renato Leandro', '2019-11-01 08:57:46', '0', NULL, 'N', 'Coordenador', 'CAPS CORAÇÃO DE MÃE'),
	(20, 1, 3, 0, 0, 'LARRUSE', '', 'A', '', 'LARRUSE', '123456', 1, 'Renato Leandro', '2019-11-01 08:58:12', '0', NULL, 'N', 'Coordenador', 'ATENÇÃO ASSISTIDA'),
	(21, 1, 3, -1, 0, 'LUANA ', '', 'A', '', 'LUANA ', '123456', 1, 'Renato Leandro', '2019-11-01 09:05:29', '0', NULL, 'N', 'Coordenador', 'ACADEMIA SAUDE'),
	(22, 1, 3, 0, 0, 'MICHELE', '', 'A', '', 'MICHELE', '123456', 1, 'Renato Leandro', '2019-11-01 09:06:04', '0', NULL, 'N', 'Coordenador', 'ATENÇÃO BASICA'),
	(23, 1, 3, 0, 0, 'LUCIANA', '', 'A', '', 'LUCIANA', '123456', 1, 'Renato Leandro', '2019-11-01 09:06:42', '0', NULL, 'N', 'Coordenador', 'CEM'),
	(24, 1, 3, 0, 0, 'MILAINE', '', 'A', '', 'MILAINE', '123456', 1, 'Renato Leandro', '2019-11-01 09:07:09', '0', NULL, 'N', 'Coordenador', 'PLANEJAMENTO FAMILHAR'),
	(25, 1, 3, 0, 0, 'MURILO', '', 'A', '', 'MURILO', '123456', 1, 'Renato Leandro', '2019-11-01 09:07:26', '0', NULL, 'N', 'Coordenador', 'SAMU'),
	(26, 1, 3, 0, 0, 'PAULÃO ', '', 'A', '', 'PAULÃO ', '123456', 1, 'Renato Leandro', '2019-11-01 09:07:45', '0', NULL, 'N', 'Coordenador', 'CPD'),
	(27, 1, 3, 0, 0, 'ROSANA', '', 'A', '', 'ROSANA', '123456', 1, 'Renato Leandro', '2019-11-01 09:08:07', '0', NULL, 'N', 'Coordenador', 'CAPS AD'),
	(28, 1, 3, -1, 0, 'ELVIS', '', 'A', '', 'ELVIS', '123456', 1, 'Renato Leandro', '2019-11-01 09:37:42', '0', NULL, 'N', 'Coordenador', 'OBRAS'),
	(29, 1, 3, 30, 0, 'Administrador', 'adm', 'a', '1', 'Administra', '123', 1, 'Renato Leandro', '2020-02-19 09:36:58', '0', NULL, 'N', 'Coordenador', '0');
/*!40000 ALTER TABLE `usuarios` ENABLE KEYS */;

-- Copiando estrutura para trigger sms.Tgr_entrada_item_Insert
DROP TRIGGER IF EXISTS `Tgr_entrada_item_Insert`;
SET @OLDTMP_SQL_MODE=@@SQL_MODE, SQL_MODE='NO_AUTO_VALUE_ON_ZERO';
DELIMITER //
CREATE TRIGGER `Tgr_entrada_item_Insert` AFTER INSERT ON `entrada_item` FOR EACH ROW BEGIN
UPDATE estoque SET ENTRADA = ENTRADA + New.QUANTIDADE,
QTATUAL = QTATUAL + New.QUANTIDADE
WHERE CODPRODUTO = New.CODPRODUTO
and ANO = New.ANO
AND MES = New.MES; 
END//
DELIMITER ;
SET SQL_MODE=@OLDTMP_SQL_MODE;

/*!40101 SET SQL_MODE=IFNULL(@OLD_SQL_MODE, '') */;
/*!40014 SET FOREIGN_KEY_CHECKS=IF(@OLD_FOREIGN_KEY_CHECKS IS NULL, 1, @OLD_FOREIGN_KEY_CHECKS) */;
/*!40101 SET CHARACTER_SET_CLIENT=@OLD_CHARACTER_SET_CLIENT */;
